bed.block.order,bed.order,AB.CD.order,column.order,status,block,bed,row,col,pop.id,mf,dame_mf,sire_mf,rep,Unique.ID,Notes
187,7,3,1,buffer,,C,1,A,buffer,,,,,buffer,
188,8,3,1,buffer,,C,1,B,buffer,,,,,buffer,
189,9,3,1,buffer,,C,2,A,buffer,,,,,buffer,
190,10,3,1,buffer,,C,2,B,buffer,,,,,buffer,
191,11,3,1,buffer,,C,3,A,buffer,,,,,buffer,
192,12,3,1,buffer,,C,3,B,buffer,,,,,buffer,
7,13,3,1,available,A,C,4,A,(WV x WL2) x (WL2 x BH),2_2,2,2,7,2566,
8,14,3,1,available,A,C,4,B,(SQ3 x WL2) x (WL2),12_16-A,12,16-A,23,2595,
9,15,3,1,available,A,C,5,A,TM2,,,,87,2642,
,,,,buffer,A,C,5,B,buffer,,,,,buffer,
10,17,3,1,available,A,C,6,A,(WL2 x BH) x (WL2 x CC),1_2,1,2,1,2509,
11,18,3,1,available,A,C,6,B,(WL2 x WV) x (CC x WL2),1_1,1,1,4,2549,
12,19,3,1,available,A,C,7,A,(WL2 x TM2) x (CC x TM2),2-3_2-3,3-Feb,3-Feb,8,2452,
13,20,3,1,available,A,C,7,B,(SQ3 x WL2) x (WL2),3_13-B,3,13-B,4,2095,
14,21,3,1,available,A,C,8,A,(WL2 x TM2) x (WL2 x BH),1_2,1,2,2,2291,
15,22,3,1,available,A,C,8,B,(WL2 x TM2) x (TM2),2_1-3,2,3-Jan,14,2252,
194,23,3,1,out-of-bounds,,C,9,A,NA,,,,,NA,
16,24,3,1,available,A,C,9,B,TM2,8,8,,63,2634,
17,25,3,1,available,A,C,10,A,(WV x WL2) x (WL2 x CC),3_1,3,1,8,2466,
18,26,3,1,available,A,C,10,B,(WL2 x WV) x (CC x WL2),1_1,1,1,7,2302,
19,27,3,1,available,A,C,11,A,(WV x TM2) x (TM2 x WL2),2_1,2,1,7,2338,
20,28,3,1,available,A,C,11,B,(WV x TM2) x (TM2 x WL2),2_1,2,1,1,2605,dead at planting
21,29,3,1,available,A,C,12,A,(WL2) x (WL2 x TM2),3-14_2,14-Mar,2,11,2326,
22,30,3,1,available,A,C,12,B,WL1,13,13,,17,1819,
23,31,3,1,available,A,C,13,A,(WL2 x BH) x (WL2 x CC),1_2,1,2,7,2520,
24,32,3,1,available,A,C,13,B,(DPR x TM2) x (TM2 x WL2),3_2,3,2,5,2591,
25,33,3,1,available,A,C,14,A,(TM2 x WL2) x (TM2),3_2-13,3,13-Feb,22,2150,
26,34,3,1,available,A,C,14,B,WL2,10,10,,92,1915,
27,35,3,1,available,A,C,15,A,(WV x WL2) x (WL2 x CC),3_1,3,1,11,2472,
28,36,3,1,available,A,C,15,B,LV1 x WL2,14_8,14,8,4,1981,
29,37,3,1,available,A,C,16,A,WL2 x LV1,2-A_14-A,2-A,14-A,5,2023,
30,38,3,1,available,A,C,16,B,WL2,9,9,,85,1908,
31,39,3,1,available,A,C,17,A,TM2,12,12,,83,1787,
32,40,3,1,available,A,C,17,B,(WL2 x TM2) x (TM2),2_1-3,2,3-Jan,36,2274,
33,41,3,1,available,A,C,18,A,(LV1 x WL2) x (WL2),6_16-A,6,16-A,4,2090,
34,42,3,1,available,A,C,18,B,WL2,6,6,,60,1883,added at randomization
35,43,3,1,available,A,C,19,A,(CC x WL2) x (WL2),4_13-B,4,13-B,3,2063,moved here due to rock
65,44,3,1,available,B,C,19,B,(WL2 x TM2) x (CC x TM2),2-3_2-3,3-Feb,3-Feb,6,2236,
66,45,3,1,available,B,C,20,A,(DPR x TM2) x (TM2 x WL2),3_2,3,2,5,2592,
69,50,3,1,available,B,C,20,B,(WL2 x BH) x (WL2 x CC),2_3,2,3,22,2213,
67,47,3,1,available,B,C,21,A,(WV x WL2) x (WV),20_7-3,20,3-Jul,3,2370,
195,46,3,1,2024-survivor,,C,21,B,(DPR x WL2) x (YO11 x WL2),,,,4,698,
68,49,3,1,available,B,C,22,A,TM2,9,9,,70,2638,
,,,,buffer,B,C,22,B,buffer,,,,,buffer,
70,51,3,1,available,B,C,23,A,WL2 x DPR,,,,2,2489,
72,56,3,1,available,B,C,23,B,(WV x WL2) x (WL2 x BH),2_2,2,2,6,2564,
,,,,buffer,B,C,24,A,buffer,,,,,buffer,
197,52,3,1,2024-survivor,,C,24,B,WL2,,,,23,118,
71,55,3,1,available,B,C,25,A,(TM2) x (TM2 x WL2),2-1_2,1-Feb,2,3,2505,
199,54,3,1,2024-survivor,,C,25,B,(DPR x WL2) x (WV x WL2),,,,3,1459,
73,57,3,1,available,B,C,26,A,(TM2 x WL2) x (TM2),3_2-13,3,13-Feb,27,2602,
74,58,3,1,available,B,C,26,B,(WL2 x TM2) x (TM2),2_1-3,2,3-Jan,46,2284,
75,59,3,1,available,B,C,27,A,(WL2) x (WL2 x TM2),3-14_2,14-Mar,2,8,2323,
,,,,buffer,B,C,27,B,buffer,,,,,buffer,
76,61,3,1,available,B,C,28,A,DPR x WL2,,,,2,2478,
77,62,3,1,available,B,C,28,B,(WV x TM2) x (WL2 x TM2),3_1,3,1,1,2557,
78,63,3,1,available,B,C,29,A,TM2,11,11,,76,1780,
79,66,3,1,available,B,C,29,B,(WL2 x TM2) x (WL2 x BH),1_2,1,2,1,2454,
204,71,3,1,out-of-bounds,,C,30,A,NA,,,,,NA,
201,64,3,1,2024-survivor,,C,30,B,(WL1 x WL2) x (BH x WL2),,,,10,341,
202,65,3,1,2024-survivor,,C,31,A,LV1 x TM2,,,,4,1228,
80,68,3,1,available,B,C,31,B,(LV1 x WL2) x (WL2),6_16-A,6,16-A,3,2442,
203,67,3,1,2024-survivor,,C,32,A,(YO11 x WL2) x (WL2),,,,13,939,
82,70,3,1,available,B,C,32,B,SQ3,7,7,,17,1700,
81,69,3,1,available,B,C,33,A,(WL2 x BH) x (WL2 x CC),1_2,1,2,10,2523,
205,72,3,1,2024-survivor,,C,33,B,WL2,,,,88,183,
83,73,3,1,available,B,C,34,A,TM2,5,5,,41,1745,
84,74,3,1,available,B,C,34,B,(WV x WL2) x (WL2 x CC),3_1,3,1,8,2467,
85,75,3,1,available,B,C,35,A,SQ3,5,5,,3,2396,
86,76,3,1,available,B,C,35,B,WL1 x WL2,2-2_10-1,2-Feb,1-Oct,4,2427,
87,77,3,1,available,B,C,36,A,WL2,,,,82,1905,added at randomization
88,78,3,1,buffer,B,C,36,B,buffer,,,,,buffer,
118,79,3,1,available,C,C,37,A,(YO11 x WL2) x (WL2),4_13-B,4,13-B,2,2381,
206,80,3,1,2024-survivor,,C,37,B,TM2 x WL2,,,,13,1289,
119,81,3,1,available,C,C,38,A,WL1 x WL2,2-2_10-1,2-Feb,1-Oct,4,2009,
120,82,3,1,available,C,C,38,B,(WL2 x CC) x (YO11 x WL2),2_3,2,3,1,2230,
121,83,3,1,available,C,C,39,A,WL2 x CC,,,,1,2487,
122,84,3,1,available,C,C,39,B,WL2,5,5,,43,1866,
123,85,3,1,available,C,C,40,A,(CC x WL2) x (WL2),4_13-B,4,13-B,9,2069,
124,86,3,1,available,C,C,40,B,DPR,20,20,,17,2621,
125,87,3,1,available,C,C,41,A,YO11 x WL2,,,,1,2493,
126,88,3,1,available,C,C,41,B,(WV x WL2) x (WV),20_7-3,20,3-Jul,3,2574,
127,89,3,1,available,C,C,42,A,TM2,6,6,,43,1747,
207,90,3,1,buffer,C,C,42,B,buffer,,,,,buffer,
208,91,3,1,2024-survivor,,C,43,A,(LV1 x WL2) x (WL2),,,,10,73,
128,92,3,1,available,C,C,43,B,(WL2 x BH) x (WL2 x CC),1_2,1,2,9,2522,
129,93,3,1,available,C,C,44,A,(WV x TM2) x (WL2 x TM2),3_1,3,1,2,2558,
130,94,3,1,available,C,C,44,B,(TM2) x (TM2 x WL2),2-1_2,1-Feb,2,1,2169,
131,95,3,1,available,C,C,45,A,(TM2 x WL2) x (WL1 x TM2),2_1,2,1,2,2165,
132,96,3,1,available,C,C,45,B,(WL2) x (WL2 x TM2),3-14_2,14-Mar,2,13,2328,
133,97,3,1,available,C,C,46,A,WL1,18,18,,9,2408,
134,98,3,1,available,C,C,46,B,TM2 x WL2,,,,15,2392,
135,99,3,1,available,C,C,47,A,(TM2 x WL2) x (TM2),3_2-13,3,13-Feb,26,2154,
136,100,3,1,available,C,C,47,B,WV,12,12,,12,1933,
137,101,3,1,available,C,C,48,A,WL2,7,7,,70,1893,
138,102,3,1,available,C,C,48,B,BH x WL2,1-3_8-10,3-Jan,10-Aug,4,2411,
209,103,3,1,buffer,C,C,49,A,buffer,,,,,buffer,
139,104,3,1,available,C,C,49,B,(WL2 x WV) x (CC x WL2),1_1,1,1,5,2551,
140,105,3,1,available,C,C,50,A,BH,1,1,,21,1620,
210,106,3,1,2024-survivor,,C,50,B,BH,,,,18,404,
141,107,3,1,available,C,C,51,A,(WV) x (WV x WL2),3_22,3,22,2,2579,
142,108,3,1,available,C,C,51,B,(WV x WL2) x (WL2 x CC),3_1,3,1,9,2361,
211,109,3,1,buffer,C,C,52,A,buffer,,,,,buffer,
212,110,3,1,buffer,C,C,52,B,buffer,,,,,buffer,
143,111,3,1,available,C,C,53,A,SQ3 x WL2,6-C_8-A,6-C,8-A,2,1990,
144,112,3,1,available,C,C,53,B,(WL2 x TM2) x (TM2),2_1-3,2,3-Jan,48,2286,
145,113,3,1,available,C,C,54,A,TM2,,,,91,1795,added at randomization
146,114,3,1,buffer,C,C,54,B,buffer,,,,,buffer,
172,115,3,1,available,D,C,55,A,WL2 x DPR,,,,2,2488,
173,116,3,1,available,D,C,55,B,WL2 x LV1,8-1_14-1,1-Aug,14-1,2,2020,
174,117,3,1,available,D,C,56,A,WV,11,11,,15,1936,
175,118,3,1,available,D,C,56,B,(TM2) x (TM2 x WL2),2-1_2,1-Feb,2,5,2173,
176,119,3,1,available,D,C,57,A,(WV x TM2) x (TM2 x WL2),2_1,2,1,3,2608,
177,120,3,1,available,D,C,57,B,SQ3,12,12,,11,2398,
213,121,3,1,2024-survivor,,C,58,A,BH,,,,9,395,
178,122,3,1,available,D,C,58,B,WL2,10,10,,93,1916,
214,123,3,1,buffer,,C,59,A,buffer,,,,,buffer,
215,124,3,1,buffer,,C,59,B,buffer,,,,,buffer,
216,125,3,1,buffer,,C,60,A,buffer,,,,,buffer,
217,126,3,1,buffer,,C,60,B,buffer,,,,,buffer,
218,127,4,2,buffer,,C,1,C,buffer,,,,,buffer,
219,128,4,2,buffer,,C,1,D,buffer,,,,,buffer,
220,129,4,2,buffer,,C,2,C,buffer,,,,,buffer,
221,130,4,2,buffer,,C,2,D,buffer,,,,,buffer,
222,131,4,2,buffer,,C,3,C,buffer,,,,,buffer,
223,132,4,2,buffer,,C,3,D,buffer,,,,,buffer,
36,133,4,2,available,A,C,4,C,(TM2 x WL2) x (TM2 x BH),14_13,14,13,2,2127,
224,134,4,2,out-of-bounds,,C,4,D,NA,,,,,NA,
37,135,4,2,available,A,C,5,C,(WL2 x CC) x (WL2 x BH),1_1,1,1,2,2228,
38,136,4,2,out-of-bounds,A,C,5,D,NA,,,,,NA,rock here
39,137,4,2,available,A,C,6,C,DPR x WL2,,,,1,2476,
40,138,4,2,available,A,C,6,D,(WL2) x (WL2 x BH),3-14_1,14-Mar,1,6,2314,
41,139,4,2,available,A,C,7,C,WL2 x YO11,8-1_14-10,1-Aug,14-10,5,2051,
42,140,4,2,available,A,C,7,D,SQ3 x WL2,6-C_8-A,6-C,8-A,3,2419,
43,141,4,2,available,A,C,8,C,WL2,1,1,,3,1826,
44,142,4,2,available,A,C,8,D,SQ3,7,7,,16,1699,
45,143,4,2,available,A,C,9,C,(WL2 x BH) x (WL2 x CC),1_2,1,2,9,2200,
46,144,4,2,out-of-bounds,A,C,9,D,NA,,,,,NA,rock here
47,145,4,2,available,A,C,10,C,WL1 x WL2,2-3_2-2,3-Feb,2-Feb,1,2006,
48,146,4,2,out-of-bounds,A,C,10,D,NA,,,,,NA,rock here
49,147,4,2,available,A,C,11,C,(WV x WL2) x (WL2 x BH),2_2,2,2,5,2563,
50,148,4,2,available,A,C,11,D,(TM2) x (TM2 x WL2),2-1_2,1-Feb,2,2,2170,moved here due to rock
51,149,4,2,available,A,C,12,C,CC,1,1,,1,1621,
52,150,4,2,available,A,C,12,D,(WL2 x TM2) x (TM2),2_1-3,2,3-Jan,20,2258,
53,151,4,2,available,A,C,13,C,DPR,20,20,,15,2619,
54,152,4,2,available,A,C,13,D,WL2 x WV,,,,2,2041,
55,153,4,2,available,A,C,14,C,YO11,4,4,,8,1950,dead at planting
56,154,4,2,available,A,C,14,D,WL2,5,5,,50,1873,
57,155,4,2,available,A,C,15,C,TM2,4,4,,34,1738,
58,156,4,2,available,A,C,15,D,(WL2 x WV) x (CC x WL2),1_1,1,1,9,2555,
59,157,4,2,available,A,C,16,C,(WV x WL2) x (WL2 x CC),3_1,3,1,7,2359,
60,158,4,2,available,A,C,16,D,(SQ3 x WL2) x (WL2),5_13-B,5,13-B,24,2115,
61,159,4,2,available,A,C,17,C,BH,2,2,,9,1608,
62,160,4,2,available,A,C,17,D,(WL2 x BH) x (WL2 x TM2),2_3,2,3,4,2217,
63,161,4,2,available,A,C,18,C,WL1,8,8,,1,2402,moved here due to rock
64,162,4,2,available,A,C,18,D,WV,12,12,,10,1931,moved here due to rock
89,163,4,2,available,B,C,19,C,WL2,4,4,,38,1861,
90,164,4,2,available,B,C,19,D,(YO11 x WL2) x (WL2),4_13-B,4,13-B,12,2391,
91,165,4,2,available,B,C,20,C,(WV x WL2) x (WL2 x CC),3_1,3,1,8,2360,
92,166,4,2,available,B,C,20,D,(WL2 x TM2) x (TM2),2_1-3,2,3-Jan,16,2254,
93,167,4,2,available,B,C,21,C,(WL2 x WV) x (CC x WL2),1_1,1,1,8,2303,
94,168,4,2,available,B,C,21,D,(WL2 x WV) x (CC x WL2),1_1,1,1,5,2550,
95,169,4,2,available,B,C,22,C,(SQ3 x WL2) x (WL2),12_16-A,12,16-A,12,2499,
97,172,4,2,available,B,C,22,D,(WV x TM2) x (TM2 x WL2),2_1,2,1,2,2606,
96,171,4,2,available,B,C,23,C,WL1,8,8,,5,2405,
225,170,4,2,2024-survivor,,C,23,D,(DPR) x (WL2 x DPR),,,,11,737,
98,173,4,2,available,B,C,24,C,(CC x WL2) x (WL2),4_13-B,4,13-B,10,2070,
99,174,4,2,available,B,C,24,D,WL2,9,9,,88,1911,
100,175,4,2,available,B,C,25,C,WL1,13,13,,18,1820,
101,176,4,2,available,B,C,25,D,WL2,1,1,,5,1828,
226,177,4,2,out-of-bounds,,C,26,C,NA,,,,,NA,
227,178,4,2,out-of-bounds,,C,26,D,NA,,,,,NA,
228,179,4,2,out-of-bounds,,C,27,C,NA,,,,,NA,
229,180,4,2,out-of-bounds,,C,27,D,NA,,,,,NA,
102,181,4,2,available,B,C,28,C,WV,12,12,,11,1932,
230,182,4,2,buffer,,C,28,D,buffer,,,,,buffer,
231,183,4,2,2024-survivor,,C,29,C,(DPR) x (DPR x WL2),,,,1,711,
103,184,4,2,available,B,C,29,D,(WL2 x TM2) x (TM2),2_1-3,2,3-Jan,31,2269,
104,185,4,2,available,B,C,30,C,DPR,20,20,,16,2620,
105,186,4,2,available,B,C,30,D,(WL2 x TM2) x (TM2),2_1-3,2,3-Jan,50,2646,
106,187,4,2,available,B,C,31,C,SQ3 x WL2,6-C_8-A,6-C,8-A,1,2420,
107,188,4,2,available,B,C,31,D,(SQ3 x WL2) x (WL2),3_13-B,3,13-B,5,2096,
108,189,4,2,available,B,C,32,C,(WV) x (WV x WL2),3_22,3,22,4,2580,
109,190,4,2,available,B,C,32,D,WL2 x LV1,2-A_14-A,2-A,14-A,5,2430,
110,191,4,2,available,B,C,33,C,(WV x TM2) x (TM2 x WL2),1_1,1,1,8,2339,
111,192,4,2,available,B,C,33,D,BH x WL2,1-3_8-10,3-Jan,10-Aug,4,2410,
112,193,4,2,available,B,C,34,C,(WV x WL2) x (WL2 x CC),3_1,3,1,10,2471,
113,194,4,2,available,B,C,34,D,(WL2 x BH) x (WL2 x CC),1_2,1,2,10,2201,
114,195,4,2,available,B,C,35,C,(WL2 x BH) x (WL2 x TM2),2_3,2,3,5,2218,
115,196,4,2,available,B,C,35,D,(TM2 x WL2) x (TM2),3_2-13,3,13-Feb,25,2153,
116,197,4,2,buffer,B,C,36,C,buffer,,,,,buffer,
117,198,4,2,buffer,B,C,36,D,buffer,,,,,buffer,
147,199,4,2,available,C,C,37,C,(WL2 x TM2) x (TM2),2_1-3,2,3-Jan,22,2260,
232,200,4,2,2024-survivor,,C,37,D,(DPR) x (DPR x WL2),,,,4,714,
148,201,4,2,available,C,C,38,C,LV1 x WL2,14_8,14,8,5,1982,
233,202,4,2,2024-survivor,,C,38,D,TM2,,,,69,539,
149,203,4,2,available,C,C,39,C,(WL2 x BH) x (WL2 x TM2),2_3,2,3,7,2220,
150,204,4,2,available,C,C,39,D,WL1,13,13,,19,1821,
151,205,4,2,available,C,C,40,C,TM2 x WL2,2_2,2,2,1,1992,
152,206,4,2,available,C,C,40,D,(WL2 x BH) x (WL2 x CC),1_2,1,2,13,2204,
153,207,4,2,available,C,C,41,C,(WV x TM2) x (TM2 x WL2),2_1,2,1,3,2607,
154,208,4,2,available,C,C,41,D,(WL2 x WV) x (CC x WL2),1_1,1,1,8,2554,
155,209,4,2,available,C,C,42,C,(SQ3 x WL2) x (WL2),3_13-B,3,13-B,6,2446,
156,210,4,2,available,C,C,42,D,WL2 x WV,,,,4,2043,
234,211,4,2,2024-survivor,,C,43,C,(WL1 x WL2) x (WL2 x TM2),,,,11,1156,
235,212,4,2,2024-survivor,,C,43,D,(TM2 x BH) x (TM2 x WL2),,,,15,1048,
236,213,4,2,2024-survivor,,C,44,C,LV1 x WL2,,,,2,1252,
237,214,4,2,2024-survivor,,C,44,D,(TM2 x WL2) x (TM2 x WL2),,,,4,1085,
238,215,4,2,out-of-bounds,,C,45,C,NA,,,,,NA,
239,216,4,2,2024-survivor,,C,45,D,BH,,,,8,394,
240,217,4,2,out-of-bounds,,C,46,C,NA,,,,,NA,
157,218,4,2,available,C,C,46,D,TM2,8,8,,62,1766,
158,219,4,2,available,C,C,47,C,(WL2 x TM2) x (TM2),2_1-3,2,3-Jan,17,2255,
241,220,4,2,2024-survivor,,C,47,D,(WV) x (WV x WL2),,,,13,1399,
242,221,4,2,2024-survivor,,C,48,C,(SQ3 x WL2) x (WL2),,,,10,89,
159,222,4,2,available,C,C,48,D,WL2,10,10,,96,1919,
160,223,4,2,available,C,C,49,C,(WL2 x TM2) x (TM2),2_1-3,2,3-Jan,45,2643,
161,224,4,2,available,C,C,49,D,DPR x WL2,,,,3,2480,
162,225,4,2,available,C,C,50,C,TM2,,,,90,1794,
163,226,4,2,available,C,C,50,D,(SQ3 x WL2) x (WL2),3_13-B,3,13-B,6,2097,
164,227,4,2,available,C,C,51,C,SQ3,12,12,,11,2397,
165,228,4,2,available,C,C,51,D,WL2,1,1,,8,1831,
166,229,4,2,available,C,C,52,C,(WL2 x BH) x (WL2 x CC),1_2,1,2,5,2516,
167,230,4,2,available,C,C,52,D,SQ3,7,7,,18,1701,dead pre-planting
168,231,4,2,available,C,C,53,C,(WL2) x (WL2 x BH),3-14_1,14-Mar,1,3,2311,
169,232,4,2,available,C,C,53,D,TM2,11,11,,76,2640,
170,233,4,2,buffer,C,C,54,C,buffer,,,,,buffer,
171,234,4,2,buffer,C,C,54,D,buffer,,,,,buffer,
179,235,4,2,available,D,C,55,C,WL1 x WL2,2-3_2-2,3-Feb,2-Feb,3,2423,
180,236,4,2,available,D,C,55,D,(WL2 x BH) x (WL2 x CC),1_2,1,2,7,2519,
181,237,4,2,available,D,C,56,C,(WL2 x TM2) x (CC x TM2),2-3_2-3,3-Feb,3-Feb,6,2450,
182,238,4,2,available,D,C,56,D,(WV x TM2) x (WL2 x TM2),3_1,3,1,2,2559,
183,239,4,2,available,D,C,57,C,TM2,,,,94,1798,
184,240,4,2,available,D,C,57,D,WL2,2,2,,12,1835,
185,241,4,2,available,D,C,58,C,WL2 x TM2,,,,4,2031,
186,242,4,2,available,D,C,58,D,(WL2) x (WL2 x BH),3-14_1,14-Mar,1,3,2457,
243,243,4,2,buffer,,C,59,C,buffer,,,,,buffer,
244,244,4,2,buffer,,C,59,D,buffer,,,,,buffer,
245,245,4,2,buffer,,C,60,C,buffer,,,,,buffer,
246,246,4,2,buffer,,C,60,D,buffer,,,,,buffer,
422,247,5,1,buffer,,D,1,A,buffer,,,,,buffer,
423,248,5,1,buffer,,D,1,B,buffer,,,,,buffer,
424,249,5,1,buffer,,D,2,A,buffer,,,,,buffer,
425,250,5,1,buffer,,D,2,B,buffer,,,,,buffer,
426,251,5,1,buffer,,D,3,A,buffer,,,,,buffer,
427,252,5,1,buffer,,D,3,B,buffer,,,,,buffer,
247,253,5,1,available,D,D,4,A,TM2 x WL2,2_2,2,2,2,1993,
248,254,5,1,available,D,D,4,B,SQ3,7,7,,21,1704,
249,255,5,1,available,D,D,5,A,LV1 x WL2,14_8,14,8,4,2483,
428,256,5,1,available,,D,5,B,(WL2 x TM2) x (TM2),2_1-3,2,3-Jan,1,2239,moved here due to rock
429,257,5,1,out-of-bounds,,D,6,A,NA,,,,,NA,
250,258,5,1,out-of-bounds,D,D,6,B,NA,,,,,NA,
430,259,5,1,out-of-bounds,,D,7,A,NA,,,,,NA,
431,260,5,1,out-of-bounds,,D,7,B,NA,,,,,NA,
251,261,5,1,available,D,D,8,A,(CC x WL2) x (WL2),4_2A,4,2A,15,2075,
432,262,5,1,out-of-bounds,,D,8,B,NA,,,,,NA,
252,263,5,1,available,D,D,9,A,(TM2 x WL2) x (TM2),3_2-13,3,13-Feb,27,2155,
253,264,5,1,available,D,D,9,B,(WL2) x (WL2 x TM2),3-14_2,14-Mar,2,5,2320,
254,265,5,1,available,D,D,10,A,(WL2 x TM2) x (TM2),2_1-3,2,3-Jan,40,2278,
433,266,5,1,2024-survivor,,D,10,B,DPR,,,,8,436,
255,267,5,1,available,D,D,11,A,(WV x WL2) x (WL2 x CC),3_1,3,1,10,2362,
256,268,5,1,available,D,D,11,B,WL1,13,13,,20,1822,
434,269,5,1,out-of-bounds,,D,12,A,NA,,,,,NA,
435,272,5,1,2024-survivor,,D,12,B,WL1,,,,21,304,
258,271,5,1,available,D,D,13,A,(WV x WL2) x (WL2 x CC),3_1,3,1,10,2470,
257,270,5,1,available,D,D,13,B,(WL2 x BH) x (WL2 x CC),2_3,2,3,18,2209,
259,273,5,1,available,D,D,14,A,SQ3 x WL2,6-C_8-A,6-C,8-A,2,2417,
260,274,5,1,available,D,D,14,B,(WL2 x BH) x (WL2 x CC),1_2,1,2,14,2205,
261,275,5,1,available,D,D,15,A,TM2,,,,86,1790,added at randomization
436,278,5,1,2024-survivor,,D,15,B,(WL2 x DPR) x (WL2),,,,10,1107,
280,277,5,1,available,E,D,16,A,TM2 x WL2,2_2,2,2,4,1995,
282,280,5,1,available,E,D,16,B,YO11,5,5,,19,1961,
281,279,5,1,available,E,D,17,A,(WL2 x TM2) x (TM2),2_1-3,2,3-Jan,2,2240,
437,282,5,1,2024-survivor,,D,17,B,BH,,,,17,403,
283,281,5,1,available,E,D,18,A,(WL2 x BH) x (WL2 x CC),1_2,1,2,8,2521,
284,284,5,1,available,E,D,18,B,(WV x TM2) x (TM2 x WL2),2_1,2,1,5,2610,
438,283,5,1,available,,D,19,A,WL2,2,2,,12,2393,moved here due to 141 survival
286,286,5,1,2024-survivor,E,D,19,B,WL2,,,,46,141,
285,285,5,1,available,E,D,20,A,(WL2 x BH) x (WL2 x CC),2_3,2,3,20,2532,
262,276,5,1,buffer,D,D,20,B,buffer,,,,,buffer,
287,287,5,1,available,E,D,21,A,(WV x WL2) x (WL2 x CC),3_1,3,1,11,2363,
288,288,5,1,available,E,D,21,B,(WV x TM2) x (TM2 x WL2),2_1,2,1,4,2609,
289,289,5,1,available,E,D,22,A,(WL2 x BH) x (WL2 x CC),1_2,1,2,15,2206,
290,290,5,1,available,E,D,22,B,(DPR x TM2) x (TM2 x WL2),3_2,3,2,6,2593,
291,291,5,1,available,E,D,23,A,WL2,8,8,,71,1894,
292,292,5,1,available,E,D,23,B,BH x WL2,19-A_8-A,19-A,8-A,5,2413,
293,293,5,1,available,E,D,24,A,(TM2 x WL2) x (TM2),3_1-3,3,3-Jan,1,2597,
294,294,5,1,available,E,D,24,B,(CC x WL2) x (WL2),4_2A,4,2A,15,2440,
295,295,5,1,available,E,D,25,A,(TM2) x (TM2 x WL2),2-1_2,1-Feb,2,2,2504,
296,296,5,1,available,E,D,25,B,(WL2 x BH) x (WL2 x TM2),2_3,2,3,9,2222,
297,297,5,1,available,E,D,26,A,(WV x WL2) x (WV),20_7-3,20,3-Jul,5,2577,
298,298,5,1,available,E,D,26,B,WL1,8,8,,1,1803,
299,299,5,1,available,E,D,27,A,WV,11,11,,18,1939,
300,300,5,1,available,E,D,27,B,(LV1 x WL2) x (WL2),6_16-A,6,16-A,4,2444,
301,301,5,1,available,E,D,28,A,WL2,5,5,,41,1864,
302,302,5,1,available,E,D,28,B,WL1,8,8,,2,2403,
303,303,5,1,available,E,D,29,A,(WL2) x (WL2 x BH),3-14_1,14-Mar,1,4,2312,
304,304,5,1,available,E,D,29,B,WV,11,11,,21,1942,added at randomization
439,307,5,1,2024-survivor,,D,30,A,WL2,,,,8,103,
334,306,5,1,available,F,D,30,B,TM2,7,7,,56,1760,
305,305,5,1,available,E,D,31,A,BH x WL2,1-3_8-10,3-Jan,10-Aug,4,1967,moved here due to rock
335,308,5,1,available,F,D,31,B,(WV x WL2) x (WL2 x BH),2_2,2,2,10,2569,
336,309,5,1,available,F,D,32,A,BH x WL2,19-A_8-A,19-A,8-A,5,1968,
337,310,5,1,available,F,D,32,B,TM2,8,8,,61,2633,
440,313,5,1,2024-survivor,,D,33,A,TM2 x WL2,,,,4,1280,
441,314,5,1,2024-survivor,,D,33,B,(WL2 x BH) x (WL2 x TM2),,,,11,246,
338,311,5,1,available,F,D,34,A,WL1,8,8,,7,2406,
339,312,5,1,available,F,D,34,B,(WL2 x BH) x (WL2 x TM2),2_1,2,1,11,2224,
442,315,5,1,buffer,,D,35,A,buffer,,,,,buffer,
444,318,5,1,2024-survivor,,D,35,B,WL2,,,,95,190,
341,319,5,1,available,F,D,36,A,(TM2 x WL2) x (TM2),3_1-3,3,3-Jan,2,2130,
340,316,5,1,available,F,D,36,B,(TM2) x (TM2 x WL2),2-1_2,1-Feb,2,5,2507,
343,321,5,1,available,F,D,37,A,LV1,22,22,,13,1675,dead at planting
342,320,5,1,available,F,D,37,B,(WV x WL2) x (WL2 x CC),3_1,3,1,12,2364,dead pre-planting
345,323,5,1,available,F,D,38,A,TM2,9,9,,70,1774,
344,322,5,1,available,F,D,38,B,SQ3 x WL2,6-C_8-A,6-C,8-A,3,2418,
347,325,5,1,available,F,D,39,A,(WL2 x BH) x (WL2 x CC),1_2,1,2,5,2515,
346,324,5,1,available,F,D,39,B,WL2,2,2,,15,1838,
349,327,5,1,available,F,D,40,A,(WL2 x TM2) x (TM2),2_1-3,2,3-Jan,23,2261,
348,326,5,1,available,F,D,40,B,BH x WL2,19-A_8-A,19-A,8-A,5,2414,
351,329,5,1,available,F,D,41,A,(WL2 x TM2) x (WL2 x BH),1_2,1,2,2,2455,
350,328,5,1,available,F,D,41,B,WV,11,11,,19,1940,
353,331,5,1,available,F,D,42,A,(WL2) x (WL2 x TM2),3-14_2,14-Mar,2,9,2324,
352,330,5,1,available,F,D,42,B,LV1 x WL2,14_8,14,8,8,1985,
445,333,5,1,2024-survivor,,D,43,A,(WL2) x (DPR x WL2),,,,1,895,
354,332,5,1,available,F,D,43,B,WL1,8,8,,2,1804,
356,335,5,1,available,F,D,44,A,(WL2 x BH) x (WL2 x CC),1_2,1,2,16,2207,
355,334,5,1,available,F,D,44,B,(SQ3 x WL2) x (WL2),5_13-B,5,13-B,30,2596,
358,337,5,1,available,F,D,45,A,(WL2 x TM2) x (TM2),2_1-3,2,3-Jan,3,2241,
446,338,5,1,2024-survivor,,D,45,B,BH,,,,12,398,
359,339,5,1,available,F,D,46,A,(YO11 x WL2) x (WL2),4_13-B,4,13-B,2,2583,
357,336,5,1,available,F,D,46,B,(WL2 x TM2) x (CC x TM2),2-3_2-3,3-Feb,3-Feb,8,2238,
361,341,5,1,buffer,F,D,47,A,buffer,,,,,buffer,
447,342,5,1,2024-survivor,,D,47,B,WV x WL2,,,,1,1403,
389,343,5,1,available,G,D,48,A,WL2 x DPR,,,,3,2490,
360,340,5,1,available,F,D,48,B,SQ3,7,7,,19,1702,added at randomization
391,345,5,1,available,G,D,49,A,(WL2 x BH) x (WL2 x CC),1_2,1,2,13,2525,
390,344,5,1,available,G,D,49,B,TM2,1,1,,3,1707,
448,347,5,1,buffer,,D,50,A,buffer,,,,,buffer,
392,346,5,1,available,G,D,50,B,WV,12,12,,12,2625,
449,349,5,1,buffer,,D,51,A,buffer,,,,,buffer,
393,348,5,1,available,G,D,51,B,LV1 x WL2,14_8,14,8,11,1988,
450,351,5,1,2024-survivor,,D,52,A,TM2,,,,52,522,
394,350,5,1,available,G,D,52,B,(WL2) x (WL2 x TM2),3-14_2,14-Mar,2,13,2463,
396,353,5,1,available,G,D,53,A,WL2,2,2,,16,2395,
395,352,5,1,available,G,D,53,B,(WL2 x BH) x (WL2 x CC),2_3,2,3,21,2212,
398,355,5,1,available,G,D,54,A,WL2,6,6,,53,1876,
397,354,5,1,available,G,D,54,B,WL2,3,3,,26,1849,
400,357,5,1,available,G,D,55,A,(WV x WL2) x (WL2 x CC),3_1,3,1,15,2573,
399,356,5,1,available,G,D,55,B,WL1 x WL2,2-2_10-1,2-Feb,1-Oct,6,2425,
402,359,5,1,available,G,D,56,A,(WL2 x CC) x (WL2 x BH),1_1,1,1,3,2544,
401,358,5,1,available,G,D,56,B,YO11 x WL2,,,,1,2492,
451,361,5,1,buffer,,D,57,A,buffer,,,,,buffer,
452,362,5,1,2024-survivor,,D,57,B,(WV x WL2) x (WL2 x DPR),,,,3,1327,
453,363,5,1,buffer,,D,58,A,buffer,,,,,buffer,
403,360,5,1,available,G,D,58,B,(TM2 x WL2) x (TM2),3_1-3,3,3-Jan,3,2131,
455,365,6,2,buffer,,D,1,C,buffer,,,,,buffer,
456,366,6,2,buffer,,D,1,D,buffer,,,,,buffer,
457,367,6,2,buffer,,D,2,C,buffer,,,,,buffer,
458,368,6,2,buffer,,D,2,D,buffer,,,,,buffer,
459,369,6,2,buffer,,D,3,C,buffer,,,,,buffer,
460,370,6,2,buffer,,D,3,D,buffer,,,,,buffer,
263,371,6,2,available,D,D,4,C,WL2,8,8,,78,1901,
264,372,6,2,available,D,D,4,D,(WL2 x BH) x (WL2 x TM2),2_3,2,3,8,2221,
265,373,6,2,available,D,D,5,C,(WL2 x TM2) x (WL2 x BH),1_2,1,2,3,2292,
266,374,6,2,available,D,D,5,D,(SQ3 x WL2) x (WL2),5_13-B,5,13-B,30,2121,
461,375,6,2,out-of-bounds,,D,6,C,NA,,,,,NA,
462,376,6,2,out-of-bounds,,D,6,D,NA,,,,,NA,
267,377,6,2,available,D,D,7,C,TM2,6,6,,47,1751,
463,378,6,2,out-of-bounds,,D,7,D,NA,,,,,NA,
268,379,6,2,available,D,D,8,C,(WL2 x BH) x (WL2 x TM2),2_3,2,3,2,2538,
269,380,6,2,available,D,D,8,D,WL2,4,4,,33,1856,
270,381,6,2,available,D,D,9,C,DPR,20,20,,18,2622,
271,382,6,2,available,D,D,9,D,TM2,9,9,,64,1768,
272,383,6,2,available,D,D,10,C,BH x WL2,1-3_8-10,3-Jan,10-Aug,4,2412,
464,384,6,2,buffer,,D,10,D,buffer,,,,,buffer,
273,385,6,2,available,D,D,11,C,BH,1,1,,15,1614,
465,386,6,2,buffer,,D,11,D,buffer,,,,,buffer,
276,389,6,2,available,D,D,12,C,(WL2 x TM2) x (TM2),2_1-3,2,3-Jan,19,2257,
275,388,6,2,available,D,D,12,D,(WV) x (WV x WL2),3_22,3,22,1,2578,
274,387,6,2,2024-survivor,D,D,13,C,WL2,,,,49,144,
277,390,6,2,available,D,D,13,D,(WV x WL2) x (WV),20_7-3,20,3-Jul,4,2576,
278,391,6,2,available,D,D,14,C,DPR x WL2,,,,3,1976,moved here due to 144 survival
279,392,6,2,buffer,D,D,14,D,buffer,,,,,buffer,
306,393,6,2,available,E,D,15,C,(WV) x (WV x WL2),3_22,3,22,2,2376,
307,394,6,2,available,E,D,15,D,LV1,11,11,,5,1667,
308,395,6,2,available,E,D,16,C,(WV x WL2) x (WL2 x BH),2_2,2,2,1,2343,
309,396,6,2,available,E,D,16,D,(WL2 x BH) x (WL2 x TM2),2_3,2,3,4,2539,
310,397,6,2,available,E,D,17,C,(WL2 x TM2) x (TM2),2_1-3,2,3-Jan,46,2644,
311,398,6,2,available,E,D,17,D,TM2,,,,87,1791,
312,399,6,2,available,E,D,18,C,(WL2 x BH) x (WL2 x CC),1_2,1,2,2,2510,
313,400,6,2,available,E,D,18,D,YO11 x WL2,,,,1,2054,
314,401,6,2,available,E,D,19,C,TM2,8,8,,63,1767,
315,402,6,2,available,E,D,19,D,DPR,11,11,,3,1644,
,,,,buffer,,D,20,C,buffer,,,,,buffer,
317,404,6,2,available,E,D,20,D,SQ3,7,7,,16,2399,
,,,,buffer,,D,21,C,buffer,,,,,buffer,
318,406,6,2,available,E,D,21,D,DPR x WL2,,,,4,1977,
,,,,2024-survivor,,D,22,C,YO11,,,,11,53,check row positions from this plant down
319,407,6,2,buffer,E,D,22,D,buffer,,,,,buffer,
,,,,buffer,E,D,23,C,buffer,,,,,buffer,
467,408,6,2,2024-survivor,,D,23,D,(SQ3 x WL2) x (DPR x WL2),,,,13,815,
320,409,6,2,available,E,D,24,C,(WL2 x TM2) x (TM2),2_1-3,2,3-Jan,27,2265,
321,410,6,2,available,E,D,24,D,(WL2) x (WL2 x TM2),3-14_2,14-Mar,2,6,2461,
322,411,6,2,available,E,D,25,C,WL2 x YO11,2-A_11-2,2-A,2-Nov,1,2047,
323,412,6,2,available,E,D,25,D,DPR,20,20,,18,2623,
324,413,6,2,available,E,D,26,C,TM2,6,6,,49,1753,
325,414,6,2,available,E,D,26,D,BH,3,3,,1,1600,
326,415,6,2,available,E,D,27,C,WL2,2,2,,14,1837,
327,416,6,2,available,E,D,27,D,(WL2 x TM2) x (TM2),2_1-3,2,3-Jan,45,2283,
328,417,6,2,available,E,D,28,C,(SQ3 x WL2) x (WL2),12_16-A,12,16-A,13,2501,
329,418,6,2,available,E,D,28,D,(TM2 x WL2) x (TM2),3_1-3,3,3-Jan,1,2129,
330,419,6,2,available,E,D,29,C,BH x WL2,1-3_8-1,3-Jan,1-Aug,8,1971,
331,420,6,2,available,E,D,29,D,CC,1,1,,1,2617,
332,421,6,2,available,E,D,30,C,WL2,2,2,,11,1834,added at randomization
333,422,6,2,available,E,D,30,D,(WL2 x TM2) x (CC x TM2),2-3_2-3,3-Feb,3-Feb,6,2451,moved due to rock
363,425,6,2,available,F,D,31,C,(WL2 x BH) x (WL2 x TM2),2_3,2,3,7,2540,
362,424,6,2,available,F,D,31,D,(WL2 x TM2) x (TM2),2_1-3,2,3-Jan,50,2647,
365,427,6,2,available,F,D,32,C,WL2 x LV1,2-A_14-A,2-A,14-A,7,2431,
364,426,6,2,available,F,D,32,D,(WL2 x BH) x (WL2 x CC),1_2,1,2,14,2526,
367,429,6,2,available,F,D,33,C,WL1 x WL2,2-3_2-2,3-Feb,2-Feb,2,2422,
366,428,6,2,available,F,D,33,D,(TM2 x WL2) x (TM2),3_2-13,3,13-Feb,16,2601,
369,431,6,2,available,F,D,34,C,DPR,11,11,,7,1648,
368,430,6,2,available,F,D,34,D,(WV x WL2) x (WL2 x BH),2_2,2,2,3,2345,
469,435,6,2,2024-survivor,,D,35,C,WV x TM2,,,,12,204,
370,432,6,2,available,F,D,35,D,DPR x WL2,,,,3,2479,
,,,,out-of-bounds,,D,36,C,NA,,,,,NA,
372,434,6,2,available,F,D,36,D,(WV x WL2) x (WL2 x CC),3_1,3,1,9,2468,
371,433,6,2,available,F,D,37,C,WL2 x YO11,8-1_11-1,1-Aug,1-Nov,4,2050,
373,436,6,2,available,F,D,37,D,WL2,6,6,,59,1882,dead pre-planting
375,439,6,2,available,F,D,38,C,TM2 x WL2,,,,6,1997,
374,438,6,2,available,F,D,38,D,YO11 x WL2,,,,2,2055,
377,441,6,2,available,F,D,39,C,WL2,4,4,,39,1862,
471,444,6,2,2024-survivor,,D,39,D,(CC x TM2) x (WL2 x TM2),,,,2,1430,
379,443,6,2,available,F,D,40,C,(WV x TM2) x (WL2 x TM2),3_1,3,1,1,2340,
472,446,6,2,2024-survivor,,D,40,D,WV x WL2,,,,2,1404,
380,445,6,2,available,F,D,41,C,WL2,9,9,,90,1913,
376,440,6,2,available,F,D,41,D,TM2 x WL2,2_2,2,2,2,2484,
473,449,6,2,2024-survivor,,D,42,C,TM2,,,,21,491,
474,450,6,2,2024-survivor,,D,42,D,(LV1 x WL2) x (WL2),,,,13,76,
475,451,6,2,2024-survivor,,D,43,C,(TM2 x WL2) x (WL2),,,,7,363,
378,442,6,2,available,F,D,43,D,WL2 x WV,,,,7,2046,
476,453,6,2,2024-survivor,,D,44,C,(TM2 x WL2) x (YO11 x WL2),,,,13,385,
382,448,6,2,available,F,D,44,D,(WL2 x BH) x (WL2 x CC),2_3,2,3,18,2531,
381,447,6,2,available,F,D,45,C,DPR,19,19,,21,2624,
383,452,6,2,available,F,D,45,D,(WL2 x CC) x (WL2 x BH),1_1,1,1,2,2543,
385,455,6,2,available,F,D,46,C,(WL2 x TM2) x (TM2),2_1-3,2,3-Jan,39,2277,
384,454,6,2,available,F,D,46,D,BH x WL2,1-3_8-1,3-Jan,1-Aug,9,1972,
387,457,6,2,available,F,D,47,C,LV1,22,22,,20,1682,added at randomization
386,456,6,2,available,F,D,47,D,(CC x WL2) x (WL2),4_13-B,4,13-B,5,2065,
404,459,6,2,available,G,D,48,C,BH,1,1,,16,1615,
405,460,6,2,available,G,D,48,D,(WV x WL2) x (WV),20_7-3,20,3-Jul,2,2369,
406,461,6,2,available,G,D,49,C,(WL2 x BH) x (WL2 x CC),1_2,1,2,1,2192,
407,462,6,2,available,G,D,49,D,(YO11 x WL2) x (WL2),4_13-B,4,13-B,8,2387,
408,463,6,2,available,G,D,50,C,(SQ3 x WL2) x (WL2),12_16-A,12,16-A,12,2103,
409,464,6,2,available,G,D,50,D,(WL2 x BH) x (WL2 x TM2),2_1,2,1,12,2542,
410,465,6,2,available,G,D,51,C,(SQ3 x WL2) x (WL2),3_13-B,3,13-B,3,2445,
411,466,6,2,available,G,D,51,D,WL2,2,2,,16,1839,
412,467,6,2,available,G,D,52,C,(WL2 x TM2) x (TM2),2_1-3,2,3-Jan,4,2242,
413,468,6,2,available,G,D,52,D,WL1,8,8,,4,1806,
414,469,6,2,available,G,D,53,C,WL2 x LV1,8-1_14-1,1-Aug,14-1,2,2429,
415,470,6,2,available,G,D,53,D,(WV x WL2) x (WL2 x BH),2_2,2,2,4,2346,
416,471,6,2,available,G,D,54,C,(WV x WL2) x (WL2 x BH),2_2,2,2,8,2567,
477,474,6,2,2024-survivor,,D,54,D,(YO11 x WL2) x (WL2),,,,10,936,
418,473,6,2,available,G,D,55,C,(WL2 x TM2) x (CC x TM2),2-3_2-3,3-Feb,3-Feb,5,2235,
417,472,6,2,available,G,D,55,D,TM2,,,,92,1796,
419,475,6,2,available,G,D,56,C,(TM2 x WL2) x (WL2 x DPR),15_18,15,18,1,2166,
421,478,6,2,available,G,D,56,D,TM2 x WL2,,,,7,2485,
420,477,6,2,available,G,D,57,C,BH x WL2,1-3_8-1,3-Jan,1-Aug,7,1970,
478,476,6,2,buffer,,D,57,D,buffer,,,,,buffer,
479,479,6,2,buffer,,D,58,C,buffer,,,,,buffer,
480,480,6,2,buffer,,D,58,D,buffer,,,,,buffer,
481,481,6,2,buffer,,D,59,C,buffer,,,,,buffer,
482,482,6,2,buffer,,D,59,D,buffer,,,,,buffer,
611,483,7,1,buffer,,E,1,B,buffer,,,,,buffer,really only 2 buffers at the start of this bed
612,484,7,1,buffer,,E,2,A,buffer,,,,,buffer,really only 2 buffers at the start of this bed
613,485,7,1,buffer,,E,2,B,buffer,,,,,buffer,
614,486,7,1,buffer,,E,3,A,buffer,,,,,buffer,
615,487,7,1,buffer,,E,3,B,buffer,,,,,buffer,
483,488,7,1,available,G,E,4,A,(WL2 x BH) x (WL2 x TM2),2_1,2,1,12,2225,
484,489,7,1,available,G,E,4,B,TM2 x WL2,,,,7,1998,
485,490,7,1,available,G,E,5,A,DPR x WL2,,,,1,2475,
486,491,7,1,available,G,E,5,B,TM2,12,12,,83,2641,
616,492,7,1,out-of-bounds,,E,6,A,NA,,,,,NA,
487,493,7,1,available,G,E,6,B,(CC x WL2) x (WL2),2_13-B,2,13-B,1,2061,
488,494,7,1,available,G,E,7,A,(WL2 x TM2) x (TM2),2_1-3,2,3-Jan,28,2266,
489,495,7,1,available,G,E,7,B,(WL2 x BH) x (WL2 x CC),2_3,2,3,21,2534,
490,496,7,1,available,G,E,8,A,(WL2 x TM2) x (TM2),2_1-3,2,3-Jan,44,2282,
491,497,7,1,available,G,E,8,B,WL2 x TM2,8_5,8,5,1,2028,added at randomization
492,498,7,1,buffer,G,E,9,A,buffer,,,,,buffer,
617,499,7,1,available,,E,9,B,(TM2 x WL2) x (TM2),3_1-3,3,3-Jan,4,2132,moved here due to rock
618,500,7,1,2024-survivor,,E,10,A,BH,,,,13,399,
502,501,7,1,available,H,E,10,B,(WV x WL2) x (WV),20_7-3,20,3-Jul,7,2374,
503,502,7,1,available,H,E,11,A,(LV1 x WL2) x (WL2),6_16-A,6,16-A,2,2088,
504,503,7,1,available,H,E,11,B,(WL2 x BH) x (WL2 x CC),1_2,1,2,6,2518,
505,504,7,1,available,H,E,12,A,(DPR x TM2) x (TM2 x WL2),3_2,3,2,2,2079,
506,505,7,1,out-of-bounds,H,E,12,B,NA,,,,,NA,rock here
507,506,7,1,available,H,E,13,A,TM2 x WL2,,,,9,2486,
619,507,7,1,out-of-bounds,,E,13,B,NA,,,,,NA,
508,508,7,1,available,H,E,14,A,(WL2 x BH) x (WL2 x CC),2_3,2,3,20,2211,
509,509,7,1,available,H,E,14,B,WL2 x LV1,2-A_14-A,2-A,14-A,7,2025,
510,510,7,1,available,H,E,15,A,WL2 x DPR,,,,5,2018,
511,511,7,1,available,H,E,15,B,WL2,8,8,,73,1896,
512,512,7,1,available,H,E,16,A,WL2,4,4,,34,1857,
513,513,7,1,available,H,E,16,B,(WL2 x TM2) x (TM2),2_1-3,2,3-Jan,6,2244,
514,514,7,1,available,H,E,17,A,WL1,8,8,,5,1807,
515,515,7,1,available,H,E,17,B,WL2,2,2,,17,1840,
516,516,7,1,available,H,E,18,A,TM2 x WL2,,,,9,2000,
620,517,7,1,2024-survivor,,E,18,B,(TM2 x WL2) x (WL2),,,,16,372,
517,518,7,1,available,H,E,19,A,BH,3,3,,6,1605,
518,519,7,1,available,H,E,19,B,DPR x WL2,,,,2,1975,
519,520,7,1,available,H,E,20,A,SQ3,5,5,,1,1684,dead pre-planting
520,521,7,1,available,H,E,20,B,(WV x WL2) x (WL2 x CC),3_1,3,1,15,2367,
521,522,7,1,available,H,E,21,A,(SQ3 x WL2) x (WL2),12_16-A,12,16-A,13,2104,
522,523,7,1,available,H,E,21,B,(CC x WL2) x (WL2),4_13-B,4,13-B,7,2437,
523,524,7,1,available,H,E,22,A,WL2 x DPR,,,,1,2014,added at randomization
524,525,7,1,buffer,H,E,22,B,buffer,,,,,buffer,
621,526,7,1,buffer,,E,23,A,buffer,,,,,buffer,
548,527,7,1,available,I,E,23,B,(WL2 x BH) x (WL2 x CC),1_2,1,2,13,2524,
549,528,7,1,available,I,E,24,A,(YO11 x WL2) x (WL2),4_13-B,4,13-B,12,2584,
550,529,7,1,available,I,E,24,B,SQ3,7,7,,21,2400,moved here due to hole
551,530,7,1,available,I,E,25,A,(WV x TM2) x (TM2 x WL2),2_1,2,1,1,2332,
552,531,7,1,available,I,E,25,B,WL1,8,8,,6,1808,
553,532,7,1,available,I,E,26,A,TM2,1,1,,9,1713,
554,533,7,1,out-of-bounds,I,E,26,B,NA,,,,,NA,hole here
622,534,7,1,2024-survivor,,E,27,A,(SQ3 x WL2) x (WL2),,,,16,95,
555,535,7,1,available,I,E,27,B,WL2,2,2,,18,1841,
556,536,7,1,available,I,E,28,A,TM2 x WL2,,,,8,1999,replaced 2001 with 1999
557,537,7,1,available,I,E,28,B,(WL2 x TM2) x (CC x TM2),2-3_2-3,3-Feb,3-Feb,8,2453,
558,538,7,1,available,I,E,29,A,(SQ3 x WL2) x (WL2),12_16-A,12,16-A,15,2106,
559,539,7,1,available,I,E,29,B,(WV) x (WV x WL2),3_22,3,22,1,2375,
623,540,7,1,out-of-bounds,,E,30,A,NA,,,,,NA,
624,541,7,1,out-of-bounds,,E,30,B,NA,,,,,NA,
560,542,7,1,available,I,E,41,A,BH,3,3,,2,1601,
561,543,7,1,available,I,E,41,B,(WL2 x BH) x (WL2 x CC),1_2,1,2,3,2194,
562,544,7,1,available,I,E,42,A,WV,11,11,,18,2627,
563,545,7,1,available,I,E,42,B,WL2 x YO11,2-A_11-2,2-A,2-Nov,3,2434,
625,546,7,1,2024-survivor,,E,43,A,(TM2 x WL2) x (WL2),,,,13,369,
564,547,7,1,available,I,E,43,B,SQ3,5,5,,3,1686,
565,548,7,1,out-of-bounds,I,E,44,A,NA,,,,,NA,hole here
626,549,7,1,available,,E,44,B,(WL2 x TM2) x (TM2),2_1-3,2,3-Jan,35,2273,moved here due to hole
566,550,7,1,available,I,E,45,A,(WL2 x BH) x (WL2 x CC),,,,17,2208,
567,551,7,1,available,I,E,45,B,WL2,8,8,,79,1902,
568,552,7,1,available,I,E,46,A,(WL2 x WV) x (CC x WL2),1_1,1,1,9,2304,added at randomization
569,553,7,1,available,I,E,46,B,TM2 x WL2,,,,15,2613,moved here due to hole
593,554,7,1,out-of-bounds,J,E,47,A,NA,,,,,NA,hole here
594,555,7,1,available,J,E,47,B,(DPR x TM2) x (TM2 x WL2),3_2,3,2,2,2586,
595,556,7,1,available,J,E,48,A,(TM2 x WL2) x (WL1 x TM2),2_1,2,1,1,2164,
596,557,7,1,available,J,E,48,B,DPR x WL2,,,,1,1974,
627,558,7,1,buffer,,E,49,A,buffer,,,,,buffer,
597,559,7,1,available,J,E,49,B,(TM2) x (TM2 x WL2),2-1_2,1-Feb,2,2,2503,
598,560,7,1,available,J,E,50,A,(WL2) x (WL2 x BH),3-14_1,14-Mar,1,3,2458,
628,561,7,1,2024-survivor,,E,50,B,(WL2 x CC) x (WL2 x TM2),,,,16,1193,
629,562,7,1,2024-survivor,,E,51,A,(WL1 x WL2) x (BH x WL2),,,,3,334,
599,563,7,1,available,J,E,51,B,TM2,,,,96,1800,
630,564,7,1,buffer,,E,52,A,buffer,,,,,buffer,
631,565,7,1,buffer,,E,52,B,buffer,,,,,buffer,
632,566,7,1,buffer,,E,53,A,buffer,,,,,buffer,
633,567,7,1,buffer,,E,53,B,buffer,,,,,buffer,
634,568,8,2,buffer,,E,1,C,buffer,,,,,buffer,really only 2 buffers at the start of this bed
635,569,8,2,buffer,,E,1,D,buffer,,,,,buffer,really only 2 buffers at the start of this bed
636,570,8,2,buffer,,E,2,C,buffer,,,,,buffer,
637,571,8,2,buffer,,E,2,D,buffer,,,,,buffer,
638,572,8,2,buffer,,E,3,C,buffer,,,,,buffer,
639,573,8,2,buffer,,E,3,D,buffer,,,,,buffer,
493,574,8,2,available,G,E,4,C,TM2,,,,85,1789,
494,575,8,2,available,G,E,4,D,BH x WL2,1-3_8-1,3-Jan,1-Aug,7,2415,
495,576,8,2,out-of-bounds,G,E,5,C,NA,,,,,NA,rock here
496,577,8,2,available,G,E,5,D,WL2 x YO11,2-A_11-2,2-A,2-Nov,1,2432,
497,578,8,2,available,G,E,6,C,DPR,20,20,,15,1656,
501,583,8,2,out-of-bounds,G,E,6,D,NA,,,,,NA,unplantable
499,580,8,2,available,G,E,7,C,(WV) x (WV x WL2),3_22,3,22,3,2582,
640,581,8,2,2024-survivor,,E,7,D,WV x WL2,,,,4,1406,
500,582,8,2,available,G,E,8,C,(WL2 x BH) x (WL2 x TM2),2_3,2,3,9,2541,moved here due to rock
498,579,8,2,available,G,E,8,D,(WV x WL2) x (WL2 x CC),3_1,3,1,14,2366,moved here due to unplantable spot
525,584,8,2,available,H,E,9,C,(WV x TM2) x (TM2 x WL2),2_1,2,1,6,2636,stem broken pre-planting
526,585,8,2,available,H,E,9,D,(WV x WL2) x (WL2 x BH),2_2,2,2,5,2347,
527,586,8,2,available,H,E,10,C,TM2,1,1,,7,1711,
528,587,8,2,available,H,E,10,D,TM2,2,2,,11,2630,
529,588,8,2,available,H,E,11,C,(WL2 x TM2) x (TM2),2_1-3,2,3-Jan,30,2268,
530,589,8,2,available,H,E,11,D,(WL2 x WV) x (CC x WL2),1_1,1,1,6,2552,
531,590,8,2,out-of-bounds,H,E,12,C,NA,,,,,NA,rock here
532,591,8,2,available,H,E,12,D,WL1 x WL2,2-3_2-2,3-Feb,2-Feb,2,2007,
533,592,8,2,out-of-bounds,H,E,13,C,NA,,,,,NA,rock here
641,593,8,2,2024-survivor,,E,13,D,(TM2 x WL2) x (DPR x WL2),,,,2,1490,
534,594,8,2,available,H,E,14,C,(WL2 x BH) x (WL2 x CC),1_2,1,2,2,2193,
535,595,8,2,available,H,E,14,D,WL2,2,2,,15,2394,
536,596,8,2,available,H,E,15,C,YO11,5,5,,17,2498,
642,597,8,2,out-of-bounds,,E,15,D,NA,,,,,NA,
537,598,8,2,available,H,E,16,C,(WL2 x TM2) x (TM2),2_1-3,2,3-Jan,34,2272,
643,599,8,2,out-of-bounds,,E,16,D,NA,,,,,NA,
538,600,8,2,available,H,E,17,C,DPR,20,20,,16,1657,
539,601,8,2,available,H,E,17,D,(TM2) x (TM2 x WL2),5-2_14,2-May,14,6,2174,
540,602,8,2,available,H,E,18,C,(CC x WL2) x (WL2 x TM2),2_1,2,1,1,2057,
541,603,8,2,available,H,E,18,D,(SQ3 x WL2) x (WL2),5_13-B,5,13-B,31,2122,
542,604,8,2,available,H,E,19,C,WL2 x WV,,,,1,2040,
644,605,8,2,buffer,,E,19,D,buffer,,,,,buffer,
543,606,8,2,available,H,E,20,C,(WL2 x BH) x (CC x WL2),2_2,2,2,3,2190,
544,607,8,2,available,H,E,20,D,WV,11,11,,15,2626,
545,608,8,2,available,H,E,21,C,TM2,11,11,,77,1781,
547,610,8,2,available,H,E,22,C,WL2 x WL1,10-1_2-1,1-Oct,1-Feb,2,2036,moved here due to rock
546,609,8,2,available,H,E,21,D,BH x WL2,1-3_8-1,3-Jan,1-Aug,7,2416,moved here due to rock
570,611,8,2,available,I,E,22,D,WL2 x LV1,8-1_14-1,1-Aug,14-1,1,2428,
571,612,8,2,available,I,E,23,C,WL1,18,18,,12,2409,
572,613,8,2,available,I,E,23,D,(WL2) x (WL2 x TM2),3-14_2,14-Mar,2,10,2325,
573,614,8,2,available,I,E,24,C,(DPR x TM2) x (TM2 x WL2),3_2,3,2,2,2585,
574,615,8,2,available,I,E,24,D,(SQ3 x WL2) x (WL2),12_16-A,12,16-A,18,2502,
575,616,8,2,available,I,E,25,C,(DPR x TM2) x (TM2 x WL2),3_2,3,2,3,2080,
576,617,8,2,available,I,E,25,D,(CC x WL2) x (WL2),4_13-B,4,13-B,7,2067,
577,618,8,2,available,I,E,26,C,CC,1,1,,3,1623,
578,619,8,2,available,I,E,26,D,(LV1 x WL2) x (YO11 x WL2),8_25,8,25,1,2091,
579,620,8,2,available,I,E,27,C,DPR,20,20,,17,1658,
645,621,8,2,2024-survivor,,E,27,D,(LV1 x WL2) x (WL2),,,,16,79,
580,622,8,2,available,I,E,28,C,TM2,9,9,,67,2637,
581,623,8,2,available,I,E,28,D,WL2,5,5,,47,1870,
582,624,8,2,available,I,E,29,C,(WV x WL2) x (WL2 x BH),2_2,2,2,6,2348,
646,625,8,2,buffer,,E,29,D,buffer,,,,,buffer,
647,626,8,2,out-of-bounds,,E,30,C,NA,,,,,NA,
648,627,8,2,buffer,,E,30,D,buffer,,,,,buffer,
583,628,8,2,available,I,E,41,C,DPR x WL2,,,,2,2477,
584,629,8,2,available,I,E,41,D,(WL2 x TM2) x (TM2),2_1-3,2,3-Jan,21,2259,
585,630,8,2,available,I,E,42,C,BH x WL2,1-3_8-1,3-Jan,1-Aug,9,2473,
586,631,8,2,available,I,E,42,D,(WL2 x TM2) x (TM2),2_1-3,2,3-Jan,7,2245,
587,632,8,2,available,I,E,43,C,WL2,10,10,,92,2648,
588,633,8,2,available,I,E,43,D,(TM2 x WL2) x (TM2),3_1-3,3,3-Jan,6,2134,
589,634,8,2,available,I,E,44,C,WL1 x WL2,2-2_10-1,2-Feb,1-Oct,4,2426,
590,635,8,2,available,I,E,44,D,TM2,8,8,,59,1763,
591,636,8,2,buffer,I,E,45,C,buffer,,,,,buffer,
592,637,8,2,buffer,I,E,45,D,buffer,,,,,buffer,
600,638,8,2,available,J,E,46,C,(WL2 x WV) x (CC x WL2),1_1,1,1,2,2297,
601,639,8,2,available,J,E,46,D,WV,11,11,,19,2628,
602,640,8,2,available,J,E,47,C,(DPR x TM2) x (TM2 x WL2),3_2,3,2,7,2594,
603,641,8,2,available,J,E,47,D,WL1 x WL2,2-2_10-1,2-Feb,1-Oct,6,2011,
604,642,8,2,available,J,E,48,C,(DPR x TM2) x (TM2 x WL2),3_2,3,2,4,2081,
605,643,8,2,available,J,E,48,D,(WV x WL2) x (WL2 x BH),2_2,2,2,9,2568,
649,644,8,2,2024-survivor,,E,49,C,(TM2 x WL2) x (YO11 x WL2),,,,8,380,
606,645,8,2,available,J,E,49,D,(TM2 x WL2) x (TM2),3_2-13,3,13-Feb,11,2600,
607,646,8,2,available,J,E,50,C,WL1,8,8,,7,1809,
608,647,8,2,available,J,E,50,D,(WL2) x (TM2 x WL2),16_14,16,14,2,2308,
609,648,8,2,available,J,E,51,C,TM2,2,2,,11,1715,
610,649,8,2,available,J,E,51,D,(YO11 x WL2) x (WL2),4_13-B,4,13-B,6,2385,
650,650,8,2,buffer,,E,52,C,buffer,,,,,buffer,
651,651,8,2,buffer,,E,52,D,buffer,,,,,buffer,
652,652,8,2,buffer,,E,53,C,buffer,,,,,buffer,
653,653,8,2,buffer,,E,53,D,buffer,,,,,buffer,
761,654,9,1,buffer,,F,1,A,buffer,,,,,buffer,
762,655,9,1,buffer,,F,1,B,buffer,,,,,buffer,
763,656,9,1,buffer,,F,2,A,buffer,,,,,buffer,
764,657,9,1,buffer,,F,2,B,buffer,,,,,buffer,
765,658,9,1,buffer,,F,3,A,buffer,,,,,buffer,
766,659,9,1,buffer,,F,3,B,buffer,,,,,buffer,
654,660,9,1,available,J,F,4,A,WL2,2,2,,19,1842,
655,661,9,1,available,J,F,4,B,(WL2 x BH) x (WL2 x CC),1_2,1,2,16,2528,
656,662,9,1,available,J,F,5,A,TM2,12,12,,79,1783,
767,663,9,1,out-of-bounds,,F,5,B,NA,,,,,NA,
657,664,9,1,available,J,F,6,A,(WV x TM2) x (TM2 x WL2),2_1,2,1,2,2333,
658,665,9,1,available,J,F,6,B,(WV) x (WV x WL2),3_22,3,22,3,2377,
659,666,9,1,available,J,F,7,A,WL2,4,4,,36,1859,
768,667,9,1,buffer,,F,7,B,buffer,,,,,buffer,
660,668,9,1,available,J,F,8,A,WL2 x YO11,2-A_11-2,2-A,2-Nov,2,2048,
661,669,9,1,available,J,F,8,B,WL2 x DPR,,,,2,2015,
662,670,9,1,available,J,F,9,A,(WL2 x TM2) x (CC x TM2),2-3_2-3,3-Feb,3-Feb,5,2449,
663,671,9,1,available,J,F,9,B,WL2,7,7,,69,1892,
664,672,9,1,available,J,F,10,A,BH,1,1,,15,2616,
665,673,9,1,available,J,F,10,B,DPR,20,20,,18,1659,
666,674,9,1,available,J,F,11,A,(WL2 x TM2) x (TM2),2_1-3,2,3-Jan,50,2288,
667,675,9,1,available,J,F,11,B,(WL2 x BH) x (WL2 x CC),2_3,2,3,20,2533,
668,676,9,1,available,J,F,12,A,YO11 x WL2,,,,1,2494,
669,677,9,1,available,J,F,12,B,(TM2 x WL2) x (TM2),3_2-13,3,13-Feb,8,2136,
670,678,9,1,available,J,F,13,A,(SQ3 x WL2) x (WL2),12_16-A,12,16-A,18,2109,moved here due to hole 
671,679,9,1,buffer,J,F,13,B,buffer,,,,,buffer,
688,680,9,1,available,K,F,14,A,DPR,19,19,,21,1662,
689,681,9,1,available,K,F,14,B,WL2 x YO11,2-A_11-2,2-A,2-Nov,2,2433,
690,682,9,1,available,K,F,15,A,TM2,4,4,,28,2631,
691,683,9,1,available,K,F,15,B,(WV x TM2) x (TM2 x WL2),2_1,2,1,7,2611,
769,684,9,1,2024-survivor,,F,16,A,(DPR x WL2) x (WV x WL2),,,,7,1463,
692,685,9,1,available,K,F,16,B,(WL2 x BH) x (WL2 x CC),1_2,1,2,5,2196,
693,686,9,1,available,K,F,17,A,(WL2 x TM2) x (TM2),2_1-3,2,3-Jan,51,2289,
694,687,9,1,available,K,F,17,B,WL2,9,9,,89,1912,
695,688,9,1,available,K,F,18,A,WL2 x WL1,10-1_2-1,1-Oct,1-Feb,1,2035,
696,689,9,1,available,K,F,18,B,(WL2) x (WL2 x BH),3-14_1,14-Mar,1,4,2459,
697,690,9,1,available,K,F,19,A,SQ3 x WL2,6-C_8-A,6-C,8-A,1,1989,
698,691,9,1,available,K,F,19,B,(WV x TM2) x (WL2 x TM2),3_1,3,1,2,2341,
770,692,9,1,buffer,,F,20,A,buffer,,,,,buffer,
699,693,9,1,available,K,F,20,B,(WL2 x BH) x (CC x WL2),2_2,2,2,3,2603,
700,694,9,1,available,K,F,21,A,(SQ3 x WL2) x (WL2),12_16-A,12,16-A,19,2110,
771,695,9,1,available,,F,21,B,(WV x WL2) x (WL2 x BH),2_2,2,2,8,2350,moved here due to unplantable spot
772,696,9,1,buffer,,F,22,A,buffer,,,,,buffer,
701,697,9,1,available,K,F,22,B,WL1 x WL2,2-2_10-1,2-Feb,1-Oct,5,2010,
702,698,9,1,available,K,F,23,A,BH,3,3,,3,1602,
703,699,9,1,available,K,F,23,B,(WL2) x (WL2 x TM2),3-14_2,14-Mar,2,10,2462,
704,700,9,1,available,K,F,24,A,(WL2 x TM2) x (TM2),2_1-3,2,3-Jan,9,2247,
705,701,9,1,available,K,F,24,B,WL2 x SQ3,,,,2,2027,
773,702,9,1,buffer,,F,25,A,buffer,,,,,buffer,
706,703,9,1,available,K,F,25,B,(WL2 x BH) x (WL2 x CC),2_3,2,3,18,2530,
707,704,9,1,available,K,F,26,A,WL1,18,18,,9,1811,
708,705,9,1,available,K,F,26,B,SQ3,12,12,,9,1692,
709,706,9,1,available,K,F,27,A,(WL2 x BH) x (WL2 x CC),1_2,1,2,4,2514,
710,707,9,1,available,K,F,27,B,(WV) x (WV x WL2),3_22,3,22,4,2581,
711,708,9,1,available,K,F,28,A,TM2,3,3,,20,1724,
712,709,9,1,available,K,F,28,B,(WV x WL2) x (WL2 x CC),3_1,3,1,14,2571,
774,710,9,1,out-of-bounds,,F,29,A,NA,,,,,NA,
775,711,9,1,out-of-bounds,,F,29,B,NA,,,,,NA,
776,712,9,1,2024-survivor,,F,39,A,(SQ3 x WL2) x (LV1 x WL2),,,,13,861,
713,713,9,1,buffer,K,F,39,B,buffer,,,,,buffer,
714,714,9,1,buffer,K,F,40,A,buffer,,,,,buffer,
777,715,9,1,out-of-bounds,,F,40,B,NA,,,,,NA,
742,716,9,1,available,L,F,41,A,WL2,6,6,,57,1880,
778,717,9,1,buffer,,F,41,B,buffer,,,,,buffer,
743,718,9,1,available,L,F,42,A,TM2,9,9,,69,1773,
744,719,9,1,available,L,F,42,B,WV,18,18,,3,1924,
745,720,9,1,available,L,F,43,A,YO11,5,5,,17,1959,
746,721,9,1,available,L,F,43,B,(WL2 x TM2) x (TM2),2_1-3,2,3-Jan,47,2285,
747,722,9,1,available,L,F,44,A,(WL2 x BH) x (WL2 x TM2),2_3,2,3,1,2214,
748,723,9,1,available,L,F,44,B,(WV x WL2) x (WL2 x CC),3_1,3,1,11,2570,
749,724,9,1,available,L,F,45,A,WL2,5,5,,48,1871,
750,725,9,1,available,L,F,45,B,(WL2 x TM2) x (WL2 x BH),1_2,1,2,1,2290,
779,726,9,1,buffer,,F,46,A,buffer,,,,,buffer,
780,727,9,1,buffer,,F,46,B,buffer,,,,,buffer,
781,728,9,1,buffer,,F,47,A,buffer,,,,,buffer,
782,729,9,1,buffer,,F,47,B,buffer,,,,,buffer,
783,730,10,2,buffer,,F,1,C,buffer,,,,,buffer,
784,731,10,2,buffer,,F,1,D,buffer,,,,,buffer,
785,732,10,2,buffer,,F,2,C,buffer,,,,,buffer,
786,733,10,2,buffer,,F,2,D,buffer,,,,,buffer,
787,734,10,2,buffer,,F,3,C,buffer,,,,,buffer,
788,735,10,2,buffer,,F,3,D,buffer,,,,,buffer,
672,736,10,2,available,J,F,4,C,(WV x WL2) x (WL2 x BH),2_2,2,2,7,2349,
673,737,10,2,available,J,F,4,D,LV1 x WL2,14_8,14,8,2,2482,
674,738,10,2,available,J,F,5,C,SQ3,5,5,,5,1688,
675,739,10,2,available,J,F,5,D,(LV1 x WL2) x (YO11 x WL2),8_25,8,25,1,2497,
789,740,10,2,out-of-bounds,,F,6,C,NA,,,,,NA,
790,741,10,2,2024-survivor,,F,6,D,TM2,,,,95,565,
676,742,10,2,available,J,F,7,C,TM2 x WL2,,,,11,2002,
677,743,10,2,available,J,F,7,D,(SQ3 x WL2) x (WL2),5_13-B,5,13-B,26,2117,
791,744,10,2,buffer,,F,8,C,buffer,,,,,buffer,
678,745,10,2,available,J,F,8,D,(WL2 x TM2) x (TM2),2_1-3,2,3-Jan,29,2267,
679,746,10,2,available,J,F,9,C,(LV1 x WL2) x (WL2),6_16-A,6,16-A,1,2087,
680,747,10,2,available,J,F,9,D,(WL2 x BH) x (WL2 x CC),1_2,1,2,4,2195,
681,748,10,2,available,J,F,10,C,(WL2 x BH) x (CC x WL2),2_2,2,2,2,2189,
682,749,10,2,available,J,F,10,D,BH x WL2,1-3_8-1,3-Jan,1-Aug,9,2474,
683,750,10,2,available,J,F,11,C,(WL2 x TM2) x (TM2),2_1-3,2,3-Jan,43,2281,
684,751,10,2,available,J,F,11,D,(WL2 x BH) x (WL2 x CC),1_2,1,2,2,2511,
685,752,10,2,available,J,F,12,C,(WL2 x TM2) x (TM2),2_1-3,2,3-Jan,8,2246,
686,753,10,2,buffer,J,F,12,D,buffer,,,,,buffer,
687,754,10,2,buffer,J,F,13,C,buffer,,,,,buffer,
715,755,10,2,available,K,F,13,D,LV1 x WL2,14_8,14,8,2,2481,
716,756,10,2,available,K,F,14,C,WL1,8,8,,2,2404,
717,757,10,2,available,K,F,14,D,(SQ3 x WL2) x (WL2),3_13-B,3,13-B,6,2447,
718,758,10,2,available,K,F,15,C,(WV x TM2) x (TM2 x WL2),2_1,2,1,3,2334,
719,759,10,2,available,K,F,15,D,(WV x WL2) x (WV),20_7-3,20,3-Jul,4,2371,
720,760,10,2,available,K,F,16,C,(WL2 x TM2) x (WV x WL2),3_4,3,4,1,2294,
721,761,10,2,available,K,F,16,D,(TM2 x WL2) x (TM2 x BH),14_13,14,13,1,2126,
722,762,10,2,available,K,F,17,C,TM2,9,9,,67,1771,
792,763,10,2,buffer,,F,17,D,buffer,,,,,buffer,
723,764,10,2,available,K,F,18,C,(WL2 x WV) x (CC x WL2),1_1,1,1,3,2298,
793,765,10,2,2024-survivor,,F,18,D,(LV1 x WL2) x (WL2),,,,1,64,
724,766,10,2,available,K,F,19,C,(TM2 x WL2) x (WL2 x DPR),15_18,15,18,2,2167,
725,767,10,2,available,K,F,19,D,(TM2) x (TM2 x WL2),2-1_2,1-Feb,2,3,2506,
726,768,10,2,available,K,F,20,C,(WL2 x TM2) x (TM2),2_1-3,2,3-Jan,24,2262,
794,769,10,2,2024-survivor,,F,20,D,(TM2 x WL2) x (YO11 x WL2),,,,9,381,
727,770,10,2,available,K,F,21,C,WL2,5,5,,46,1869,
728,771,10,2,out-of-bounds,K,F,21,D,NA,,,,,NA,unplantable
795,772,10,2,buffer,,F,22,C,buffer,,,,,buffer,
729,773,10,2,available,K,F,22,D,(LV1 x WL2) x (WL2),6_16-A,6,16-A,3,2443,
730,774,10,2,available,K,F,23,C,(DPR x TM2) x (TM2 x WL2),3_2,3,2,5,2082,
731,775,10,2,available,K,F,23,D,WL2,2,2,,20,1843,
732,776,10,2,available,K,F,24,C,(WL2 x TM2) x (TM2),2_1-3,2,3-Jan,33,2271,
733,777,10,2,available,K,F,24,D,WV,11,11,,21,2629,
734,778,10,2,available,K,F,25,C,(WL2 x WV) x (CC x WL2),1_1,1,1,2,2545,
735,779,10,2,available,K,F,25,D,(WL2 x TM2) x (CC x TM2),2-3_2-3,3-Feb,3-Feb,3,2448,
736,780,10,2,available,K,F,26,C,(TM2 x WL2) x (TM2),3_2-13,3,13-Feb,11,2139,
737,781,10,2,available,K,F,26,D,(DPR x TM2) x (TM2 x WL2),3_2,3,2,2,2587,
738,782,10,2,available,K,F,27,C,WL2 x DPR,,,,3,2016,
739,783,10,2,available,K,F,27,D,WL2,10,10,,91,1914,
740,784,10,2,available,K,F,28,C,(CC x WL2) x (WL2),4_13-B,4,13-B,9,2438,
741,785,10,2,available,K,F,28,D,TM2 x WL2,,,,12,2003,
796,786,10,2,out-of-bounds,,F,29,C,NA,,,,,NA,
797,787,10,2,out-of-bounds,,F,29,D,NA,,,,,NA,
751,788,10,2,available,L,F,40,C,LV1 x WL2,14_8,14,8,6,1983,
752,789,10,2,available,L,F,40,D,(WL2 x BH) x (WL2 x CC),,,,17,2529,
753,790,10,2,available,L,F,41,C,SQ3,12,12,,10,1693,
798,791,10,2,2024-survivor,,F,41,D,(TM2 x WL2) x (SQ3 x WL2),,,,10,314,
754,792,10,2,available,L,F,42,C,WL2 x CC,,,,1,2013,
755,793,10,2,available,L,F,42,D,(WL2) x (WL2 x BH),3-14_1,14-Mar,1,7,2315,
756,794,10,2,available,L,F,43,C,SQ3,7,7,,21,2401,
757,795,10,2,available,L,F,43,D,TM2,3,3,,21,1725,
799,796,10,2,buffer,,F,44,C,buffer,,,,,buffer,
758,797,10,2,available,L,F,44,D,(TM2 x WL2) x (TM2),3_2-13,3,13-Feb,12,2140,
759,798,10,2,available,L,F,45,C,WL1,8,8,,7,2407,
760,799,10,2,available,L,F,45,D,(WL2 x WV) x (CC x WL2),1_1,1,1,3,2546,
800,800,10,2,buffer,,F,46,C,buffer,,,,,buffer,
801,801,10,2,buffer,,F,46,D,buffer,,,,,buffer,
802,802,10,2,buffer,,F,47,C,buffer,,,,,buffer,
803,803,10,2,buffer,,F,47,D,buffer,,,,,buffer,
942,804,11,1,buffer,,G,1,A,buffer,,,,,buffer,
943,805,11,1,buffer,,G,1,B,buffer,,,,,buffer,
944,806,11,1,buffer,,G,2,A,buffer,,,,,buffer,
945,807,11,1,buffer,,G,2,B,buffer,,,,,buffer,
946,808,11,1,buffer,,G,3,A,buffer,,,,,buffer,
947,809,11,1,buffer,,G,3,B,buffer,,,,,buffer,
804,810,11,1,available,L,G,4,A,(WL2) x (WL2 x TM2),3-14_2,14-Mar,2,5,2460,
805,811,11,1,available,L,G,4,B,WL2 x YO11,8-1_14-10,1-Aug,14-10,7,2053,
806,812,11,1,available,L,G,5,A,WL1,18,18,,10,1812,dead pre-planting
807,813,11,1,available,L,G,5,B,WL2 x WV,,,,1,2491,
808,814,11,1,available,L,G,6,A,(SQ3 x WL2) x (WL2),3_13-B,3,13-B,1,2092,
809,815,11,1,available,L,G,6,B,BH,3,3,,5,1604,
810,816,11,1,available,L,G,7,A,(WV x TM2) x (TM2 x WL2),2_1,2,1,4,2335,
811,817,11,1,available,L,G,7,B,(WV x WL2) x (WL2 x BH),2_2,2,2,9,2351,
812,818,11,1,available,L,G,8,A,(WL2 x BH) x (WL2 x CC),1_2,1,2,3,2513,
813,819,11,1,available,L,G,8,B,(SQ3 x WL2) x (WL2),12_16-A,12,16-A,21,2112,
814,820,11,1,available,L,G,9,A,(WL2 x WV) x (CC x WL2),1_1,1,1,4,2299,
815,821,11,1,available,L,G,9,B,WL2,3,3,,22,1845,
816,822,11,1,available,L,G,10,A,(DPR x TM2) x (TM2 x WL2),3_2,3,2,3,2588,
817,823,11,1,available,L,G,10,B,(WL2 x TM2) x (TM2),2_1-3,2,3-Jan,10,2248,
818,824,11,1,available,L,G,11,A,(WL2 x TM2) x (CC x TM2),2-3_2-3,3-Feb,3-Feb,2,2232,dead pre-planting
819,825,11,1,available,L,G,11,B,(WV x WL2) x (WV),20_7-3,20,3-Jul,5,2372,
820,826,11,1,available,L,G,12,A,(WL2 x TM2) x (TM2),2_1-3,2,3-Jan,25,2263,
821,827,11,1,available,L,G,12,B,(CC x WL2) x (WL2),2_13-B,2,13-B,1,2436,
822,828,11,1,available,L,G,13,A,WL2 x LV1,8-1_14-1,1-Aug,14-1,3,2021,added at randomization
823,829,11,1,buffer,L,G,13,B,buffer,,,,,buffer,
837,830,11,1,available,M,G,14,A,(WL2 x WV) x (CC x WL2),1_1,1,1,3,2547,
838,831,11,1,available,M,G,14,B,(WL2 x TM2) x (TM2),2_1-3,2,3-Jan,12,2250,
839,832,11,1,available,M,G,15,A,(WL2 x TM2) x (TM2),2_1-3,2,3-Jan,42,2280,
840,833,11,1,available,M,G,15,B,WL1,18,18,,12,1814,
841,834,11,1,available,M,G,16,A,TM2,,,,93,1797,
842,835,11,1,available,M,G,16,B,WL2 x YO11,8-1_11-1,1-Aug,1-Nov,4,2435,
843,836,11,1,available,M,G,17,A,(WV x WL2) x (WL2 x CC),3_1,3,1,15,2572,
844,837,11,1,available,M,G,17,B,WV,18,18,,4,1925,
845,838,11,1,available,M,G,18,A,(WL2 x TM2) x (TM2),2_1-3,2,3-Jan,26,2264,
846,839,11,1,available,M,G,18,B,(WL2 x BH) x (WL2 x CC),1_2,1,2,1,2508,
847,840,11,1,available,M,G,19,A,(LV1 x WL2) x (WL2),6_16-A,6,16-A,2,2441,
848,841,11,1,available,M,G,19,B,(WL2 x BH) x (WL2 x TM2),2_3,2,3,2,2215,
849,842,11,1,available,M,G,20,A,(TM2 x WL2) x (TM2),3_1-3,3,3-Jan,6,2599,
850,843,11,1,available,M,G,20,B,(DPR x TM2) x (TM2 x WL2),3_2,3,2,4,2589,
851,844,11,1,available,M,G,21,A,WL2,3,3,,23,1846,
852,845,11,1,available,M,G,21,B,(TM2) x (TM2 x WL2),,,,16,2184,
853,846,11,1,available,M,G,22,A,(DPR x TM2) x (TM2 x WL2),3_2,3,2,7,2084,
854,847,11,1,available,M,G,22,B,WL1 x WL2,2-2_10-1,2-Feb,1-Oct,6,2424,
855,848,11,1,available,M,G,23,A,TM2,11,11,,72,1776,
856,849,11,1,available,M,G,23,B,(WL2 x BH) x (WL2 x CC),1_2,1,2,7,2198,
857,850,11,1,available,M,G,24,A,SQ3,12,12,,11,1694,
858,851,11,1,available,M,G,24,B,(WL2 x BH) x (WL2 x CC),2_3,2,3,22,2536,
859,852,11,1,available,M,G,25,A,(WV x WL2) x (WL2 x CC),3_1,3,1,3,2355,
860,853,11,1,available,M,G,25,B,(WL2 x TM2) x (WL2 x BH),1_2,1,2,2,2456,
861,854,11,1,available,M,G,26,A,(WV x WL2) x (WL2 x BH),2_2,2,2,3,2561,
862,855,11,1,available,M,G,26,B,(LV1 x WL2) x (YO11 x WL2),8_25,8,25,1,2496,moved here due to rock; double check the position
863,856,11,1,buffer,M,G,27,A,buffer,,,,,buffer,
889,857,11,1,available,N,G,27,B,(WV x TM2) x (TM2 x WL2),2_1,2,1,7,2612,
890,858,11,1,available,N,G,28,A,(TM2 x WL2) x (TM2),3_2-13,3,13-Feb,16,2144,
891,859,11,1,available,N,G,28,B,(WV x WL2) x (WL2 x BH),2_2,2,2,6,2565,
892,860,11,1,available,N,G,29,A,(WL2 x TM2) x (TM2),2_1-3,2,3-Jan,13,2251,
893,861,11,1,available,N,G,29,B,(WL2 x BH) x (WL2 x TM2),2_3,2,3,3,2216,
948,862,11,1,2024-survivor,,G,30,A,WV x TM2,,,,2,195,
894,863,11,1,available,N,G,30,B,(TM2 x WL2) x (TM2),3_2-13,3,13-Feb,29,2157,
895,864,11,1,available,N,G,31,A,(WV x WL2) x (WL2 x CC),3_1,3,1,9,2469,
896,865,11,1,available,N,G,31,B,BH,3,3,,2,2615,
897,866,11,1,available,N,G,32,A,(WL2 x TM2) x (TM2),2_1-3,2,3-Jan,49,2287,
898,867,11,1,available,N,G,32,B,(WL2 x BH) x (WL2 x CC),1_2,1,2,8,2199,
899,868,11,1,available,N,G,33,A,(WV x WL2) x (WL2 x CC),3_1,3,1,7,2465,
900,869,11,1,available,N,G,33,B,(SQ3 x WL2) x (WL2),12_16-A,12,16-A,12,2500,
901,870,11,1,available,N,G,34,A,WL2,3,3,,24,1847,
902,871,11,1,available,N,G,34,B,(SQ3 x WL2) x (WL2),12_16-A,12,16-A,23,2114,
903,872,11,1,available,N,G,35,A,(WL2 x BH) x (WL2 x CC),2_3,2,3,21,2535,
904,873,11,1,available,N,G,35,B,(WL2 x BH) x (CC x WL2),2_2,2,2,1,2188,
905,874,11,1,available,N,G,36,A,(WL2 x WV) x (CC x WL2),1_1,1,1,4,2548,
906,875,11,1,available,N,G,36,B,TM2,4,4,,28,1732,
949,876,11,1,buffer,,G,37,A,buffer,,,,,buffer,
907,877,11,1,available,N,G,37,B,(WL2 x BH) x (WL2 x CC),1_2,1,2,14,2527,
908,878,11,1,available,N,G,38,A,SQ3,12,12,,14,1697,
950,879,11,1,2024-survivor,,G,38,B,(WV x WL2) x (WL2 x DPR),,,,6,1330,
909,880,11,1,available,N,G,39,A,DPR,11,11,,3,2618,
910,881,11,1,available,N,G,39,B,(SQ3 x WL2) x (WL2),3_13-B,3,13-B,3,2094,
911,882,11,1,available,N,G,40,A,(TM2) x (TM2 x WL2),2-1_2,1-Feb,2,3,2171,
912,883,11,1,available,N,G,40,B,(WL2 x TM2) x (TM2),2_1-3,2,3-Jan,32,2270,
913,884,11,1,available,N,G,41,A,(WL2 x CC) x (WL2 x BH),1_1,1,1,3,2229,
951,885,11,1,2024-survivor,,G,41,B,(DPR x WL2) x (YO11 x WL2),,,,12,706,
914,886,11,1,buffer,N,G,42,A,buffer,,,,,buffer,
952,887,11,1,2024-survivor,,G,42,B,(DPR x WL2) x (WV x WL2),,,,8,1464,
915,888,11,1,buffer,N,G,43,A,buffer,,,,,buffer,
953,889,11,1,buffer,,G,44,A,buffer,,,,,buffer,
954,890,11,1,buffer,,G,44,B,buffer,,,,,buffer,
955,891,11,1,buffer,,G,45,A,buffer,,,,,buffer,
956,892,11,1,buffer,,G,45,B,buffer,,,,,buffer,
957,893,12,2,buffer,,G,1,C,buffer,,,,,buffer,
958,894,12,2,buffer,,G,1,D,buffer,,,,,buffer,
959,895,12,2,buffer,,G,2,C,buffer,,,,,buffer,
960,896,12,2,buffer,,G,2,D,buffer,,,,,buffer,
961,897,12,2,buffer,,G,3,C,buffer,,,,,buffer,
962,898,12,2,buffer,,G,3,D,buffer,,,,,buffer,
824,899,12,2,available,L,G,4,C,TM2,6,6,,47,2632,
963,900,12,2,2024-survivor,,G,4,D,(WL2 x DPR) x (WL2),,,,3,1100,
825,901,12,2,available,L,G,5,C,(DPR x TM2) x (TM2 x WL2),3_2,3,2,6,2083,
964,902,12,2,2023-survivor,,G,5,D,YO7,5,,,7,YO7_5_7,
826,903,12,2,available,L,G,6,C,(WL2 x BH) x (WL2 x CC),2_3,2,3,22,2537,
827,904,12,2,available,L,G,6,D,(WV x WL2) x (WL2 x BH),2_2,2,2,1,2560,
828,905,12,2,available,L,G,7,C,(WL2) x (DPR x WL2),3,,3,1,2306,
829,906,12,2,available,L,G,7,D,WL2 x LV1,2-A_14-A,2-A,14-A,6,2024,
830,907,12,2,available,L,G,8,C,(TM2 x WL2) x (TM2),3_1-3,3,3-Jan,1,2598,
965,908,12,2,2024-survivor,,G,8,D,TM2,,,,60,530,
831,909,12,2,available,L,G,9,C,WL1 x WL2,2-3_2-2,3-Feb,2-Feb,3,2008,
966,910,12,2,buffer,,G,9,D,buffer,,,,,buffer,
832,911,12,2,available,L,G,10,C,(WL2 x BH) x (WL2 x CC),1_2,1,2,6,2197,
967,912,12,2,buffer,,G,10,D,buffer,,,,,buffer,
833,913,12,2,available,L,G,11,C,(LV1 x WL2) x (YO11 x WL2),8_25,8,25,1,2495,
834,914,12,2,available,L,G,11,D,(LV1 x WL2) x (WL2),6_16-A,6,16-A,3,2089,
835,915,12,2,buffer,L,G,12,C,buffer,,,,,buffer,
836,916,12,2,buffer,L,G,12,D,buffer,,,,,buffer,
864,917,12,2,available,M,G,13,C,(WL2 x TM2) x (TM2),2_1-3,2,3-Jan,47,2645,
865,918,12,2,available,M,G,13,D,TM2,4,4,,25,1729,
866,919,12,2,available,M,G,14,C,(TM2 x WL2) x (TM2),3_2-13,3,13-Feb,14,2142,
867,920,12,2,available,M,G,14,D,(WV x WL2) x (WL2 x BH),2_2,2,2,10,2352,
868,921,12,2,out-of-bounds,M,G,15,C,NA,,,,,NA,rock here
869,922,12,2,available,M,G,15,D,TM2,11,11,,72,2639,
870,923,12,2,available,M,G,16,C,LV1 x WL2,14_8,14,8,2,1979,
871,924,12,2,available,M,G,16,D,WL2,4,4,,40,1863,
872,925,12,2,available,M,G,17,C,(WL2 x BH) x (WL2 x CC),1_2,1,2,6,2517,
873,926,12,2,out-of-bounds,M,G,17,D,NA,,,,,NA,rock here
874,927,12,2,available,M,G,18,C,(WL2 x WV) x (CC x WL2),1_1,1,1,5,2300,
875,928,12,2,available,M,G,18,D,(WL2 x WV) x (CC x WL2),1_1,1,1,7,2553,
876,929,12,2,available,M,G,19,C,(WV x WL2) x (WL2 x CC),3_1,3,1,3,2464,
877,930,12,2,available,M,G,19,D,(WV x TM2) x (WL2 x TM2),3_1,3,1,1,2556,
878,931,12,2,available,M,G,20,C,BH,3,3,,3,2614,
879,932,12,2,available,M,G,20,D,(WL2 x TM2) x (WV x WL2),3_4,3,4,2,2295,replaced 2077 with 2295
880,933,12,2,available,M,G,21,C,(WL2 x TM2) x (CC x TM2),2-3_2-3,3-Feb,3-Feb,3,2233,
881,934,12,2,available,M,G,21,D,(WV x TM2) x (TM2 x WL2),2_1,2,1,5,2336,
882,935,12,2,available,M,G,22,C,(CC x WL2) x (WL2),4_13-B,4,13-B,14,2439,
968,936,12,2,out-of-bounds,,G,22,D,NA,,,,,NA,
969,937,12,2,buffer,,G,23,C,buffer,,,,,buffer,
970,938,12,2,out-of-bounds,,G,23,D,NA,,,,,NA,
883,939,12,2,available,M,G,24,C,(SQ3 x WL2) x (WL2),3_13-B,3,13-B,2,2093,
884,940,12,2,available,M,G,24,D,(WL2) x (WL2 x TM2),3-14_2,14-Mar,2,12,2327,
885,941,12,2,available,M,G,25,C,WL2,7,7,,68,1891,
886,942,12,2,available,M,G,25,D,SQ3 x WL2,6-C_8-A,6-C,8-A,3,1991,
887,943,12,2,available,M,G,26,C,WL2 x LV1,8-1_14-1,1-Aug,14-1,10,2650,added at randomization
888,944,12,2,available,M,G,26,D,(WL2) x (WL2 x BH),3-14_1,14-Mar,1,5,2313,moved here due to rock; double check the position
916,945,12,2,available,N,G,27,C,WL2,7,7,,67,1890,
917,946,12,2,available,N,G,27,D,(WV x WL2) x (WL2 x BH),2_2,2,2,5,2562,
918,947,12,2,available,N,G,28,C,(DPR x TM2) x (TM2 x WL2),3_2,3,2,4,2590,
919,948,12,2,available,N,G,28,D,(WL2) x (WL2 x BH),3-14_1,14-Mar,1,2,2310,
920,949,12,2,available,N,G,29,C,(CC x WL2) x (WL2),4_13-B,4,13-B,14,2074,
921,950,12,2,out-of-bounds,N,G,29,D,NA,,,,,NA,rock here
922,951,12,2,available,N,G,30,C,TM2,9,9,,64,2635,
923,952,12,2,available,N,G,30,D,(WV x WL2) x (WV),20_7-3,20,3-Jul,3,2575,
924,953,12,2,available,N,G,31,C,WL2 x LV1,8-1_14-1,1-Aug,14-1,1,2019,
925,954,12,2,available,N,G,31,D,TM2,8,8,,61,1765,
926,955,12,2,available,N,G,32,C,WL1,18,18,,13,1815,
927,956,12,2,available,N,G,32,D,WL2,5,5,,49,1872,
928,957,12,2,available,N,G,33,C,WL1 x WL2,2-3_2-2,3-Feb,2-Feb,1,2421,
929,958,12,2,available,N,G,33,D,(WV x TM2) x (TM2 x WL2),2_1,2,1,1,2604,
971,959,12,2,2024-survivor,,G,34,C,(WL2 x BH) x (WL2 x TM2),,,,3,238,
930,960,12,2,available,N,G,34,D,(WL2 x TM2) x (TM2),2_1-3,2,3-Jan,37,2275,
972,961,12,2,2024-survivor,,G,35,C,(WV) x (WV x WL2),,,,8,1394,
931,962,12,2,available,N,G,35,D,(WL2 x WV) x (CC x WL2),1_1,1,1,6,2301,
973,963,12,2,2024-survivor,,G,36,C,LV1 x TM2,,,,16,1240,
974,964,12,2,2024-survivor,,G,36,D,(DPR) x (WL2 x DPR),,,,7,733,
932,965,12,2,available,N,G,37,C,WL2 x YO11,2-A_11-2,2-A,2-Nov,3,2049,
975,966,12,2,2024-survivor,,G,37,D,(WL2 x TM2) x (CC x TM2),,,,10,261,
933,967,12,2,available,N,G,38,C,WV,12,12,,9,1930,
976,968,12,2,2024-survivor,,G,38,D,(DPR x WL2) x (TM2 x WL2),,,,5,1447,
934,969,12,2,available,N,G,39,C,(WL2) x (WL2 x TM2),3-14_2,14-Mar,2,6,2321,
935,970,12,2,available,N,G,39,D,(WV x TM2) x (TM2 x WL2),2_1,2,1,6,2337,
936,971,12,2,available,N,G,40,C,(WL2 x TM2) x (WL2 x BH),1_2,1,2,4,2293,
937,972,12,2,available,N,G,40,D,CC,1,1,,4,1624,
938,973,12,2,available,N,G,41,C,(WV) x (WV x WL2),3_22,3,22,4,2378,
939,974,12,2,available,N,G,41,D,(WL2 x BH) x (WL2 x CC),1_2,1,2,3,2512,
940,975,12,2,available,N,G,42,C,(WV x WL2) x (WL2 x CC),3_1,3,1,6,2358,moved here due to rock
941,976,12,2,buffer,N,G,42,D,buffer,,,,,buffer,
977,977,12,2,buffer,,G,44,C,buffer,,,,,buffer,
978,978,12,2,buffer,,G,44,D,buffer,,,,,buffer,
979,979,12,2,buffer,,G,45,C,buffer,,,,,buffer,
980,980,12,2,buffer,,G,45,D,buffer,,,,,buffer,
988,988,13,1,2024-survivor,,H,23,B,(DPR) x (WL2 x DPR),,,,8,734,
1004,1004,15,1,2024-survivor,,I,9,B,BH,,,,5,391,
1005,1005,15,1,2024-survivor,,I,10,A,LV1 x WL2,,,,22,1272,
1006,1006,15,1,2024-survivor,,I,11,A,LV1 x TM2,,,,26,1250,