Plant Type,pop.id,mf,rep,rack,unique.ID,bed,block,row,column
Main_Parent,TM2-1,1,1,1,1,E,E2,45,C
Main_Parent,TM2-1,1,2,1,2,D,D1,14,A
Main_Parent,TM2-1,1,3,1,3,A,A2,35,D
Main_Parent,TM2-1,1,4,1,4,C,C2,35,A
Main_Parent,TM2-1,1,5,1,5,F,F1,2,D
Main_Parent,TM2-1,1,6,1,6,A,A1,8,C
Main_Parent,TM2-1,1,7,1,7,B,B1,22,B
Main_Parent,TM2-1,1,8,1,8,B,B2,42,D
Main_Parent,TM2-1,1,10,1,10,E,E1,10,C
Main_Parent,TM2-1,1,11,1,11,C,C1,6,A
Main_Parent,TM2-1,1,12,1,12,D,D2,45,C
Main_Parent,TM2-1,1,14,1,14,F,F2,42,D
Main_Parent,TM2-2,2,1,1,15,E,E2,43,D
Main_Parent,TM2-2,2,2,1,16,D,D1,18,A
Main_Parent,TM2-2,2,3,1,17,A,A2,28,D
Main_Parent,TM2-2,2,4,1,18,C,C2,38,D
Main_Parent,TM2-2,2,5,1,19,F,F1,22,D
Main_Parent,TM2-2,2,6,1,20,A,A1,18,C
Main_Parent,TM2-2,2,7,1,21,B,B1,6,C
Main_Parent,TM2-2,2,8,1,22,B,B2,32,D
Main_Parent,TM2-2,2,9,1,23,E,E1,19,A
Main_Parent,TM2-2,2,10,1,24,C,C1,16,C
Main_Parent,TM2-2,2,11,1,25,D,D2,30,B
Main_Parent,TM2-2,2,12,1,26,F,F2,26,A
Main_Parent,TM2-2,2,13,1,27,E,E2,41,B
Main_Parent,TM2-2,2,14,1,28,D,D1,16,B
Main_Parent,TM2-3,3,1,1,29,A,A2,37,D
Main_Parent,TM2-3,3,2,1,30,C,C2,25,C
Main_Parent,TM2-3,3,3,1,31,F,F1,5,D
Main_Parent,TM2-3,3,4,1,32,A,A1,17,B
Main_Parent,TM2-3,3,5,1,33,B,B1,9,A
Main_Parent,TM2-3,3,6,1,34,B,B2,35,A
Main_Parent,TM2-3,3,8,1,36,E,E1,11,C
Main_Parent,TM2-3,3,10,1,38,C,C1,22,A
Main_Parent,TM2-2,2,15,1,39,D,D2,39,C
Main_Parent,TM2-2,2,16,1,40,F,F2,25,A
Main_Parent,TM2-2,2,17,1,41,E,E2,29,C
Main_Parent,TM2-4,4,2,1,44,D,D1,4,D
Main_Parent,TM2-4,4,3,1,45,A,A2,36,D
Main_Parent,TM2-4,4,4,1,46,C,C2,45,B
Main_Parent,TM2-4,4,5,1,47,F,F1,20,C
Main_Parent,TM2-4,4,6,1,48,A,A1,19,C
Main_Parent,TM2-4,4,7,1,49,B,B1,19,B
Main_Parent,TM2-4,4,8,1,50,B,B2,25,A
Main_Parent,TM2-4,4,9,1,51,E,E1,19,D
Main_Parent,TM2-4,4,11,1,53,C,C1,8,B
Main_Parent,TM2-4,4,12,1,54,D,D2,38,A
Main_Parent,TM2-4,4,13,1,55,F,F2,34,B
Main_Parent,TM2-5,5,1,1,57,E,E2,43,A
Main_Parent,TM2-5,5,2,1,58,D,D1,13,A
Main_Parent,TM2-5,5,3,1,59,A,A2,44,B
Main_Parent,TM2-5,5,4,1,60,C,C2,40,B
Main_Parent,TM2-5,5,5,1,61,F,F1,21,C
Main_Parent,TM2-5,5,6,1,62,A,A1,5,D
Main_Parent,TM2-5,5,7,1,63,B,B1,21,D
Main_Parent,TM2-5,5,8,1,64,B,B2,29,D
Main_Parent,TM2-5,5,9,1,65,E,E1,7,B
Main_Parent,TM2-5,5,10,1,66,C,C1,2,C
Main_Parent,TM2-5,5,11,1,67,D,D2,42,A
Main_Parent,TM2-5,5,12,1,68,F,F2,26,B
Main_Parent,TM2-6,6,1,1,71,E,E2,24,B
Main_Parent,TM2-6,6,4,1,74,D,D1,11,C
Main_Parent,TM2-6,6,5,1,75,A,A2,29,D
Main_Parent,TM2-6,6,6,1,76,C,C2,40,A
Main_Parent,TM2-6,6,7,1,77,F,F1,11,C
Main_Parent,TM2-6,6,8,1,78,A,A1,18,B
Main_Parent,TM2-6,6,9,1,79,B,B1,2,D
Main_Parent,TM2-6,6,10,1,80,B,B2,26,B
Main_Parent,TM2-6,6,11,1,81,E,E1,11,B
Main_Parent,TM2-6,6,12,1,82,C,C1,4,C
Main_Parent,TM2-7,7,1,1,85,D,D2,30,D
Main_Parent,TM2-7,7,2,1,86,F,F2,33,D
Main_Parent,TM2-7,7,3,1,87,E,E2,44,A
Main_Parent,TM2-7,7,4,1,88,D,D1,21,C
Main_Parent,TM2-7,7,5,1,89,A,A2,25,B
Main_Parent,TM2-7,7,6,1,90,C,C2,42,A
Main_Parent,TM2-7,7,9,1,93,F,F1,6,D
Main_Parent,TM2-7,7,11,1,95,A,A1,16,A
Main_Parent,TM2-7,7,12,1,96,B,B1,16,A
Main_Parent,TM2-7,7,13,1,97,B,B2,38,C
Main_Parent,TM2-7,7,14,1,98,E,E1,14,C
Main_Parent,WL2-1,1,1,2,99,C,C1,5,D
Main_Parent,WL2-1,1,2,2,100,D,D2,30,C
Main_Parent,WL2-1,1,3,2,101,F,F2,27,A
Main_Parent,WL2-1,1,4,2,102,E,E2,31,B
Main_Parent,WL2-1,1,5,2,103,D,D1,20,B
Main_Parent,WL2-1,1,6,2,104,A,A2,37,C
Main_Parent,WL2-1,1,7,2,105,C,C2,32,A
Main_Parent,WL2-1,1,8,2,106,F,F1,21,B
Main_Parent,WL2-1,1,9,2,107,A,A1,4,A
Main_Parent,WL2-1,1,10,2,108,B,B1,11,C
Main_Parent,WL2-1,1,11,2,109,B,B2,44,C
Main_Parent,WL2-1,1,12,2,110,E,E1,10,B
Main_Parent,WL2-1,1,13,2,111,C,C1,5,B
Main_Parent,WL2-1,1,14,2,112,D,D2,32,A
Main_Parent,WL2-3,3,1,2,113,F,F2,32,D
Main_Parent,WL2-3,3,2,2,114,E,E2,43,B
Main_Parent,WL2-3,3,3,2,115,D,D1,2,C
Main_Parent,WL2-3,3,4,2,116,A,A2,30,C
Main_Parent,WL2-3,3,5,2,117,C,C2,40,C
Main_Parent,WL2-3,3,6,2,118,F,F1,15,C
Main_Parent,WL2-3,3,7,2,119,A,A1,7,B
Main_Parent,WL2-3,3,8,2,120,B,B1,12,D
Main_Parent,WL2-3,3,9,2,121,B,B2,41,C
Main_Parent,WL2-3,3,10,2,122,E,E1,8,C
Main_Parent,WL2-3,3,11,2,123,C,C1,17,C
Main_Parent,WL2-3,3,12,2,124,D,D2,38,C
Main_Parent,WL2-3,3,13,2,125,F,F2,33,B
Main_Parent,WL2-3,3,14,2,126,E,E2,38,D
Main_Parent,WL2-8,8,1,2,127,D,D1,9,B
Main_Parent,WL2-8,8,2,2,128,A,A2,45,D
Main_Parent,WL2-8,8,3,2,129,C,C2,30,B
Main_Parent,WL2-8,8,4,2,130,F,F1,6,A
Main_Parent,WL2-8,8,5,2,131,A,A1,10,A
Main_Parent,WL2-8,8,6,2,132,B,B1,2,B
Main_Parent,WL2-8,8,7,2,133,B,B2,35,D
Main_Parent,WL2-8,8,8,2,134,E,E1,3,A
Main_Parent,WL2-8,8,9,2,135,C,C1,18,D
Main_Parent,WL2-8,8,10,2,136,D,D2,44,B
Main_Parent,WL2-8,8,11,2,137,F,F2,33,A
Main_Parent,WL2-8,8,12,2,138,E,E2,38,A
Main_Parent,WL2-8,8,13,2,139,D,D1,10,B
Main_Parent,WL2-8,8,14,2,140,A,A2,44,A
Main_Parent,WL2-9,9,1,2,141,C,C2,34,C
Main_Parent,WL2-9,9,2,2,142,F,F1,8,A
Main_Parent,WL2-9,9,3,2,143,A,A1,7,C
Main_Parent,WL2-9,9,4,2,144,B,B1,9,D
Main_Parent,WL2-9,9,5,2,145,B,B2,41,B
Main_Parent,WL2-9,9,6,2,146,E,E1,16,D
Main_Parent,WL2-9,9,7,2,147,C,C1,16,D
Main_Parent,WL2-9,9,8,2,148,D,D2,32,D
Main_Parent,WL2-9,9,9,2,149,F,F2,44,B
Main_Parent,WL2-9,9,10,2,150,E,E2,29,B
Main_Parent,WL2-9,9,11,2,151,D,D1,15,A
Main_Parent,WL2-9,9,12,2,152,A,A2,27,B
Main_Parent,WL2-9,9,13,2,153,C,C2,43,A
Main_Parent,WL2-9,9,14,2,154,F,F1,19,B
Main_Parent,WL2-10,10,1,2,155,A,A1,15,D
Main_Parent,WL2-10,10,2,2,156,B,B1,8,D
Main_Parent,WL2-10,10,3,2,157,B,B2,30,A
Main_Parent,WL2-10,10,4,2,158,E,E1,5,B
Main_Parent,WL2-10,10,5,2,159,C,C1,19,C
Main_Parent,WL2-10,10,6,2,160,D,D2,34,A
Main_Parent,WL2-10,10,7,2,161,F,F2,39,D
Main_Parent,WL2-10,10,8,2,162,E,E2,28,C
Main_Parent,WL2-10,10,9,2,163,D,D1,15,C
Main_Parent,WL2-10,10,10,2,164,A,A2,33,C
Main_Parent,WL2-10,10,11,2,165,C,C2,42,B
Main_Parent,WL2-10,10,12,2,166,F,F1,16,A
Main_Parent,WL2-10,10,13,2,167,A,A1,19,A
Main_Parent,WL2-10,10,14,2,168,B,B1,17,B
Main_Parent,WL2-11,11,1,2,169,B,B2,25,D
Main_Parent,WL2-11,11,2,2,170,E,E1,21,B
Main_Parent,WL2-11,11,3,2,171,C,C1,3,C
Main_Parent,WL2-11,11,4,2,172,D,D2,36,C
Main_Parent,WL2-11,11,5,2,173,F,F2,43,B
Main_Parent,WL2-11,11,6,2,174,E,E2,35,A
Main_Parent,WL2-11,11,7,2,175,D,D1,22,C
Main_Parent,WL2-11,11,8,2,176,A,A2,41,B
Main_Parent,WL2-11,11,9,2,177,C,C2,33,B
Main_Parent,WL2-11,11,10,2,178,F,F1,9,B
Main_Parent,WL2-11,11,11,2,179,A,A1,3,C
Main_Parent,WL2-11,11,12,2,180,B,B1,6,A
Main_Parent,WL2-11,11,13,2,181,B,B2,42,C
Main_Parent,WL2-11,11,14,2,182,E,E1,7,A
Main_Parent,WL2-12,12,1,2,183,C,C1,21,C
Main_Parent,WL2-12,12,2,2,184,D,D2,41,D
Main_Parent,WL2-12,12,3,2,185,F,F2,32,B
Main_Parent,WL2-12,12,4,2,186,E,E2,41,A
Main_Parent,WL2-12,12,5,2,187,D,D1,22,B
Main_Parent,WL2-12,12,6,2,188,A,A2,42,D
Main_Parent,WL2-12,12,7,2,189,C,C2,24,A
Main_Parent,WL2-12,12,8,2,190,F,F1,8,B
Main_Parent,WL2-12,12,9,2,191,A,A1,11,B
Main_Parent,WL2-12,12,10,2,192,B,B1,10,A
Main_Parent,WL2-12,12,11,2,193,B,B2,39,C
Main_Parent,WL2-12,12,12,2,194,E,E1,18,C
Main_Parent,WL2-12,12,13,2,195,C,C1,4,B
Main_Parent,WL2-12,12,14,2,196,D,D2,32,C
Other_Parent,BH,1,1,3,197,F,F2,45,A
Other_Parent,BH,1,2,3,198,E,E2,30,B
Other_Parent,BH,1,3,3,199,D,D1,20,D
Other_Parent,BH,2,1,3,200,A,A2,31,C
Other_Parent,BH,2,2,3,201,C,C2,45,C
Other_Parent,BH,2,3,3,202,F,F1,18,A
Other_Parent,BH,3,1,3,203,A,A1,17,C
Other_Parent,BH,3,2,3,204,B,B1,13,B
Other_Parent,BH,3,3,3,205,B,B2,27,D
Other_Parent,BH,4,1,3,206,E,E1,21,A
Other_Parent,BH,4,2,3,207,C,C1,21,B
Other_Parent,BH,4,3,3,208,D,D2,27,A
Other_Parent,BH,5,1,3,209,F,F2,29,D
Other_Parent,BH,5,2,3,210,E,E2,34,B
Other_Parent,BH,5,3,3,211,D,D1,6,C
Other_Parent,BH,6,1,3,212,A,A2,45,A
Other_Parent,BH,6,2,3,213,C,C2,34,B
Other_Parent,BH,6,3,3,214,F,F1,7,B
Other_Parent,BH,7,1,3,215,A,A1,6,C
Other_Parent,BH,7,2,3,216,B,B1,16,B
Other_Parent,BH,7,3,3,217,B,B2,28,C
Other_Parent,DPR,1,1,3,218,E,E1,7,C
Other_Parent,DPR,1,2,3,219,C,C1,22,B
Other_Parent,DPR,1,3,3,220,D,D2,26,B
Other_Parent,DPR,2,1,3,221,F,F2,44,A
Other_Parent,DPR,2,2,3,222,E,E2,35,D
Other_Parent,DPR,2,3,3,223,D,D1,9,C
Other_Parent,DPR,3,1,3,224,A,A2,30,D
Other_Parent,DPR,3,2,3,225,C,C2,29,A
Other_Parent,DPR,3,3,3,226,F,F1,17,D
Other_Parent,DPR,4,1,3,227,A,A1,22,B
Other_Parent,DPR,4,2,3,228,B,B1,6,B
Other_Parent,DPR,4,3,3,229,B,B2,36,B
Other_Parent,DPR,5,1,3,230,E,E1,17,A
Other_Parent,DPR,5,2,3,231,C,C1,7,D
Other_Parent,DPR,5,3,3,232,D,D2,33,B
Other_Parent,DPR,6,1,3,233,F,F2,34,D
Other_Parent,DPR,6,2,3,234,E,E2,25,D
Other_Parent,DPR,6,3,3,235,D,D1,22,A
Other_Parent,DPR,7,1,3,236,A,A2,27,C
Other_Parent,DPR,7,2,3,237,C,C2,35,B
Other_Parent,DPR,7,3,3,238,F,F1,14,C
Other_Parent,CC,1,1,3,239,A,A1,11,D
Other_Parent,CC,1,3,3,241,B,B1,19,D
Other_Parent,CC,2,1,3,242,B,B2,43,D
Other_Parent,CC,2,2,3,243,E,E1,2,C
Other_Parent,CC,2,3,3,244,C,C1,2,A
Other_Parent,CC,3,1,3,245,D,D2,39,B
Other_Parent,CC,3,2,3,246,F,F2,33,C
Other_Parent,CC,4,1,3,248,E,E2,37,B
Other_Parent,CC,4,2,3,249,D,D1,8,D
Other_Parent,CC,5,1,3,251,A,A2,27,A
Other_Parent,CC,5,3,3,253,C,C2,26,A
Other_Parent,CC,6,1,3,254,F,F1,6,B
Other_Parent,CC,7,1,3,257,A,A1,19,B
Other_Parent,CC,7,3,3,259,B,B1,2,A
Other_Parent,WV,4,1,3,260,B,B2,38,B
Other_Parent,WV,4,2,3,261,E,E1,2,A
Other_Parent,WV,4,3,3,262,C,C1,22,C
Other_Parent,WV,4,4,3,263,D,D2,32,B
Other_Parent,WV,4,5,3,264,F,F2,42,A
Other_Parent,WV,4,6,3,265,E,E2,29,A
Other_Parent,WV,4,7,3,266,D,D1,4,C
Other_Parent,WV,5,1,3,267,A,A2,41,C
Other_Parent,WV,5,2,3,268,C,C2,31,A
Other_Parent,WV,5,3,3,269,F,F1,5,B
Other_Parent,WV,5,4,3,270,A,A1,4,B
Other_Parent,WV,5,5,3,271,B,B1,5,A
Other_Parent,WV,5,6,3,272,B,B2,27,B
Other_Parent,WV,5,7,3,273,E,E1,20,A
Other_Parent,WV,5,8,3,274,C,C1,13,D
Other_Parent,WV,5,9,3,275,D,D2,45,A
Other_Parent,WV,5,10,3,276,F,F2,35,C
Other_Parent,WV,6,1,3,277,E,E2,44,B
Other_Parent,WV,6,2,3,278,D,D1,14,D
Other_Parent,WV,6,3,3,279,A,A2,41,A
Other_Parent,WV,6,4,3,280,C,C2,44,A
Other_Parent,LV1,2,1,4,282,F,F1,10,B
Other_Parent,LV1,2,2,4,283,A,A1,9,A
Other_Parent,LV1,2,3,4,284,B,B1,5,D
Other_Parent,LV1,2,4,4,285,B,B2,34,B
Other_Parent,LV1,2,5,4,286,E,E1,17,C
Other_Parent,LV1,3,2,4,288,C,C1,13,B
Other_Parent,LV1,4,1,4,290,D,D2,31,B
Other_Parent,LV1,5,1,4,293,F,F2,43,D
Other_Parent,LV1,5,2,4,294,E,E2,37,C
Other_Parent,LV1,6,1,4,296,D,D1,21,B
Other_Parent,YO11,2,1,4,304,A,A2,35,B
Other_Parent,YO11,2,2,4,305,C,C2,41,C
Other_Parent,YO11,2,3,4,306,F,F1,9,C
Other_Parent,YO11,5,3,4,312,A,A1,15,C
Other_Parent,YO11,6,1,4,313,B,B1,15,C
Other_Parent,YO11,6,2,4,314,B,B2,33,D
Other_Parent,YO11,7,3,4,318,E,E1,23,D
Other_Parent,YO11,8,1,4,319,C,C1,13,A
Other_Parent,YO11,8,2,4,320,D,D2,34,B
Other_Parent,YO11,8,3,4,321,F,F2,28,D
Other_Parent,YO11,8,4,4,322,E,E2,25,C
Other_Parent,SQ3,3,3,4,331,D,D1,6,A
Other_Parent,SQ3,4,2,4,333,A,A2,26,D
Other_Parent,SQ3,6,2,4,339,C,C2,30,C
Other_Parent,SQ3,6,3,4,340,F,F1,20,D
Other_Parent,WL1,3,2,4,344,A,A1,15,B
Other_Parent,WL1,4,1,4,345,B,B1,19,A
Other_Parent,WL1,4,2,4,346,B,B2,45,B
Other_Parent,WL1,4,3,4,347,E,E1,15,B
Other_Parent,WL1,6,1,4,348,C,C1,21,D
Other_Parent,WL1,6,2,4,349,D,D2,29,D
Other_Parent,WL1,6,3,4,350,F,F2,30,C
Other_Parent,WL1,6,4,4,351,E,E2,26,B
Other_Parent,WL1,6,5,4,352,D,D1,5,A
Other_Parent,WL1,7,1,4,353,A,A2,40,B
Other_Parent,WL1,7,2,4,354,C,C2,37,D
Other_Parent,WL1,7,3,4,355,F,F1,15,A
Other_Parent,WL1,7,4,4,356,A,A1,23,B
Other_Parent,WL1,7,5,4,357,B,B1,3,D
Other_Parent,WL1,8,1,4,358,B,B2,34,A
Other_Parent,WL1,8,2,4,359,E,E1,10,D
Other_Parent,WL1,8,3,4,360,C,C1,10,D
Other_Parent,WL1,8,4,4,361,D,D2,25,C
Other_Parent,WL1,1,1,4,362,F,F2,45,B
Other_Parent,WL1,2,3,4,363,E,E2,30,C
Other_Parent,WL1,3,1,4,364,D,D1,7,C
F1,BH x WL2,,5,5,369,A,A2,38,B
F1,BH x WL2,,10,5,374,C,C2,30,A
F1,BH x WL2,,11,5,375,F,F1,8,C
F1,BH x WL2,,16,5,380,A,A1,16,B
F1,BH x WL2,,17,5,381,B,B1,4,A
F1,BH x WL2,,18,5,382,B,B2,32,C
F1,BH x WL2,,19,5,383,E,E1,13,D
F1,BH x WL2,,20,5,384,C,C1,18,C
F1,BH x WL2,,21,5,385,D,D2,35,A
F1,BH x WL2,,22,5,386,F,F2,30,A
F1,BH x WL2,,23,5,387,E,E2,27,A
F1,BH x WL2,,24,5,388,D,D1,20,A
F1,BH x WL2,,29,5,393,A,A2,36,C
F1,BH x WL2,,30,5,394,C,C2,44,D
F1,CC x TM2,,6,5,400,F,F1,16,C
F1,CC x TM2,,9,5,403,A,A1,21,A
F1,CC x TM2,,11,5,405,B,B1,23,C
F1,CC x TM2,,18,5,412,B,B2,39,A
F1,CC x TM2,,19,5,413,E,E1,2,B
F1,CC x TM2,,30,5,424,C,C1,15,C
F1,DPR x TM2,,1,5,425,D,D2,40,C
F1,DPR x TM2,,2,5,426,F,F2,36,B
F1,DPR x TM2,,3,5,427,E,E2,26,C
F1,DPR x TM2,,4,5,428,D,D1,7,A
F1,DPR x TM2,,5,5,429,A,A2,35,A
F1,DPR x TM2,,6,5,430,C,C2,31,B
F1,DPR x TM2,,7,5,431,F,F1,12,D
F1,DPR x TM2,,8,5,432,A,A1,16,D
F1,DPR x TM2,,9,5,433,B,B1,23,B
F1,DPR x TM2,,10,5,434,B,B2,26,A
F1,DPR x TM2,,11,5,435,E,E1,8,A
F1,DPR x TM2,,12,5,436,C,C1,9,B
F1,DPR x TM2,,13,5,437,D,D2,43,A
F1,DPR x TM2,,14,5,438,F,F2,45,C
F1,DPR x TM2,,15,5,439,E,E2,26,D
F1,DPR x TM2,,16,5,440,D,D1,21,D
F1,DPR x TM2,,17,5,441,A,A2,34,B
F1,DPR x TM2,,18,5,442,C,C2,25,B
F1,DPR x TM2,,19,5,443,F,F1,3,C
F1,DPR x TM2,,20,5,444,A,A1,2,B
F1,DPR x TM2,,21,5,445,B,B1,4,C
F1,DPR x TM2,,22,5,446,B,B2,30,B
F1,DPR x TM2,,23,5,447,E,E1,14,A
F1,DPR x TM2,,24,5,448,C,C1,21,A
F1,DPR x TM2,,25,5,449,D,D2,35,C
F1,DPR x TM2,,26,5,450,F,F2,41,B
F1,DPR x TM2,,27,5,451,E,E2,42,C
F1,DPR x TM2,,28,5,452,D,D1,17,D
F1,DPR x TM2,,29,5,453,A,A2,39,D
F1,DPR x TM2,,30,5,454,C,C2,31,D
F1,DPR x WL2,,1,6,455,F,F1,6,C
F1,DPR x WL2,,6,6,460,A,A1,20,C
F1,DPR x WL2,,7,6,461,B,B1,8,A
F1,DPR x WL2,,14,6,462,B,B2,29,A
F1,DPR x WL2,,13,6,463,E,E1,4,B
F1,DPR x WL2,,12,6,464,C,C1,5,A
F1,DPR x WL2,,11,6,465,D,D2,37,C
F1,DPR x WL2,,10,6,466,F,F2,28,C
F1,DPR x WL2,,9,6,467,E,E2,45,A
F1,DPR x WL2,,8,6,468,D,D1,17,C
F1,DPR x WL2,,15,6,469,A,A2,24,D
F1,DPR x WL2,,16,6,470,C,C2,39,A
F1,DPR x WL2,,17,6,471,F,F1,9,D
F1,DPR x WL2,,18,6,472,A,A1,5,B
F1,DPR x WL2,,19,6,473,B,B1,17,D
F1,DPR x WL2,,20,6,474,B,B2,37,D
F1,DPR x WL2,,21,6,475,E,E1,20,D
F1,DPR x WL2,,22,6,476,C,C1,19,B
F1,DPR x WL2,,28,6,482,D,D2,45,D
F1,DPR x WL2,,29,6,483,F,F2,30,D
F1,DPR x WL2,,30,6,484,E,E2,40,D
F1,LV1 x TM2,,1,6,485,D,D1,17,A
F1,LV1 x TM2,,2,6,486,A,A2,31,A
F1,LV1 x TM2,,3,6,487,C,C2,38,A
F1,LV1 x TM2,,4,6,488,F,F1,14,B
F1,LV1 x TM2,,5,6,489,A,A1,20,B
F1,LV1 x TM2,,6,6,490,B,B1,16,C
F1,LV1 x TM2,,7,6,491,B,B2,35,C
F1,LV1 x TM2,,8,6,492,E,E1,9,B
F1,LV1 x TM2,,9,6,493,C,C1,10,C
F1,LV1 x TM2,,10,6,494,D,D2,26,D
F1,LV1 x TM2,,11,6,495,F,F2,26,C
F1,LV1 x TM2,,12,6,496,E,E2,28,D
F1,LV1 x TM2,,13,6,497,D,D1,10,D
F1,LV1 x TM2,,14,6,498,A,A2,39,B
F1,LV1 x TM2,,15,6,499,C,C2,34,A
F1,LV1 x TM2,,16,6,500,F,F1,11,B
F1,LV1 x TM2,,17,6,501,A,A1,5,C
F1,LV1 x TM2,,20,6,504,B,B1,7,C
F1,LV1 x TM2,,21,6,505,B,B2,38,D
F1,LV1 x TM2,,22,6,506,E,E1,16,A
F1,LV1 x TM2,,24,6,508,C,C1,3,B
F1,LV1 x TM2,,25,6,509,D,D2,31,A
F1,LV1 x TM2,,26,6,510,F,F2,41,D
F1,LV1 x TM2,,27,6,511,E,E2,33,B
F1,LV1 x TM2,,28,6,512,D,D1,3,B
F1,LV1 x TM2,,29,6,513,A,A2,36,A
F1,LV1 x TM2,,30,6,514,C,C2,41,A
F1,LV1 x WL2,,1,6,515,F,F1,4,D
F1,LV1 x WL2,,2,6,516,A,A1,9,B
F1,LV1 x WL2,,3,6,517,B,B1,18,D
F1,LV1 x WL2,,4,6,518,B,B2,33,C
F1,LV1 x WL2,,5,6,519,E,E1,4,A
F1,LV1 x WL2,,6,6,520,C,C1,16,A
F1,LV1 x WL2,,12,6,526,D,D2,24,A
F1,LV1 x WL2,,15,6,529,F,F2,43,A
F1,LV1 x WL2,,16,6,530,E,E2,37,A
F1,LV1 x WL2,,17,6,531,D,D1,7,D
F1,LV1 x WL2,,18,6,532,A,A2,33,B
F1,LV1 x WL2,,19,6,533,C,C2,42,C
F1,LV1 x WL2,,20,6,534,F,F1,3,B
F1,LV1 x WL2,,21,6,535,A,A1,12,B
F1,LV1 x WL2,,22,6,536,B,B1,20,C
F1,LV1 x WL2,,23,6,537,B,B2,28,D
F1,LV1 x WL2,,24,6,538,E,E1,22,A
F1,LV1 x WL2,,25,6,539,C,C1,15,A
F1,LV1 x WL2,,26,6,540,D,D2,40,B
F1,LV1 x WL2,,27,6,541,F,F2,40,B
F1,LV1 x WL2,,28,6,542,E,E2,31,A
F1,LV1 x WL2,,29,6,543,D,D1,14,B
F1,LV1 x WL2,,30,6,544,A,A2,37,B
F1,SQ3 x TM2,,5,7,549,C,C2,30,D
F1,SQ3 x TM2,,6,7,550,F,F1,10,A
F1,SQ3 x TM2,,7,7,551,A,A1,2,A
F1,SQ3 x TM2,,9,7,553,B,B1,15,B
F1,SQ3 x TM2,,10,7,554,B,B2,36,C
F1,SQ3 x TM2,,11,7,555,E,E1,18,D
F1,SQ3 x TM2,,12,7,556,C,C1,7,B
F1,SQ3 x TM2,,13,7,557,D,D2,29,B
F1,SQ3 x TM2,,14,7,558,F,F2,28,A
F1,SQ3 x TM2,,15,7,559,E,E2,30,D
F1,SQ3 x TM2,,16,7,560,D,D1,4,A
F1,SQ3 x TM2,,17,7,561,A,A2,26,A
F1,SQ3 x TM2,,18,7,562,C,C2,31,C
F1,SQ3 x TM2,,19,7,563,F,F1,23,A
F1,SQ3 x TM2,,20,7,564,A,A1,18,D
F1,SQ3 x TM2,,21,7,565,B,B1,21,B
F1,SQ3 x TM2,,22,7,566,B,B2,45,D
F1,SQ3 x TM2,,23,7,567,E,E1,12,D
F1,SQ3 x TM2,,24,7,568,C,C1,20,D
F1,SQ3 x TM2,,25,7,569,D,D2,41,C
F1,SQ3 x TM2,,26,7,570,F,F2,29,B
F1,SQ3 x TM2,,27,7,571,E,E2,36,D
F1,SQ3 x TM2,,28,7,572,D,D1,11,A
F1,SQ3 x TM2,,29,7,573,A,A2,41,D
F1,SQ3 x TM2,,30,7,574,C,C2,33,D
F1,SQ3 x WL2,,1,7,575,F,F1,10,D
F1,SQ3 x WL2,,2,7,576,A,A1,10,D
F1,SQ3 x WL2,,3,7,577,B,B1,11,B
F1,SQ3 x WL2,,6,7,580,B,B2,30,C
F1,SQ3 x WL2,,7,7,581,E,E1,3,D
F1,SQ3 x WL2,,8,7,582,C,C1,4,A
F1,SQ3 x WL2,,9,7,583,D,D2,24,D
F1,SQ3 x WL2,,11,7,585,F,F2,38,C
F1,SQ3 x WL2,,12,7,586,E,E2,39,B
F1,SQ3 x WL2,,16,7,590,D,D1,16,C
F1,SQ3 x WL2,,26,7,600,A,A2,30,B
F1,TM2 x BH,,1,7,605,C,C2,24,D
F1,TM2 x BH,,2,7,606,F,F1,16,D
F1,TM2 x BH,,4,7,608,A,A1,23,D
F1,TM2 x BH,,5,7,609,B,B1,22,A
F1,TM2 x BH,,6,7,610,B,B2,37,A
F1,TM2 x BH,,7,7,611,E,E1,3,B
F1,TM2 x BH,,8,7,612,C,C1,2,D
F1,TM2 x BH,,11,7,615,D,D2,43,C
F1,TM2 x BH,,12,7,616,F,F2,41,C
F1,TM2 x BH,,13,7,617,E,E2,37,D
F1,TM2 x BH,,14,7,618,D,D1,13,B
F1,TM2 x CC,,1,8,619,A,A2,29,B
F1,TM2 x CC,,2,8,620,C,C2,32,B
F1,TM2 x CC,,3,8,621,F,F1,10,C
F1,TM2 x CC,,4,8,622,A,A1,7,A
F1,TM2 x CC,,5,8,623,B,B1,3,A
F1,TM2 x CC,,6,8,624,B,B2,40,B
F1,TM2 x CC,,8,8,626,E,E1,11,D
F1,TM2 x CC,,9,8,627,C,C1,17,B
F1,TM2 x CC,,10,8,628,D,D2,25,A
F1,TM2 x CC,,12,8,630,F,F2,40,A
F1,TM2 x CC,,13,8,631,E,E2,40,C
F1,TM2 x CC,,15,8,633,D,D1,12,A
F1,TM2 x CC,,20,8,638,A,A2,28,C
F1,TM2 x CC,,22,8,640,C,C2,39,C
F1,TM2 x CC,,23,8,641,F,F1,8,D
F1,TM2 x CC,,25,8,643,A,A1,11,A
F1,TM2 x CC,,26,8,644,B,B1,16,D
F1,TM2 x CC,,28,8,646,B,B2,26,C
F1,TM2 x DPR,,1,8,649,E,E1,18,A
F1,TM2 x DPR,,2,8,650,C,C1,11,D
F1,TM2 x DPR,,3,8,651,D,D2,42,B
F1,TM2 x DPR,,4,8,652,F,F2,24,C
F1,TM2 x DPR,,5,8,653,E,E2,32,D
F1,TM2 x DPR,,6,8,654,D,D1,12,B
F1,TM2 x DPR,,7,8,655,A,A2,42,B
F1,TM2 x DPR,,8,8,656,C,C2,43,B
F1,TM2 x DPR,,9,8,657,F,F1,11,A
F1,TM2 x DPR,,10,8,658,A,A1,8,A
F1,TM2 x DPR,,11,8,659,B,B1,7,D
F1,TM2 x DPR,,12,8,660,B,B2,30,D
F1,TM2 x DPR,,13,8,661,E,E1,21,C
F1,TM2 x DPR,,14,8,662,C,C1,14,B
F1,TM2 x DPR,,15,8,663,D,D2,42,C
F1,TM2 x DPR,,16,8,664,F,F2,28,B
F1,TM2 x DPR,,17,8,665,E,E2,38,C
F1,TM2 x DPR,,18,8,666,D,D1,8,A
F1,TM2 x DPR,,19,8,667,A,A2,39,C
F1,TM2 x DPR,,20,8,668,C,C2,27,D
F1,TM2 x DPR,,21,8,669,F,F1,4,C
F1,TM2 x DPR,,22,8,670,A,A1,16,C
F1,TM2 x DPR,,23,8,671,B,B1,11,A
F1,TM2 x DPR,,24,8,672,B,B2,43,A
F1,TM2 x DPR,,25,8,673,E,E1,15,A
F1,TM2 x DPR,,26,8,674,C,C1,16,B
F1,TM2 x DPR,,27,8,675,D,D2,31,C
F1,TM2 x DPR,,28,8,676,F,F2,32,C
F1,TM2 x DPR,,29,8,677,E,E2,42,D
F1,TM2 x DPR,,30,8,678,D,D1,3,C
F1,TM2 x WL1,,1,8,679,A,A2,24,A
F1,TM2 x WL1,,2,8,680,C,C2,41,D
F1,TM2 x WL1,,4,8,682,F,F1,14,A
F1,TM2 x WL1,,6,8,684,A,A1,8,B
F1,TM2 x WL1,,7,8,685,B,B1,9,B
F1,TM2 x WL1,,8,8,686,B,B2,44,A
F1,TM2 x WL1,,10,8,688,E,E1,17,B
F1,TM2 x WL1,,11,8,689,C,C1,5,C
F1,TM2 x WL1,,12,8,690,D,D2,35,B
F1,TM2 x WL1,,13,8,691,F,F2,29,C
F1,TM2 x WL1,,15,8,693,E,E2,39,A
F1,TM2 x WL1,,18,8,696,D,D1,5,C
F1,TM2 x WL1,,20,8,698,A,A2,38,D
F1,TM2 x WL1,,21,8,699,C,C2,43,D
F1,TM2 x WL1,,29,8,707,F,F1,5,C
F1,TM2 x WL1,,30,8,708,A,A1,12,C
F1,TM2 x WL2,,1,9,709,B,B1,17,C
F1,TM2 x WL2,,2,9,710,B,B2,41,D
F1,TM2 x WL2,,3,9,711,E,E1,19,B
F1,TM2 x WL2,,4,9,712,C,C1,6,D
F1,TM2 x WL2,,5,9,713,D,D2,38,B
F1,TM2 x WL2,,6,9,714,F,F2,34,A
F1,TM2 x WL2,,7,9,715,E,E2,28,B
F1,TM2 x WL2,,8,9,716,D,D1,9,D
F1,TM2 x WL2,,9,9,717,A,A2,34,A
F1,TM2 x WL2,,10,9,718,C,C2,28,A
F1,TM2 x WL2,,11,9,719,F,F1,18,D
F1,TM2 x WL2,,12,9,720,A,A1,12,A
F1,TM2 x WL2,,13,9,721,B,B1,14,B
F1,TM2 x WL2,,14,9,722,B,B2,42,A
F1,TM2 x WL2,,15,9,723,E,E1,14,D
F1,TM2 x WL2,,16,9,724,C,C1,9,C
F1,TM2 x WL2,,17,9,725,D,D2,28,A
F1,TM2 x WL2,,18,9,726,F,F2,35,A
F1,TM2 x WL2,,19,9,727,E,E2,38,B
F1,TM2 x WL2,,20,9,728,D,D1,18,D
F1,TM2 x WL2,,21,9,729,A,A2,29,A
F1,TM2 x WL2,,22,9,730,C,C2,32,D
F1,TM2 x WL2,,23,9,731,F,F1,7,A
F1,TM2 x WL2,,24,9,732,A,A1,20,D
F1,TM2 x WL2,,25,9,733,B,B1,8,B
F1,TM2 x WL2,,26,9,734,B,B2,26,D
F1,TM2 x WL2,,27,9,735,E,E1,5,D
F1,TM2 x WL2,,28,9,736,C,C1,14,A
F1,TM2 x WL2,,29,9,737,D,D2,36,D
F1,TM2 x WL2,,30,9,738,F,F2,37,D
F1,TM2 x WV,,1,9,739,E,E2,35,B
F1,TM2 x WV,,3,9,741,D,D1,12,C
F1,TM2 x WV,,5,9,743,A,A2,37,A
F1,TM2 x WV,,6,9,744,C,C2,27,A
F1,TM2 x WV,,8,9,746,F,F1,5,A
F1,TM2 x WV,,9,9,747,A,A1,10,C
F1,TM2 x WV,,10,9,748,B,B1,7,B
F1,TM2 x WV,,11,9,749,B,B2,39,D
F1,TM2 x WV,,12,9,750,E,E1,20,B
F1,TM2 x WV,,13,9,751,C,C1,14,D
F1,TM2 x WV,,15,9,753,D,D2,37,A
F1,TM2 x YO11,,2,9,756,F,F2,38,D
F1,TM2 x YO11,,3,9,757,E,E2,34,C
F1,TM2 x YO11,,5,9,759,D,D1,19,B
F1,TM2 x YO11,,7,9,761,A,A2,25,D
F1,TM2 x YO11,,8,9,762,C,C2,25,A
F1,TM2 x YO11,,10,9,764,F,F1,2,C
F1,TM2 x YO11,,11,9,765,A,A1,5,A
F1,TM2 x YO11,,13,9,767,B,B1,4,D
F1,TM2 x YO11,,14,9,768,B,B2,24,D
F1,TM2 x YO11,,16,9,770,E,E1,5,A
F1,TM2 x YO11,,17,9,771,C,C1,18,A
F1,WL1 x TM2,,1,9,772,D,D2,41,A
F1,WL1 x TM2,,2,9,773,F,F2,38,A
F1,WL1 x TM2,,3,9,774,E,E2,36,C
F1,WL1 x TM2,,4,9,775,D,D1,9,A
F1,WL1 x TM2,,5,9,776,A,A2,25,C
F1,WL1 x TM2,,6,9,777,C,C2,26,C
F1,WL1 x TM2,,7,9,778,F,F1,13,C
F1,WL1 x TM2,,8,9,779,A,A1,8,D
F1,WL2 x BH,,2,10,781,B,B1,10,C
F1,WL2 x BH,,4,10,783,B,B2,36,D
F1,WL2 x BH,,5,10,784,E,E1,9,D
F1,WL2 x BH,,6,10,785,C,C1,12,C
F1,WL2 x BH,,7,10,786,D,D2,39,D
F1,WL2 x BH,,8,10,787,F,F2,27,C
F1,WL2 x BH,,9,10,788,E,E2,31,C
F1,WL2 x BH,,10,10,789,D,D1,8,B
F1,WL2 x BH,,11,10,790,A,A2,43,D
F1,WL2 x BH,,12,10,791,C,C2,38,B
F1,WL2 x BH,,16,10,795,F,F1,11,D
F1,WL2 x BH,,17,10,796,A,A1,14,C
F1,WL2 x BH,,18,10,797,B,B1,21,A
F1,WL2 x BH,,22,10,801,B,B2,41,A
F1,WL2 x BH,,23,10,802,E,E1,13,B
F1,WL2 x BH,,26,10,805,C,C1,10,A
F1,WL2 x BH,,27,10,806,D,D2,42,D
F1,WL2 x BH,,28,10,807,F,F2,37,A
F1,WL2 x CC,,3,10,812,E,E2,28,A
F1,WL2 x CC,,5,10,814,D,D1,15,D
F1,WL2 x CC,,11,10,820,A,A2,25,A
F1,WL2 x CC,,18,10,827,C,C2,40,D
F1,WL2 x CC,,20,10,829,F,F1,22,C
F1,WL1 x WL2,,7,10,837,A,A1,19,D
F1,WL1 x WL2,,8,10,838,B,B1,7,A
F1,WL1 x WL2,,9,10,839,B,B2,37,B
F1,WL1 x WL2,,10,10,840,E,E1,7,D
F1,WL1 x WL2,,11,10,841,C,C1,18,B
F1,WL1 x WL2,,12,10,842,D,D2,28,B
F1,WL1 x WL2,,13,10,843,F,F2,26,D
F1,WL1 x WL2,,14,10,844,E,E2,27,B
F1,WL1 x WL2,,15,10,845,D,D1,16,A
F1,WL1 x WL2,,16,10,846,A,A2,28,A
F1,WL1 x WL2,,17,10,847,C,C2,28,D
F1,WL1 x WL2,,18,10,848,F,F1,13,D
F1,WL1 x WL2,,19,10,849,A,A1,20,A
F1,WL1 x WL2,,20,10,850,B,B1,5,B
F1,WL1 x WL2,,21,10,851,B,B2,40,D
F1,WL1 x WL2,,22,10,852,E,E1,6,B
F1,WL1 x WL2,,23,10,853,C,C1,8,C
F1,WL1 x WL2,,24,10,854,D,D2,37,D
F1,WL1 x WL2,,25,10,855,F,F2,36,A
F1,WL1 x WL2,,26,10,856,E,E2,25,B
F1,WL1 x WL2,,27,10,857,D,D1,7,B
F1,WL1 x WL2,,28,10,858,A,A2,40,C
F1,WL1 x WL2,,29,10,859,C,C2,26,D
F1,WL1 x WL2,,30,10,860,F,F1,21,A
F1,WL2 x DPR,,4,11,864,A,A1,10,B
F1,WL2 x DPR,,6,11,866,B,B1,10,D
F1,WL2 x DPR,,8,11,868,B,B2,25,B
F1,WL2 x DPR,,19,11,879,E,E1,22,C
F1,WL2 x DPR,,23,11,883,C,C1,7,C
F1,WL2 x DPR,,26,11,886,D,D2,33,D
F1,WL2 x DPR,,27,11,887,F,F2,27,B
F1,WL2 x DPR,,28,11,888,E,E2,36,B
F1,WL2 x DPR,,30,11,890,D,D1,12,D
F1,WL2 x LV1,,9,11,899,A,A2,43,B
F1,WL2 x WL1,,3,11,912,C,C2,39,B
F1,WL2 x WL1,,5,11,914,F,F1,12,C
F1,WL2 x WL1,,6,11,915,A,A1,21,B
F1,WL2 x WL1,,12,11,921,B,B1,12,B
F1,WL2 x WL1,,13,11,922,B,B2,45,C
F1,WL2 x WL1,,14,11,923,E,E1,6,D
F1,WL2 x WL1,,19,11,928,C,C1,19,D
F1,WL2 x WL1,,23,11,932,D,D2,36,A
F1,WL2 x WL1,,29,11,938,F,F2,31,A
F1,WL2 x WV,,8,11,947,E,E2,24,A
F1,WL2 x WV,,9,11,948,D,D1,2,B
F1,WL2 x WV,,10,11,949,A,A2,31,D
F1,WL2 x WV,,11,11,950,C,C2,24,B
F1,WL2 x WV,,12,11,951,F,F1,23,C
F1,WL2 x WV,,13,11,952,A,A1,9,D
F1,WL2 x WV,,14,11,953,B,B1,14,D
F1,WL2 x WV,,16,11,955,B,B2,29,B
F1,WL2 x YO11,,5,12,960,E,E1,19,C
F1,WL2 x YO11,,10,12,965,C,C1,22,D
F1,WL2 x YO11,,13,12,968,D,D2,28,D
F1,WL2 x YO11,,14,12,969,F,F2,40,D
F1,WL2 x YO11,,20,12,975,E,E2,30,A
F1,WL2 x YO11,,23,12,978,D,D1,23,A
F1,WL2 x YO11,,25,12,980,A,A2,29,C
F1,WL2 x YO11,,29,12,984,C,C2,36,A
F1,WV x TM2,,1,12,986,F,F1,18,B
F1,WV x TM2,,2,12,987,A,A1,4,D
F1,WV x TM2,,3,12,988,B,B1,14,C
F1,WV x TM2,,4,12,989,B,B2,39,B
F1,WV x TM2,,5,12,990,E,E1,3,C
F1,WV x TM2,,6,12,991,C,C1,12,A
F1,WV x TM2,,7,12,992,D,D2,31,D
F1,WV x TM2,,8,12,993,F,F2,35,D
F1,WV x TM2,,9,12,994,E,E2,32,A
F1,WV x TM2,,10,12,995,D,D1,6,B
F1,WV x TM2,,11,12,996,A,A2,43,A
F1,WV x TM2,,12,12,997,C,C2,37,C
F1,WV x TM2,,13,12,998,F,F1,20,B
F1,WV x TM2,,14,12,999,A,A1,9,C
F1,WV x TM2,,15,12,1000,B,B1,20,A
F1,WV x TM2,,16,12,1001,B,B2,40,A
F1,WV x TM2,,17,12,1002,E,E1,22,D
F1,WV x TM2,,18,12,1003,C,C1,14,C
F1,WV x TM2,,19,12,1004,D,D2,28,C
F1,WV x TM2,,20,12,1005,F,F2,24,B
F1,WV x TM2,,21,12,1006,E,E2,39,D
F1,WV x TM2,,22,12,1007,D,D1,18,B
F1,WV x TM2,,23,12,1008,A,A2,34,C
F1,WV x TM2,,24,12,1009,C,C2,37,A
F1,WV x TM2,,25,12,1010,F,F1,15,B
F1,WV x TM2,,26,12,1011,A,A1,17,D
F1,WV x TM2,,27,12,1012,B,B1,17,A
F1,WV x TM2,,28,12,1013,B,B2,43,C
F1,WV x TM2,,29,12,1014,E,E1,18,B
F1,WV x TM2,,30,12,1015,C,C1,10,B
F1,WV x WL2,,1,12,1016,D,D2,34,C
F1,WV x WL2,,2,12,1017,F,F2,44,C
F1,WV x WL2,,3,12,1018,E,E2,36,A
F1,WV x WL2,,4,12,1019,D,D1,2,D
F1,WV x WL2,,5,12,1020,A,A2,31,B
F1,WV x WL2,,6,12,1021,C,C2,37,B
F1,WV x WL2,,7,12,1022,F,F1,22,B
F1,WV x WL2,,8,12,1023,A,A1,14,A
F1,WV x WL2,,9,12,1024,B,B1,21,C
F1,WV x WL2,,10,12,1025,B,B2,32,B
F1,WV x WL2,,11,12,1026,E,E1,9,A
F1,WV x WL2,,12,12,1027,C,C1,17,A
F1,WV x WL2,,13,12,1028,D,D2,29,A
F1,WV x WL2,,14,12,1029,F,F2,34,C
F1,WV x WL2,,15,12,1030,E,E2,34,D
F1,WV x WL2,,16,12,1031,D,D1,15,B
F1,WV x WL2,,17,12,1032,A,A2,44,C
F1,WV x WL2,,18,12,1033,C,C2,36,C
F1,WV x WL2,,19,12,1034,F,F1,16,B
F1,WV x WL2,,20,12,1035,A,A1,6,B
F1,WV x WL2,,21,12,1036,B,B1,13,D
F1,WV x WL2,,22,12,1037,B,B2,34,D
F1,WV x WL2,,23,12,1038,E,E1,12,C
F1,WV x WL2,,24,12,1039,C,C1,9,A
F1,WV x WL2,,25,12,1040,D,D2,37,B
F1,WV x WL2,,26,12,1041,F,F2,36,D
F1,WV x WL2,,27,12,1042,E,E2,40,A
F1,WV x WL2,,28,12,1043,D,D1,18,C
F1,WV x WL2,,29,12,1044,A,A2,40,D
F1,WV x WL2,,30,12,1045,C,C2,28,C
F2,(WL2 x DPR) x DPR,,1,13,1046,F,F1,12,B
F2,(WL2 x DPR) x DPR,,2,13,1047,A,A1,14,D
F2,(WL2 x DPR) x DPR,,3,13,1048,B,B1,12,C
F2,(WL2 x DPR) x DPR,,4,13,1049,B,B2,34,C
F2,(WL2 x DPR) x DPR,,5,13,1050,E,E1,8,B
F2,(WL2 x DPR) x DPR,,6,13,1051,C,C1,13,C
F2,(WL2 x DPR) x DPR,,7,13,1052,D,D2,38,D
F2,(WL2 x DPR) x DPR,,8,13,1053,F,F2,39,B
F2,(WL2 x DPR) x DPR,,9,13,1054,E,E2,44,C
F2,(WL2 x DPR) x DPR,,19,13,1055,D,D2,39,A
F2,(WL2 x DPR) x DPR,,10,13,1056,D,D1,22,D
F2,(WL2 x DPR) x DPR,,11,13,1057,A,A2,27,D
F2,(WL2 x DPR) x DPR,,12,13,1058,C,C2,35,C
F2,(WL2 x DPR) x DPR,,13,13,1059,F,F1,3,D
F2,(WL2 x DPR) x DPR,,14,13,1060,A,A1,18,A
F2,(WL2 x DPR) x DPR,,15,13,1061,B,B1,13,C
F2,(WL2 x DPR) x DPR,,16,13,1062,B,B2,43,B
F2,(WL2 x DPR) x DPR,,17,13,1063,E,E1,6,A
F2,(WL2 x DPR) x DPR,,18,13,1064,C,C1,3,A
F2,(WL2 x DPR) x DPR,,20,13,1065,F,F2,37,C
F2,(WL2 x DPR) x WL2,,1,13,1066,E,E2,26,A
F2,(WL2 x DPR) x WL2,,2,13,1067,D,D1,11,B
F2,(WL2 x DPR) x WL2,,3,13,1068,A,A2,42,A
F2,(WL2 x DPR) x WL2,,4,13,1069,C,C2,29,C
F2,(WL2 x DPR) x WL2,,5,13,1070,F,F1,14,D
F2,(WL2 x DPR) x WL2,,6,13,1071,A,A1,6,D
F2,(WL2 x DPR) x WL2,,7,13,1072,B,B1,11,D
F2,(WL2 x DPR) x WL2,,8,13,1073,B,B2,44,D
F2,(WL2 x DPR) x WL2,,9,13,1074,E,E1,17,D
F2,(WL2 x DPR) x WL2,,10,13,1075,C,C1,6,C
F2,(WL2 x DPR) x WL2,,11,13,1076,D,D2,27,D
F2,(WL2 x DPR) x WL2,,12,13,1077,F,F2,39,C
F2,(WL2 x DPR) x WL2,,13,13,1078,E,E2,24,D
F2,(WL2 x DPR) x WL2,,14,13,1079,D,D1,11,D
F2,(WL2 x DPR) x WL2,,15,13,1080,A,A2,36,B
F2,(WL2 x DPR) x WL2,,16,13,1081,C,C2,43,C
F2,(WL2 x DPR) x WL2,,17,13,1082,F,F1,2,A
F2,(WL2 x DPR) x WL2,,18,13,1083,A,A1,13,D
F2,(WL2 x DPR) x WL2,,19,13,1084,B,B1,20,B
F2,(WL2 x DPR) x WL2,,20,13,1085,B,B2,36,A
F2,WV x (WV x WL2),,1,13,1086,E,E1,11,A
F2,WV x (WV x WL2),,2,13,1087,C,C1,23,D
F2,WV x (WV x WL2),,3,13,1088,D,D2,40,D
F2,WV x (WV x WL2),,4,13,1089,F,F2,31,B
F2,WV x (WV x WL2),,5,13,1090,E,E2,44,D
F2,WV x (WV x WL2),,6,13,1091,D,D1,10,C
F2,WV x (WV x WL2),,7,13,1092,A,A2,32,D
F2,WV x (WV x WL2),,8,13,1093,C,C2,45,A
F2,WV x (WV x WL2),,9,13,1094,F,F1,4,A
F2,WV x (WV x WL2),,10,13,1095,A,A1,14,B
F2,WV x (WV x WL2),,11,13,1096,B,B1,13,A
F2,WV x (WV x WL2),,12,13,1097,B,B2,44,B
F2,WV x (WV x WL2),,13,13,1098,E,E1,15,D
F2,WV x (WV x WL2),,14,13,1099,C,C1,12,D
F2,WV x (WV x WL2),,15,13,1100,D,D2,34,D
F2,WV x (WV x WL2),,16,13,1101,F,F2,25,C
F2,WV x (WV x WL2),,17,13,1102,E,E2,42,A
F2,WV x (WV x WL2),,18,13,1103,D,D1,8,C
F2,WV x (WV x WL2),,19,13,1104,A,A2,33,D
F2,WV x (WV x WL2),,20,13,1105,C,C2,32,C
F2,(LV1 x WL2) x (SQ3 x WL2),,7,13,1112,F,F1,13,B
F2,(LV1 x WL2) x (SQ3 x WL2),,17,13,1122,A,A1,12,D
F2,DPR x (DPR x WL2),,3,14,1128,B,B1,9,C
F2,DPR x (WL2 x DPR),,2,14,1131,B,B2,27,C
F2,DPR x (WL2 x DPR),,3,14,1132,E,E1,5,C
F2,DPR x (WL2 x DPR),,4,14,1133,C,C1,20,A
F2,DPR x (WL2 x DPR),,5,14,1134,D,D2,25,B
F2,(LV1 x WL2) x WL2,,1,14,1135,F,F2,37,B
F2,(LV1 x WL2) x WL2,,2,14,1136,E,E2,41,D
F2,(LV1 x WL2) x WL2,,3,14,1137,D,D1,19,D
F2,(LV1 x WL2) x WL2,,4,14,1138,A,A2,35,C
F2,(LV1 x WL2) x WL2,,5,14,1139,C,C2,33,A
F2,(LV1 x WL2) x WL2,,6,14,1140,F,F1,19,A
F2,(LV1 x WL2) x WL2,,7,14,1141,A,A1,7,D
F2,(LV1 x WL2) x WL2,,8,14,1142,B,B1,18,B
F2,(LV1 x WL2) x WL2,,9,14,1143,B,B2,25,C
F2,(LV1 x WL2) x WL2,,10,14,1144,E,E1,13,C
F2,(LV1 x WL2) x WL2,,11,14,1145,C,C1,7,A
F2,(LV1 x WL2) x WL2,,12,14,1146,D,D2,26,A
F2,(LV1 x WL2) x WL2,,13,14,1147,F,F2,29,A
F2,(LV1 x WL2) x WL2,,14,14,1148,E,E2,25,A
F2,(LV1 x WL2) x WL2,,15,14,1149,D,D1,6,D
F2,(LV1 x WL2) x WL2,,16,14,1150,A,A2,32,B
F2,(LV1 x WL2) x WL2,,17,14,1151,C,C2,38,C
F2,(LV1 x WL2) x WL2,,18,14,1152,F,F1,19,D
F2,(LV1 x WL2) x WL2,,19,14,1153,A,A1,21,D
F2,(LV1 x WL2) x WL2,,20,14,1154,B,B1,8,C
F2,(LV1 x WL2) x (YO11 x WL2),,6,14,1160,B,B2,31,C
F2,(SQ3 x WL2) x (SQ3 x WL2),,3,14,1165,E,E1,15,C
F2,(SQ3 x WL2) x WL2,,1,14,1172,C,C1,4,D
F2,(SQ3 x WL2) x WL2,,2,14,1173,D,D2,41,B
F2,(SQ3 x WL2) x WL2,,14,14,1185,F,F2,36,C
F2,TM2 x (TM2 x BH),,3,14,1194,E,E2,32,C
F2,TM2 x (TM2 x BH),,4,14,1195,D,D1,23,B
F2,TM2 x (TM2 x BH),,5,14,1196,A,A2,45,B
F2,TM2 x (TM2 x BH),,6,14,1197,C,C2,26,B
F2,TM2 x (TM2 x BH),,7,14,1198,F,F1,17,A
F2,TM2 x (TM2 x BH),,8,14,1199,A,A1,2,C
F2,TM2 x (TM2 x BH),,9,14,1200,B,B1,3,B
F2,TM2 x (TM2 x BH),,11,14,1202,B,B2,33,B
F2,TM2 x (TM2 x BH),,13,14,1204,E,E1,20,C
F2,TM2 x (TM2 x BH),,17,14,1208,C,C1,20,C
F2,TM2 x (TM2 x BH),,18,14,1209,D,D2,36,B
F2,TM2 x (TM2 x BH),,19,14,1210,F,F2,40,C
F2,TM2 x (TM2 x BH),,20,14,1211,E,E2,42,B
F2,(TM2 x BH) x TM2,,1,15,1212,D,D1,16,D
F2,(TM2 x BH) x TM2,,2,15,1213,A,A2,32,A
F2,(TM2 x BH) x TM2,,3,15,1214,C,C2,29,D
F2,(TM2 x BH) x TM2,,4,15,1215,F,F1,7,D
F2,(TM2 x BH) x TM2,,5,15,1216,A,A1,3,D
F2,(TM2 x BH) x TM2,,6,15,1217,B,B1,20,D
F2,(TM2 x BH) x TM2,,7,15,1218,B,B2,40,C
F2,(TM2 x BH) x TM2,,8,15,1219,E,E1,16,C
F2,(TM2 x BH) x TM2,,9,15,1220,C,C1,15,B
F2,(TM2 x BH) x TM2,,10,15,1221,D,D2,35,D
F2,(TM2 x BH) x TM2,,11,15,1222,F,F2,35,B
F2,(TM2 x BH) x TM2,,12,15,1223,E,E2,45,B
F2,(TM2 x BH) x TM2,,13,15,1224,D,D1,10,A
F2,(TM2 x BH) x TM2,,14,15,1225,A,A2,33,A
F2,(TM2 x BH) x TM2,,15,15,1226,C,C2,29,B
F2,(TM2 x BH) x TM2,,16,15,1227,F,F1,17,B
F2,(TM2 x BH) x TM2,,17,15,1228,A,A1,13,B
F2,(TM2 x BH) x TM2,,18,15,1229,B,B1,15,D
F2,(TM2 x BH) x TM2,,19,15,1230,B,B2,33,A
F2,(TM2 x BH) x TM2,,20,15,1231,E,E1,21,D
F2,(TM2 x BH) x (TM2 x WL2),,1,15,1232,C,C1,12,B
F2,(TM2 x BH) x (TM2 x WL2),,2,15,1233,D,D2,27,C
F2,(TM2 x BH) x (TM2 x WL2),,3,15,1234,F,F2,31,C
F2,(TM2 x BH) x (TM2 x WL2),,4,15,1235,E,E2,35,C
F2,(TM2 x BH) x (TM2 x WL2),,5,15,1236,D,D1,5,B
F2,(TM2 x BH) x (TM2 x WL2),,6,15,1237,A,A2,42,C
F2,(TM2 x BH) x (TM2 x WL2),,7,15,1238,C,C2,33,C
F2,(TM2 x BH) x (TM2 x WL2),,8,15,1239,F,F1,17,C
F2,(TM2 x BH) x (TM2 x WL2),,9,15,1240,A,A1,4,C
F2,(TM2 x BH) x (TM2 x WL2),,10,15,1241,B,B1,14,A
F2,(TM2 x BH) x (TM2 x WL2),,11,15,1242,B,B2,32,A
F2,(TM2 x BH) x (TM2 x WL2),,12,15,1243,E,E1,22,B
F2,(TM2 x BH) x (TM2 x WL2),,13,15,1244,C,C1,17,D
F2,(TM2 x BH) x (TM2 x WL2),,14,15,1245,D,D2,26,C
F2,(TM2 x BH) x (TM2 x WL2),,15,15,1246,F,F2,42,C
F2,(TM2 x BH) x (TM2 x WL2),,16,15,1247,E,E2,34,A
F2,(TM2 x BH) x (TM2 x WL2),,17,15,1248,D,D1,17,B
F2,(TM2 x BH) x (TM2 x WL2),,18,15,1249,A,A2,44,D
F2,(TM2 x BH) x (TM2 x WL2),,19,15,1250,C,C2,35,D
F2,(TM2 x BH) x (TM2 x WL2),,20,15,1251,F,F1,2,B
F2,(TM2 x WL2) x (TM2 x BH),,1,15,1252,A,A1,3,B
F2,(TM2 x WL2) x (TM2 x BH),,3,15,1254,B,B1,6,D
F2,(TM2 x WL2) x (TM2 x BH),,4,15,1255,B,B2,31,D
F2,(TM2 x WL2) x (TM2 x BH),,5,15,1256,E,E1,4,C
F2,(TM2 x WL2) x (TM2 x BH),,6,15,1257,C,C1,6,B
F2,(TM2 x WL2) x (TM2 x BH),,7,15,1258,D,D2,44,D
F2,(TM2 x WL2) x (TM2 x BH),,9,15,1260,F,F2,32,A
F2,(TM2 x WL2) x (TM2 x BH),,10,15,1261,E,E2,29,D
F2,(TM2 x WL2) x (TM2 x BH),,11,15,1262,D,D1,13,C
F2,(TM2 x WL2) x (TM2 x WL2),,1,15,1264,A,A2,32,C
F2,(TM2 x WL2) x (TM2 x WL2),,2,15,1265,C,C2,42,D
F2,(TM2 x WL2) x (TM2 x WL2),,3,15,1266,F,F1,20,A
F2,(TM2 x WL2) x (TM2 x WL2),,4,15,1267,A,A1,13,A
F2,(TM2 x WL2) x (TM2 x WL2),,6,15,1269,B,B1,22,C
F2,(TM2 x WL2) x (TM2 x WL2),,7,15,1270,B,B2,31,A
F2,(TM2 x WL2) x (TM2 x WL2),,8,15,1271,E,E1,13,A
F2,(TM2 x WL2) x (TM2 x WL2),,10,15,1273,C,C1,9,D
F2,(TM2 x WL2) x (TM2 x WL2),,11,15,1274,D,D2,25,D
F2,(TM2 x WL2) x WL2,,1,15,1275,F,F2,38,B
F2,(TM2 x WL2) x WL2,,2,15,1276,E,E2,39,C
F2,(TM2 x WL2) x WL2,,3,15,1277,D,D1,14,C
F2,(TM2 x WL2) x WL2,,4,15,1278,A,A2,40,A
F2,(TM2 x WL2) x WL2,,5,15,1279,C,C2,44,C
F2,(TM2 x WL2) x WL2,,6,15,1280,F,F1,13,A
F2,(TM2 x WL2) x WL2,,7,15,1281,A,A1,2,D
F2,(TM2 x WL2) x WL2,,8,15,1282,B,B1,18,A
F2,(TM2 x WL2) x WL2,,9,15,1283,B,B2,42,B
F2,(TM2 x WL2) x WL2,,10,15,1284,E,E1,16,B
F2,(TM2 x WL2) x WL2,,11,15,1285,C,C1,11,C
F2,(TM2 x WL2) x WL2,,12,15,1286,D,D2,44,C
F2,(TM2 x WL2) x WL2,,13,15,1287,F,F2,30,B
F2,(TM2 x WL2) x WL2,,14,15,1288,E,E2,27,D
F2,(TM2 x WL2) x WL2,,15,15,1289,D,D1,19,C
F2,(TM2 x WL2) x WL2,,16,15,1290,A,A2,39,A
F2,(TM2 x WL2) x WL2,,17,15,1291,C,C2,39,D
F2,(TM2 x WL2) x WL2,,18,15,1292,F,F1,22,A
F2,(TM2 x WL2) x WL2,,19,15,1293,A,A1,22,A
F2,(TM2 x WL2) x WL2,,20,15,1294,B,B1,10,B
F2,(TM2 x WL2) x (YO11 x WL2),,1,15,1295,B,B2,27,A
F2,(TM2 x WL2) x (YO11 x WL2),,2,15,1296,E,E1,9,C
F2,(TM2 x WL2) x (YO11 x WL2),,3,15,1297,C,C1,8,D
F2,(TM2 x WL2) x (YO11 x WL2),,4,15,1298,D,D2,43,B
F2,(TM2 x WL2) x (YO11 x WL2),,6,15,1300,F,F2,25,B
F2,(TM2 x WL2) x (YO11 x WL2),,7,15,1301,E,E2,41,C
F2,(TM2 x WL2) x (YO11 x WL2),,8,15,1302,D,D1,19,A
F2,(TM2 x WL2) x (YO11 x WL2),,10,15,1304,A,A2,45,C
F2,(TM2 x WL2) x TM2,,3,16,1309,C,C2,27,C
F2,(YO11 x WL2) x WL2,,2,16,1312,F,F1,19,C
F2,(YO11 x WL2) x WL2,,5,16,1315,A,A1,3,A
F2,(YO11 x WL2) x WL2,,6,16,1316,B,B1,19,C
F2,(YO11 x WL2) x WL2,,7,16,1317,B,B2,35,B
F2,(YO11 x WL2) x WL2,,11,16,1321,E,E1,6,C
F2,(YO11 x WL2) x WL2,,20,16,1330,C,C1,15,D
F2,(WV x WL2) x WV,,3,16,1333,D,D2,44,A
F2,(WV x WL2) x WV,,4,16,1334,F,F2,41,A
F2,(WV x WL2) x WV,,5,16,1335,E,E2,33,C
F2,(WV x WL2) x WV,,6,16,1336,D,D1,2,A
F2,(WV x WL2) x WV,,7,16,1337,A,A2,38,A
F2,(WV x WL2) x WV,,8,16,1338,C,C2,28,B
F2,(WV x WL2) x WV,,9,16,1339,F,F1,4,B
F2,(WV x WL2) x WV,,14,16,1344,A,A1,6,A
F2,(WV x WL2) x WV,,16,16,1346,B,B1,22,D
F2,(WV x WL2) x WV,,17,16,1347,B,B2,24,B
F2,(WV x WL2) x WV,,18,16,1348,E,E1,8,D
F2,(WV x WL2) x WV,,19,16,1349,C,C1,11,B
F2,(WV x WL2) x WV,,20,16,1350,D,D2,43,D
F2,TM2 x (TM2 X WL2),,2,16,1352,F,F2,44,D
F2,TM2 x (TM2 X WL2),,12,16,1362,E,E2,43,C
F2,TM2 x (TM2 X WL2),,13,16,1363,D,D1,4,B
F2,TM2 x (TM2 X WL2),,14,16,1364,A,A2,30,A
F2,TM2 x (TM2 X WL2),,15,16,1365,C,C2,36,D
F2,TM2 x (TM2 X WL2),,16,16,1366,F,F1,21,D
F2,TM2 x (TM2 X WL2),,17,16,1367,A,A1,15,A
F2,TM2 x (TM2 X WL2),,18,16,1368,B,B1,4,B
F2,TM2 x (TM2 X WL2),,20,16,1370,B,B2,31,B
F2,(TM2 x BH) x BH,,1,16,1371,E,E1,10,A
F2,(TM2 x BH) x BH,,2,16,1372,C,C1,20,B
F2,(TM2 x BH) x BH,,3,16,1373,D,D2,40,A
F2,(TM2 x BH) x BH,,4,16,1374,F,F2,27,D
F2,(TM2 x BH) x BH,,5,16,1375,E,E2,27,C
F2,(TM2 x BH) x BH,,6,16,1376,D,D1,13,D
F2,(TM2 x BH) x BH,,7,16,1377,A,A2,26,B
F2,(TM2 x BH) x BH,,8,16,1378,C,C2,25,D
F2,(TM2 x BH) x BH,,9,16,1379,F,F1,3,A
F2,(TM2 x BH) x BH,,10,16,1380,A,A1,13,C
F2,(TM2 x BH) x BH,,11,16,1381,B,B1,2,C
F2,(TM2 x BH) x BH,,12,16,1382,B,B2,29,C
F2,(TM2 x BH) x BH,,13,16,1383,E,E1,4,D
F2,(TM2 x BH) x BH,,14,16,1384,C,C1,8,A
F2,(TM2 x BH) x BH,,15,16,1385,D,D2,33,A
F2,(TM2 x BH) x BH,,16,16,1386,F,F2,25,D
F2,(TM2 x BH) x BH,,17,16,1387,E,E2,32,B
F2,(TM2 x BH) x BH,,18,16,1388,D,D1,3,D
F2,(TM2 x BH) x BH,,19,16,1389,A,A2,28,B
F2,(TM2 x BH) x BH,,20,16,1390,C,C2,34,D
F1,TM2 x WL2,,1,,2001,F,F1,9,A
F1,TM2 x WL2,,1,,2002,A,A1,17,A
F1,TM2 x DPR,,3,,2003,B,B1,5,C
F1,TM2 x DPR,,2,,2004,B,B2,28,A
F1,TM2 x DPR,,1,,2005,E,E1,12,A
F1,TM2 x DPR,,2,,2006,C,C1,11,A
F1,TM2 x DPR,,1,,2007,D,D2,30,A
F1,TM2 x WL2,,1,,2008,F,F2,31,D
F1,WV x TM2,,2,,2009,E,E2,31,D
F1,WV x TM2,,1,,2010,D,D1,3,A
F1,WV x TM2,,1,,2011,A,A2,26,C
F1,WV x TM2,,1,,2012,C,C2,27,B
F1,WV x TM2,,2,,2013,F,F1,15,D
F1,WV x TM2,,3,,2014,A,A1,11,C
F1,WV x WL2,,1,,2015,B,B1,3,C
F1,WV x WL2,,2,,2016,B,B2,38,A
F1,WV x WL2,,3,,2017,E,E1,12,B
F1,WV x WL2,,4,,2018,C,C1,19,A
F2,(LV1 x WL2) x WL2,,4,,2019,D,D2,33,C
F2,(LV1 x WL2) x WL2,,3,,2020,F,F2,43,C
F2,(LV1 x WL2) x WL2,,2,,2021,E,E2,40,B
F2,(LV1 x WL2) x WL2,,1,,2022,D,D1,21,A
F2,(LV1 x WL2) x WL2,,5,,2023,A,A2,38,C
F2,(LV1 x WL2) x WL2,,6,,2024,C,C2,41,B
F2,(LV1 x WL2) x WL2,,7,,2025,F,F1,7,C
F2,(LV1 x WL2) x WL2,,8,,2026,A,A1,22,D
F2,(WL2 x DPR) x WL2,,1,,2027,B,B1,18,C
F2,(WL2 x DPR) x WL2,,2,,2028,B,B2,37,C
F2,WV x (WV x WL2),,1,,2029,E,E1,2,D
F2,WV x (WV x WL2),,2,,2030,C,C1,2,B
F2,WV x (WV x WL2),,3,,2031,D,D2,29,C
F2,WV x (WV x WL2),,4,,2032,F,F2,39,A
F2,WV x (WV x WL2),,5,,2033,E,E2,33,D
F2,WV x (WV x WL2),,6,,2034,D,D1,20,C
F2,WV x (WV x WL2),,7,,2035,A,A2,34,D
F2,WV x (WV x WL2),,8,,2036,C,C2,44,B
F2,WV x (WV x WL2),,9,,2037,F,F1,12,A
F2,WV x (WV x WL2),,10,,2038,A,A1,21,C
F2,WV x (WV x WL2),,11,,2039,B,B1,12,A
F2,WV x (WV x WL2),,12,,2040,B,B2,28,B
F2,WV x (WV x WL2),,13,,2041,E,E1,14,B
F2,WV x (WV x WL2),,14,,2042,C,C1,3,D
F2,WV x (WV x WL2),,15,,2043,D,D2,27,B
F2,(TM2 x BH) x BH,,1,,2044,F,F2,42,B
F2,(TM2 x BH) x BH,,2,,2045,E,E2,33,A
F2,(TM2 x BH) x BH,,3,,2046,D,D1,5,D
F2,(TM2 x BH) x BH,,4,,2047,A,A2,43,C
F2,(TM2 x BH) x BH,,1,,2048,C,C2,36,B
F2,(TM2 x BH) x BH,,2,,2049,F,F1,18,C
F2,(TM2 x BH) x BH,,3,,2050,A,A1,22,C
F2,(TM2 x WL2) x WL2,,1,,2051,B,B1,15,A
,buffer,,,,,A,A2,24,B
,buffer,,,,,A,A2,24,C
,buffer,,,,,A,A2,46,A
,buffer,,,,,A,A2,46,B
,buffer,,,,,A,A2,46,C
,buffer,,,,,A,A2,46,D
,buffer,,,,,B,B2,24,A
,buffer,,,,,B,B2,24,C
,buffer,,,,,B,B2,45,A
,buffer,,,,,B,B2,46,A
,buffer,,,,,B,B2,46,B
,buffer,,,,,B,B2,46,C
,buffer,,,,,B,B2,46,D
,buffer,,,,,C,C2,24,C
,buffer,,,,,C,C2,45,D
,buffer,,,,,C,C2,46,A
,buffer,,,,,C,C2,46,B
,buffer,,,,,C,C2,46,C
,buffer,,,,,C,C2,46,D
,buffer,,,,,D,D2,24,B
,buffer,,,,,D,D2,24,C
,buffer,,,,,D,D2,45,B
,buffer,,,,,D,D2,46,A
,buffer,,,,,D,D2,46,B
,buffer,,,,,D,D2,46,C
,buffer,,,,,D,D2,46,D
,buffer,,,,,E,E2,24,C
,buffer,,,,,E,E2,45,D
,buffer,,,,,E,E2,46,A
,buffer,,,,,E,E2,46,B
,buffer,,,,,E,E2,46,C
,buffer,,,,,E,E2,46,D
,buffer,,,,,F,F2,24,A
,buffer,,,,,F,F2,24,D
,buffer,,,,,F,F2,45,D
,buffer,,,,,F,F2,46,A
,buffer,,,,,F,F2,46,B
,buffer,,,,,F,F2,46,C
,buffer,,,,,F,F2,46,D
,buffer,,,,,A,A1,1,A
,buffer,,,,,A,A1,1,B
,buffer,,,,,A,A1,1,C
,buffer,,,,,A,A1,1,D
,buffer,,,,,A,A1,23,A
,buffer,,,,,A,A1,23,C
,buffer,,,,,B,B1,1,A
,buffer,,,,,B,B1,1,B
,buffer,,,,,B,B1,1,C
,buffer,,,,,B,B1,1,D
,buffer,,,,,B,B1,23,A
,buffer,,,,,B,B1,23,D
,buffer,,,,,C,C1,1,A
,buffer,,,,,C,C1,1,B
,buffer,,,,,C,C1,1,C
,buffer,,,,,C,C1,1,D
,buffer,,,,,C,C1,23,A
,buffer,,,,,C,C1,23,B
,buffer,,,,,C,C1,23,C
,buffer,,,,,D,D1,1,A
,buffer,,,,,D,D1,1,B
,buffer,,,,,D,D1,1,C
,buffer,,,,,D,D1,1,D
,buffer,,,,,D,D1,23,C
,buffer,,,,,D,D1,23,D
,buffer,,,,,E,E1,1,A
,buffer,,,,,E,E1,1,B
,buffer,,,,,E,E1,1,C
,buffer,,,,,E,E1,1,D
,buffer,,,,,E,E1,23,A
,buffer,,,,,E,E1,23,B
,buffer,,,,,E,E1,23,C
,buffer,,,,,F,F1,1,A
,buffer,,,,,F,F1,1,B
,buffer,,,,,F,F1,1,C
,buffer,,,,,F,F1,1,D
,buffer,,,,,F,F1,23,B
,buffer,,,,,F,F1,23,D