"","bed","row","col","Unique.ID","diam.mm","height.cm","overhd.diam","overhd.perp","canopy.area"
"1","C",1,"A","buffer",NA,NA,NA,NA,NA
"2","C",1,"B","buffer",NA,NA,NA,NA,NA
"3","C",2,"A","buffer",NA,NA,NA,NA,NA
"4","C",2,"B","buffer",NA,NA,NA,NA,NA
"5","C",3,"A","buffer",NA,NA,NA,NA,NA
"6","C",3,"B","buffer",NA,NA,NA,NA,NA
"7","C",4,"A","2566",NA,NA,NA,NA,NA
"8","C",4,"B","2595",NA,NA,NA,NA,NA
"9","C",5,"A","2642",NA,NA,NA,NA,NA
"10","C",5,"B","buffer",NA,NA,NA,NA,NA
"11","C",6,"A","2509",NA,NA,NA,NA,NA
"12","C",6,"B","2549",3.36,5.3,7.3,4.4,25.226989008326
"13","C",7,"A","2452",NA,NA,NA,NA,NA
"14","C",7,"B","2095",2.46,4.2,6.3,4.7,23.2556396181984
"15","C",8,"A","2291",3.54,5.6,1,0.9,0.706858347057703
"16","C",8,"B","2252",3.24,5.5,4.2,2.1,6.92721180116549
"17","C",9,"A",NA,NA,NA,NA,NA,NA
"18","C",9,"B","2634",2.71,11.2,1.7,0.7,0.934623814442963
"19","C",10,"A","2466",NA,NA,NA,NA,NA
"20","C",10,"B","2302",NA,NA,NA,NA,NA
"21","C",11,"A","2338",NA,NA,NA,NA,NA
"22","C",11,"B","2605",NA,NA,NA,NA,NA
"23","C",12,"A","2326",2.17,5.3,3.2,1.7,4.27256600888212
"24","C",12,"B","1819",4.23,4.6,6,5.3,24.9756615960389
"25","C",13,"A","2520",NA,NA,NA,NA,NA
"26","C",13,"B","2591",2.48,4.6,1,0.5,0.392699081698724
"27","C",14,"A","2150",NA,NA,NA,NA,NA
"28","C",14,"B","1915",NA,NA,NA,NA,NA
"29","C",15,"A","2472",2.35,7.4,5.4,5.3,22.478095436435
"30","C",15,"B","1981",2.35,5.1,4.7,4.2,15.5037597454656
"31","C",16,"A","2023",NA,NA,NA,NA,NA
"32","C",16,"B","1908",NA,NA,NA,NA,NA
"33","C",17,"A","1787",NA,NA,NA,NA,NA
"34","C",17,"B","2274",NA,NA,NA,NA,NA
"35","C",18,"A","2090",NA,NA,NA,NA,NA
"36","C",18,"B","1883",3.08,6.5,6.4,4.5,22.6194671058465
"37","C",19,"A","2063",3.21,4.3,0.6,0.9,0.424115008234622
"38","C",19,"B","2236",2.72,5.3,1.3,0.3,0.306305283725005
"39","C",20,"A","2592",NA,NA,NA,NA,NA
"40","C",20,"B","2213",3.31,7.2,2.9,3.8,8.65508776063988
"41","C",21,"A","2370",NA,5.4,5.4,4.9,20.7816354034965
"42","C",21,"B","698",2.89,NA,NA,NA,NA
"43","C",22,"A","2638",2.03,11.3,5.1,4.2,16.8232286599733
"44","C",22,"B","buffer",NA,NA,NA,NA,NA
"45","C",23,"A","2489",1.82,8.6,5,3.2,12.5663706143592
"46","C",23,"B","2564",3.1,4.3,4.8,4.2,15.8336269740926
"47","C",24,"A","buffer",NA,NA,NA,NA,NA
"48","C",24,"B","118",1.78,NA,NA,NA,NA
"49","C",25,"A","2505",1.02,8.5,5.5,5.4,23.3263254529042
"50","C",25,"B","1459",3.1,NA,NA,NA,NA
"51","C",26,"A","2602",2.21,6,4.9,4.2,16.1634942027195
"52","C",26,"B","2284",NA,14.8,6.9,6.8,36.8508818266083
"53","C",27,"A","2323",2.48,5.7,8.6,6.5,43.9037573339174
"54","C",27,"B","buffer",NA,NA,NA,NA,NA
"55","C",28,"A","2478",NA,NA,NA,NA,NA
"56","C",28,"B","2557",1.72,2.3,NA,NA,NA
"57","C",29,"A","1780",NA,NA,NA,NA,NA
"58","C",29,"B","2454",NA,NA,NA,NA,NA
"59","C",30,"A",NA,NA,NA,NA,NA,NA
"60","C",30,"B","341",3.4,NA,NA,NA,NA
"61","C",31,"A","1228",2.38,NA,NA,NA,NA
"62","C",31,"B","2442",1.8,6.2,4.6,4.7,16.9803082926528
"63","C",32,"A","939",NA,NA,NA,NA,NA
"64","C",32,"B","1700",3.52,4.3,9.2,7.6,54.9150395847496
"65","C",33,"A","2523",2.64,7.3,7.6,7.5,44.7676953136545
"66","C",33,"B","183",1.81,4.6,1.9,1.2,1.79070781254618
"67","C",34,"A","1745",2.06,13.7,6.3,5.2,25.7296438329004
"68","C",34,"B","2467",NA,NA,NA,NA,NA
"69","C",35,"A","2396",NA,NA,NA,NA,NA
"70","C",35,"B","2427",NA,NA,NA,NA,NA
"71","C",36,"A","1905",NA,NA,NA,NA,NA
"72","C",36,"B","buffer",NA,NA,NA,NA,NA
"73","C",37,"A","2381",NA,NA,NA,NA,NA
"74","C",37,"B","1289",1.72,17.5,5.7,2.5,11.1919238284136
"75","C",38,"A","2009",2.59,6.4,8.6,8.2,55.386278482788
"76","C",38,"B","2230",2.12,9.4,9.7,7.9,60.1850612611465
"77","C",39,"A","2487",2.25,7,5,5.2,20.4203522483337
"78","C",39,"B","1866",3.32,6.1,8.3,6.5,42.3722309152923
"79","C",40,"A","2069",2.49,8.6,8,5.8,36.4424747816416
"80","C",40,"B","2621",NA,NA,NA,NA,NA
"81","C",41,"A","2493",1.81,3.1,3.8,4,11.9380520836412
"82","C",41,"B","2574",2.3,5.9,6.9,6.4,34.6831828956313
"83","C",42,"A","1747",3.67,16.5,7.3,6.9,39.5605054903295
"84","C",42,"B","buffer",NA,NA,NA,NA,NA
"85","C",43,"A","73",1.58,NA,NA,NA,NA
"86","C",43,"B","2522",1.88,5.3,5.1,4.6,18.4254409133041
"87","C",44,"A","2558",2.1,6.2,4.5,4.9,17.3180295029137
"88","C",44,"B","2169",2.67,8.8,9.4,6.9,50.9409248779585
"89","C",45,"A","2165",3.04,26.7,13,9.9,101.080743629252
"90","C",45,"B","2328",2.86,10.4,12.3,7.2,69.554861350478
"91","C",46,"A","2408",1.74,4.2,5.1,3.3,13.2182510899791
"92","C",46,"B","2392",3.15,43.8,7.5,6.4,37.6991118430775
"93","C",47,"A","2154",2.63,9.1,7.6,6.8,40.5893770843801
"94","C",47,"B","1933",NA,NA,NA,NA,NA
"95","C",48,"A","1893",NA,NA,NA,NA,NA
"96","C",48,"B","2411",NA,NA,NA,NA,NA
"97","C",49,"A","buffer",NA,NA,NA,NA,NA
"98","C",49,"B","2551",NA,NA,NA,NA,NA
"99","C",50,"A","1620",2.44,6.3,6.6,5.7,29.546678907012
"100","C",50,"B","404",2.57,51.5,12.7,12.4,123.68450277183
"101","C",51,"A","2579",2.1,9.7,6.7,6,31.5730061685774
"102","C",51,"B","2361",3.14,7,8.9,7.4,51.726323041356
"103","C",52,"A","buffer",NA,NA,NA,NA,NA
"104","C",52,"B","buffer",NA,NA,NA,NA,NA
"105","C",53,"A","1990",NA,NA,NA,NA,NA
"106","C",53,"B","2286",3.21,11.6,6.2,8.8,42.8513237949648
"107","C",54,"A","1795",1.47,14.3,4.7,2.6,9.59756555671682
"108","C",54,"B","buffer",NA,NA,NA,NA,NA
"109","C",55,"A","2488",NA,NA,NA,NA,NA
"110","C",55,"B","2020",2.32,4.1,4.4,3.3,11.403981332531
"111","C",56,"A","1936",1.81,5.4,4.3,3,10.1316363078271
"112","C",56,"B","2173",2.62,10.2,6.7,7.8,41.0449080191506
"113","C",57,"A","2608",NA,NA,NA,NA,NA
"114","C",57,"B","2398",2.69,5.6,5.4,5.9,25.0227854858427
"115","C",58,"A","395",NA,NA,NA,NA,NA
"116","C",58,"B","1916",NA,NA,NA,NA,NA
"117","C",59,"A","buffer",NA,NA,NA,NA,NA
"118","C",59,"B","buffer",NA,NA,NA,NA,NA
"119","C",60,"A","buffer",NA,NA,NA,NA,NA
"120","C",60,"B","buffer",NA,NA,NA,NA,NA
"121","C",1,"C","buffer",NA,NA,NA,NA,NA
"122","C",1,"D","buffer",NA,NA,NA,NA,NA
"123","C",2,"C","buffer",NA,NA,NA,NA,NA
"124","C",2,"D","buffer",NA,NA,NA,NA,NA
"125","C",3,"C","buffer",NA,NA,NA,NA,NA
"126","C",3,"D","buffer",NA,NA,NA,NA,NA
"127","C",4,"C","2127",NA,NA,NA,NA,NA
"128","C",4,"D",NA,NA,NA,NA,NA,NA
"129","C",5,"C","2228",2.17,3.7,1.4,0.3,0.329867228626928
"130","C",5,"D",NA,NA,NA,NA,NA,NA
"131","C",6,"C","2476",2.09,5,7.2,5.2,29.4053072376005
"132","C",6,"D","2314",NA,NA,NA,NA,NA
"133","C",7,"C","2051",2.35,5.7,8.6,4.8,32.4212361850467
"134","C",7,"D","2419",2.01,3.8,5.3,4.2,17.4829631172272
"135","C",8,"C","1826",2.5,5.3,7.3,5.1,29.240373623287
"136","C",8,"D","1699",NA,NA,NA,NA,NA
"137","C",9,"C","2200",NA,NA,NA,NA,NA
"138","C",9,"D",NA,NA,NA,NA,NA,NA
"139","C",10,"C","2006",NA,NA,NA,NA,NA
"140","C",10,"D",NA,NA,NA,NA,NA,NA
"141","C",11,"C","2563",NA,NA,NA,NA,NA
"142","C",11,"D","2170",2.7,20.7,7.5,6.6,38.8772090881737
"143","C",12,"C","1621",2.79,6.3,0.9,0.3,0.212057504117311
"144","C",12,"D","2258",2.16,4.2,1.4,1.9,2.08915911463721
"145","C",13,"C","2619",NA,NA,NA,NA,NA
"146","C",13,"D","2041",NA,5.1,7.2,5.9,33.3637139811236
"147","C",14,"C","1950",NA,NA,NA,NA,NA
"148","C",14,"D","1873",2.15,7.1,5.9,4.7,21.7790910710112
"149","C",15,"C","1738",NA,NA,NA,NA,NA
"150","C",15,"D","2555",NA,NA,NA,NA,NA
"151","C",16,"C","2359",NA,NA,NA,NA,NA
"152","C",16,"D","2115",2.4,2.7,0.9,0.3,0.212057504117311
"153","C",17,"C","1608",NA,NA,NA,NA,NA
"154","C",17,"D","2217",NA,NA,NA,NA,NA
"155","C",18,"C","2402",2.66,4.2,2.5,2.1,4.1233403578366
"156","C",18,"D","1931",NA,NA,NA,NA,NA
"157","C",19,"C","1861",NA,NA,NA,NA,NA
"158","C",19,"D","2391",NA,NA,NA,NA,NA
"159","C",20,"C","2360",2.97,4.3,1,1.6,1.25663706143592
"160","C",20,"D","2254",2.86,7.4,4.4,3.9,13.4774324839002
"161","C",21,"C","2303",3.25,6.9,8.4,5.3,34.9659262344544
"162","C",21,"D","2550",2.8,5.2,6.8,4.8,25.6353960532927
"163","C",22,"C","2499",2.55,2.3,1,0.5,0.392699081698724
"164","C",22,"D","2606",NA,8.8,8.2,8.2,52.8101725068444
"165","C",23,"C","2405",2.51,8.5,7.2,5.5,31.101767270539
"166","C",23,"D","737",2.9,NA,NA,NA,NA
"167","C",24,"C","2070",2.54,8.3,7,8.4,46.18141200777
"168","C",24,"D","1911",NA,NA,NA,NA,NA
"169","C",25,"C","1820",3.22,6.9,7.1,7,39.0342887208532
"170","C",25,"D","1828",NA,NA,NA,NA,NA
"171","C",26,"C",NA,NA,NA,NA,NA,NA
"172","C",26,"D",NA,NA,NA,NA,NA,NA
"173","C",27,"C",NA,NA,NA,NA,NA,NA
"174","C",27,"D",NA,NA,NA,NA,NA,NA
"175","C",28,"C","1932",2.07,4.8,5.8,5.3,24.1431395428376
"176","C",28,"D","buffer",NA,NA,NA,NA,NA
"177","C",29,"C","711",2.17,NA,NA,NA,NA
"178","C",29,"D","2269",1.74,NA,NA,NA,NA
"179","C",30,"C","2620",NA,3.5,2.2,1.3,2.2462387473167
"180","C",30,"D","2646",2.27,26.5,10.3,7.4,59.8630480141535
"181","C",31,"C","2420",2.12,4.6,5.6,5.5,24.1902634326414
"182","C",31,"D","2096",3.09,7.8,11.9,8.9,83.1815194854237
"183","C",32,"C","2580",NA,NA,NA,NA,NA
"184","C",32,"D","2430",1.97,5.3,5.9,6.3,29.1932497334832
"185","C",33,"C","2339",2.79,8.1,8.4,6.4,42.2230052642468
"186","C",33,"D","2410",1.24,2.2,1.2,1.1,1.03672557568463
"187","C",34,"C","2471",2.02,8.7,7.5,7.8,45.9457925587507
"188","C",34,"D","2201",2.43,7,9.1,7,50.0298630084175
"189","C",35,"C","2218",2.1,9.2,6.7,6.4,33.6778732464826
"190","C",35,"D","2153",NA,NA,NA,NA,NA
"191","C",36,"C","buffer",NA,NA,NA,NA,NA
"192","C",36,"D","buffer",NA,NA,NA,NA,NA
"193","C",37,"C","2260",3.59,17.7,7.5,5.3,31.2195769950486
"194","C",37,"D","714",1.7,NA,NA,NA,NA
"195","C",38,"C","1982",3.49,5.3,4.9,3.3,12.6998883021367
"196","C",38,"D","539",1.49,11.5,6,1.2,5.65486677646163
"197","C",39,"C","2220",2.85,11.5,6.7,6.1,32.0992229380537
"198","C",39,"D","1821",3.42,7.7,8.2,5.3,34.1334041812531
"199","C",40,"C","1992",2.68,6.3,7.1,6.3,35.1308598487679
"200","C",40,"D","2204",2.27,6,5.2,4.1,16.7446888436336
"201","C",41,"C","2607",1.42,5.2,5,3.2,12.5663706143592
"202","C",41,"D","2554",3.29,6.9,5.1,4,16.0221225333079
"203","C",42,"C","2446",NA,NA,NA,NA,NA
"204","C",42,"D","2043",2.34,4.8,4.8,5,18.8495559215388
"205","C",43,"C","1156",2.38,NA,NA,NA,NA
"206","C",43,"D","1048",2.15,28.3,3.8,3,8.95353906273091
"207","C",44,"C","1252",1.96,NA,NA,NA,NA
"208","C",44,"D","1085",1.58,NA,NA,NA,NA
"209","C",45,"C",NA,NA,NA,NA,NA,NA
"210","C",45,"D","394",1.68,NA,NA,NA,NA
"211","C",46,"C",NA,NA,NA,NA,NA,NA
"212","C",46,"D","1766",3.52,35.5,15.8,7.5,93.0696823625976
"213","C",47,"C","2255",NA,NA,NA,NA,NA
"214","C",47,"D","1399",1.86,NA,NA,NA,NA
"215","C",48,"C","89",1.78,NA,NA,NA,NA
"216","C",48,"D","1919",2.92,5.8,6.3,5.7,28.2036480476024
"217","C",49,"C","2643",2.63,27.1,1.9,1.6,2.38761041672824
"218","C",49,"D","2480",NA,NA,NA,NA,NA
"219","C",50,"C","1794",3.17,24.2,5.9,6.2,28.7298648170787
"220","C",50,"D","2097",2.34,5.3,6.5,4.5,22.9728962793754
"221","C",51,"C","2397",NA,NA,NA,NA,NA
"222","C",51,"D","1831",3.07,7.2,6.5,6.7,34.2040900159589
"223","C",52,"C","2516",3.97,8.2,5.6,4.8,21.1115026321234
"224","C",52,"D","1701",NA,NA,NA,NA,NA
"225","C",53,"C","2311",3.03,5,5.1,3.3,13.2182510899791
"226","C",53,"D","2640",1.89,13.3,4.7,4.5,16.611171155856
"227","C",54,"C","buffer",NA,NA,NA,NA,NA
"228","C",54,"D","buffer",NA,NA,NA,NA,NA
"229","C",55,"C","2423",NA,NA,NA,NA,NA
"230","C",55,"D","2519",2.46,6.6,6.1,5.2,24.9128297429671
"231","C",56,"C","2450",NA,NA,NA,NA,NA
"232","C",56,"D","2559",1.83,7.8,5.5,5.4,23.3263254529042
"233","C",57,"C","1798",NA,NA,NA,NA,NA
"234","C",57,"D","1835",1.48,5.4,3.8,3.5,10.4457955731861
"235","C",58,"C","2031",2.6,11.4,7.2,5.8,32.7982273034774
"236","C",58,"D","2457",1.85,4.7,5.3,3.6,14.9853969576233
"237","C",59,"C","buffer",NA,NA,NA,NA,NA
"238","C",59,"D","buffer",NA,NA,NA,NA,NA
"239","C",60,"C","buffer",NA,NA,NA,NA,NA
"240","C",60,"D","buffer",NA,NA,NA,NA,NA
"241","D",1,"A","buffer",NA,NA,NA,NA,NA
"242","D",1,"B","buffer",NA,NA,NA,NA,NA
"243","D",2,"A","buffer",NA,NA,NA,NA,NA
"244","D",2,"B","buffer",NA,NA,NA,NA,NA
"245","D",3,"A","buffer",NA,NA,NA,NA,NA
"246","D",3,"B","buffer",NA,NA,NA,NA,NA
"247","D",4,"A","1993",2.18,8.3,9.7,7.7,58.6613888241554
"248","D",4,"B","1704",NA,NA,NA,NA,NA
"249","D",5,"A","2483",4.72,5,3.8,2.7,8.05818515645782
"250","D",5,"B","2239",NA,NA,NA,NA,NA
"251","D",6,"A",NA,NA,NA,NA,NA,NA
"252","D",6,"B",NA,NA,NA,NA,NA,NA
"253","D",7,"A",NA,NA,NA,NA,NA,NA
"254","D",7,"B",NA,NA,NA,NA,NA,NA
"255","D",8,"A","2075",NA,NA,NA,NA,NA
"256","D",8,"B",NA,NA,NA,NA,NA,NA
"257","D",9,"A","2155",1.98,5.3,5,2.8,10.9955742875643
"258","D",9,"B","2320",2.3,8.1,6.9,5.4,29.2639355681889
"259","D",10,"A","2278",2.46,11.3,4.2,4.5,14.8440252882118
"260","D",10,"B","436",3.09,NA,NA,NA,NA
"261","D",11,"A","2362",NA,NA,NA,NA,NA
"262","D",11,"B","1822",2.64,6.7,7.3,5,28.6670329640069
"263","D",12,"A",NA,NA,NA,NA,NA,NA
"264","D",12,"B","304",3.11,13.4,5,1.7,6.67588438887831
"265","D",13,"A","2470",NA,NA,NA,NA,NA
"266","D",13,"B","2209",2.71,4.5,2.7,2.4,5.08938009881546
"267","D",14,"A","2417",2.1,6,5.5,5.3,22.8943564630356
"268","D",14,"B","2205",2.32,4.5,2.2,1.6,2.76460153515902
"269","D",15,"A","1790",NA,NA,NA,NA,NA
"270","D",15,"B","1107",2.84,19.5,7.2,4.8,27.1433605270158
"271","D",16,"A","1995",2.49,6.6,5.8,4.2,19.1322992603618
"272","D",16,"B","1961",2.82,3.7,4.7,4.4,16.2420340190592
"273","D",17,"A","2240",2.67,7,5.5,4,17.2787595947439
"274","D",17,"B","403",NA,NA,NA,NA,NA
"275","D",18,"A","2521",2.35,3.9,3.8,3.2,9.55044166691297
"276","D",18,"B","2610",1.63,5.2,3.3,2.5,6.47953484802895
"277","D",19,"A","2393",NA,NA,NA,NA,NA
"278","D",19,"B","141",1.22,NA,NA,NA,NA
"279","D",20,"A","2532",NA,9.5,8.6,4.4,29.7194665029594
"280","D",20,"B","buffer",NA,NA,NA,NA,NA
"281","D",21,"A","2363",NA,NA,NA,NA,NA
"282","D",21,"B","2609",NA,NA,NA,NA,NA
"283","D",22,"A","2206",1.65,6.7,3.9,3.2,9.80176907920016
"284","D",22,"B","2593",2.25,4.7,3.6,1.9,5.37212343763855
"285","D",23,"A","1894",2,3.6,3.7,3.6,10.461503536454
"286","D",23,"B","2413",NA,7,8.5,6.5,43.393248527709
"287","D",24,"A","2597",1.94,5.4,3.8,1.8,5.37212343763855
"288","D",24,"B","2440",1.67,7.6,5.6,4.1,18.0327418316054
"289","D",25,"A","2504",NA,NA,NA,NA,NA
"290","D",25,"B","2222",2.63,15.5,7.5,5.6,32.9867228626928
"291","D",26,"A","2577",2.04,4.5,3.4,2.8,7.47699051554371
"292","D",26,"B","1803",1.82,5.6,3.7,3.4,9.8803088955399
"293","D",27,"A","1939",NA,NA,NA,NA,NA
"294","D",27,"B","2444",NA,NA,NA,NA,NA
"295","D",28,"A","1864",2.79,4.6,4.5,4.2,14.8440252882118
"296","D",28,"B","2403",1.92,5.9,4.6,3.5,12.6449104306989
"297","D",29,"A","2312",1.75,5.1,5.8,4.8,21.865484868985
"298","D",29,"B","1942",1.84,5,3,3,7.06858347057703
"299","D",30,"A","103",1.29,NA,NA,NA,NA
"300","D",30,"B","1760",2.52,29.3,10.8,4,33.9292006587698
"301","D",31,"A","1967",2.73,4.4,5.2,4.5,18.3783170235003
"302","D",31,"B","2569",2.34,7.3,6.3,5.3,26.2244446758408
"303","D",32,"A","1968",2.76,8.4,6.5,8,40.8407044966673
"304","D",32,"B","2633",1.76,10.3,5.1,5.5,22.0304184832984
"305","D",33,"A","1280",1.54,NA,NA,NA,NA
"306","D",33,"B","246",3.76,NA,NA,NA,NA
"307","D",34,"A","2406",NA,NA,NA,NA,NA
"308","D",34,"B","2224",2.43,8.6,8.5,5,33.3794219443916
"309","D",35,"A","buffer",NA,NA,NA,NA,NA
"310","D",35,"B","190",2.26,NA,NA,NA,NA
"311","D",36,"A","2130",NA,NA,NA,NA,NA
"312","D",36,"B","2507",2.26,10,7.5,7.6,44.7676953136545
"313","D",37,"A","1675",NA,NA,NA,NA,NA
"314","D",37,"B","2364",NA,NA,NA,NA,NA
"315","D",38,"A","1774",2.41,26.2,4.9,5.4,20.7816354034965
"316","D",38,"B","2418",2.32,5.9,7.8,6.3,38.5944657493506
"317","D",39,"A","2515",3.18,13,9.6,5.3,39.9610585536622
"318","D",39,"B","1838",3.47,6.4,5,4.7,18.45685683984
"319","D",40,"A","2261",3,14.2,9.3,8.4,61.3553045246087
"320","D",40,"B","2414",NA,NA,NA,NA,NA
"321","D",41,"A","2455",1.69,7.7,3.5,2.6,7.14712328691678
"322","D",41,"B","1940",2.15,8.9,5.5,4.9,21.1664805035612
"323","D",42,"A","2324",2.81,5.1,4.3,2.8,9.45619388730528
"324","D",42,"B","1985",2.98,4.3,5,4.1,16.1006623496477
"325","D",43,"A","895",1.19,NA,NA,NA,NA
"326","D",43,"B","1804",3.28,7.8,7,4.9,26.9391570045325
"327","D",44,"A","2207",2.07,5.5,6.7,5,26.3108384738145
"328","D",44,"B","2596",1.8,4,2.7,2.2,4.66526509058084
"329","D",45,"A","2241",2.81,11.8,4.5,4.1,14.4905961146829
"330","D",45,"B","398",2.35,38.7,NA,NA,NA
"331","D",46,"A","2583",1.94,2.3,6.1,4.1,19.6428080665702
"332","D",46,"B","2238",1.21,NA,NA,NA,NA
"333","D",47,"A","buffer",NA,NA,NA,NA,NA
"334","D",47,"B","1403",3.33,NA,NA,NA,NA
"335","D",48,"A","2490",1.82,8.4,4.8,4.5,16.9646003293849
"336","D",48,"B","1702",3.3,3.1,6.6,4.1,21.2528743015349
"337","D",49,"A","2525",2.13,9.7,7.3,5.9,33.8270988975281
"338","D",49,"B","1707",2.38,28.1,5.9,3.6,16.6818569905618
"339","D",50,"A","buffer",NA,NA,NA,NA,NA
"340","D",50,"B","2625",1.49,3.6,3,3,7.06858347057703
"341","D",51,"A","buffer",NA,NA,NA,NA,NA
"342","D",51,"B","1988",NA,NA,NA,NA,NA
"343","D",52,"A","522",1.56,NA,NA,NA,NA
"344","D",52,"B","2463",2.53,6.6,4.4,2.4,8.29380460547705
"345","D",53,"A","2395",NA,NA,NA,NA,NA
"346","D",53,"B","2212",3.26,13.2,6.2,5.7,27.7559710944658
"347","D",54,"A","1876",3.1,6.8,5.7,5.4,24.1745554693735
"348","D",54,"B","1849",2.57,8.1,5.3,4.3,17.8992241438278
"349","D",55,"A","2573",2.61,8.4,4.3,3.8,12.8334059899143
"350","D",55,"B","2425",1.59,6.1,1.7,1.2,1.60221225333079
"351","D",56,"A","2544",NA,NA,NA,NA,NA
"352","D",56,"B","2492",1.69,4.7,4.2,3.7,12.2050874591963
"353","D",57,"A","buffer",NA,NA,NA,NA,NA
"354","D",57,"B","1327",2.48,27.7,30.8,24.9,602.337559472771
"355","D",58,"A","buffer",NA,NA,NA,NA,NA
"356","D",58,"B","2131",2.81,7.3,4,2.6,8.16814089933346
"357","D",1,"C","buffer",NA,NA,NA,NA,NA
"358","D",1,"D","buffer",NA,NA,NA,NA,NA
"359","D",2,"C","buffer",NA,NA,NA,NA,NA
"360","D",2,"D","buffer",NA,NA,NA,NA,NA
"361","D",3,"C","buffer",NA,NA,NA,NA,NA
"362","D",3,"D","buffer",NA,NA,NA,NA,NA
"363","D",4,"C","1901",2.12,6.9,3.8,3.4,10.147344271095
"364","D",4,"D","2221",NA,NA,NA,NA,NA
"365","D",5,"C","2292",2.75,5.3,9.4,6.2,45.7730049628033
"366","D",5,"D","2121",1.86,4,5.6,4.4,19.3522107461131
"367","D",6,"C",NA,NA,NA,NA,NA,NA
"368","D",6,"D",NA,NA,NA,NA,NA,NA
"369","D",7,"C","1751",2.7,11.3,5.6,5.4,23.7504404611388
"370","D",7,"D",NA,NA,NA,NA,NA,NA
"371","D",8,"C","2538",2.71,6.1,8.2,7.2,46.3699075669853
"372","D",8,"D","1856",NA,NA,NA,NA,NA
"373","D",9,"C","2622",1.72,5.6,4.3,4.1,13.846569620697
"374","D",9,"D","1768",3.13,28.23,7.8,6.7,41.0449080191506
"375","D",10,"C","2412",1.29,3,1.9,1.4,2.08915911463721
"376","D",10,"D","buffer",NA,NA,NA,NA,NA
"377","D",11,"C","1614",NA,NA,NA,NA,NA
"378","D",11,"D","buffer",NA,NA,NA,NA,NA
"379","D",12,"C","2257",3.68,7.2,1.3,1,1.02101761241668
"380","D",12,"D","2578",NA,NA,NA,NA,NA
"381","D",13,"C","144",2.27,NA,NA,NA,NA
"382","D",13,"D","2576",3.23,6,6.8,6,32.0442450666159
"383","D",14,"C","1976",NA,NA,NA,NA,NA
"384","D",14,"D","buffer",NA,NA,NA,NA,NA
"385","D",15,"C","2376",2.38,4.1,6.2,5.8,28.2429179557722
"386","D",15,"D","1667",NA,NA,NA,NA,NA
"387","D",16,"C","2343",2.48,4.8,4,3.4,10.6814150222053
"388","D",16,"D","2539",1.55,3.3,2.9,2.6,5.92190215201676
"389","D",17,"C","2644",NA,NA,NA,NA,NA
"390","D",17,"D","1791",NA,NA,NA,NA,NA
"391","D",18,"C","2510",2.32,5.2,3.7,2.8,8.13672497279756
"392","D",18,"D","2054",1.84,4.3,3.1,2.5,6.08683576633022
"393","D",19,"C","1767",2.3,12.2,4.5,4,14.1371669411541
"394","D",19,"D","1644",2.36,8.5,3.5,2.7,7.42201264410589
"395","D",20,"C","buffer",NA,NA,NA,NA,NA
"396","D",20,"D","2399",1.99,2.4,5,2.9,11.388273369263
"397","D",21,"C","buffer",NA,NA,NA,NA,NA
"398","D",21,"D","1977",2.66,8.2,7.7,6.1,36.8901517347781
"399","D",22,"C","53",2.53,NA,NA,NA,NA
"400","D",22,"D","buffer",NA,NA,NA,NA,NA
"401","D",23,"C","buffer",NA,NA,NA,NA,NA
"402","D",23,"D","815",1.35,NA,NA,NA,NA
"403","D",24,"C","2265",NA,NA,NA,NA,NA
"404","D",24,"D","2461",1.73,4,3.7,3.7,10.7521008569111
"405","D",25,"C","2047",2.67,4.7,5.6,4,17.5929188601028
"406","D",25,"D","2623",NA,NA,NA,NA,NA
"407","D",26,"C","1753",NA,NA,NA,NA,NA
"408","D",26,"D","1600",3.82,10.5,7.4,7.1,41.2648195049019
"409","D",27,"C","1837",2.85,5.9,6,3.7,17.4358392274234
"410","D",27,"D","2283",2.84,21.9,5.6,2.5,10.9955742875643
"411","D",28,"C","2501",NA,NA,NA,NA,NA
"412","D",28,"D","2129",1.17,4.7,3.3,2.4,6.22035345410779
"413","D",29,"C","1971",2.48,4,2.4,2,3.76991118430775
"414","D",29,"D","2617",2.35,8.3,4.4,3.8,13.1318572920053
"415","D",30,"C","1834",NA,NA,NA,NA,NA
"416","D",30,"D","2451",2.28,7,5.8,5.8,26.4207942166902
"417","D",31,"C","2540",2.54,7.9,6,5.1,24.0331837999619
"418","D",31,"D","2647",NA,NA,NA,NA,NA
"419","D",32,"C","2431",NA,NA,NA,NA,NA
"420","D",32,"D","2526",2.36,4,4.1,2.5,8.05033117482384
"421","D",33,"C","2422",2.66,6.6,6.8,6.2,33.1123865688364
"422","D",33,"D","2601",NA,NA,NA,NA,NA
"423","D",34,"C","1648",2.14,7,4.7,3.5,12.919799787888
"424","D",34,"D","2345",2.98,9.3,8,7.2,45.238934211693
"425","D",35,"C","204",NA,NA,NA,NA,NA
"426","D",35,"D","2479",NA,NA,NA,NA,NA
"427","D",36,"C",NA,NA,NA,NA,NA,NA
"428","D",36,"D","2468",3.55,34.7,8.7,7.7,52.6138229659951
"429","D",37,"C","2050",3.79,3,6.1,5.4,25.8710155023119
"430","D",37,"D","1882",NA,NA,NA,NA,NA
"431","D",38,"C","1997",NA,NA,NA,NA,NA
"432","D",38,"D","2055",3.11,5,6.4,6.1,30.6619442990364
"433","D",39,"C","1862",1.7,3.7,4.5,4.4,15.5508836352695
"434","D",39,"D","1430",3.53,NA,NA,NA,NA
"435","D",40,"C","2340",2.21,29,1.3,0.8,0.816814089933346
"436","D",40,"D","1404",2.25,NA,NA,NA,NA
"437","D",41,"C","1913",2.35,7.8,6.5,4.6,23.4834050855837
"438","D",41,"D","2484",2.17,8.3,7.3,5.3,30.3870549418473
"439","D",42,"C","491",NA,NA,NA,NA,NA
"440","D",42,"D","76",1.61,NA,NA,NA,NA
"441","D",43,"C","363",1.63,NA,NA,NA,NA
"442","D",43,"D","2046",NA,NA,NA,NA,NA
"443","D",44,"C","385",1.85,NA,NA,NA,NA
"444","D",44,"D","2531",2.02,6.2,5.4,3.6,15.2681402964464
"445","D",45,"C","2624",NA,NA,NA,NA,NA
"446","D",45,"D","2543",2.29,3.5,3.4,2.7,7.20995513998858
"447","D",46,"C","2277",2.16,21.5,4.8,4.4,16.5876092109541
"448","D",46,"D","1972",NA,NA,NA,NA,NA
"449","D",47,"C","1682",NA,NA,NA,NA,NA
"450","D",47,"D","2065",1.87,7.3,4.9,2.4,9.23628240155399
"451","D",48,"C","1615",NA,3.4,2,1.7,2.67035375555132
"452","D",48,"D","2369",2.59,4.1,2.2,1.3,2.2462387473167
"453","D",49,"C","2192",NA,NA,NA,NA,NA
"454","D",49,"D","2387",1.84,8.4,4.1,3.3,10.6264371507675
"455","D",50,"C","2103",2.23,4.4,6,3.8,17.9070781254618
"456","D",50,"D","2542",2.21,9,2.9,3.4,7.74402589109884
"457","D",51,"C","2445",1.91,3.4,5.2,4.2,17.1530958886003
"458","D",51,"D","1839",1.99,2.8,5.8,3.6,16.3991136517387
"459","D",52,"C","2242",2.29,10.4,5.4,3.8,16.1163703129156
"460","D",52,"D","1806",2.43,6.3,4.6,4.2,15.1738925168387
"461","D",53,"C","2429",1.85,5.3,3.2,3.9,9.80176907920015
"462","D",53,"D","2346",2.74,9.4,6,5.2,24.5044226980004
"463","D",54,"C","2567",2.2,6.7,3.8,3.2,9.55044166691297
"464","D",54,"D","936",1.52,NA,NA,NA,NA
"465","D",55,"C","2235",2.27,7.2,3.7,3.4,9.8803088955399
"466","D",55,"D","1796",2.19,30.2,7.4,3,17.4358392274234
"467","D",56,"C","2166",3.13,7.5,5.8,3.8,17.3101755212798
"468","D",56,"D","2485",2.34,8.3,6.2,4.6,22.3995556200952
"469","D",57,"C","1970",1.89,4.8,5.3,3.2,13.3203528512207
"470","D",57,"D","buffer",NA,NA,NA,NA,NA
"471","D",58,"C","buffer",NA,NA,NA,NA,NA
"472","D",58,"D","buffer",NA,NA,NA,NA,NA
"473","D",59,"C","buffer",NA,NA,NA,NA,NA
"474","D",59,"D","buffer",NA,NA,NA,NA,NA
"475","E",1,"B","buffer",NA,NA,NA,NA,NA
"476","E",2,"A","buffer",NA,NA,NA,NA,NA
"477","E",2,"B","buffer",NA,NA,NA,NA,NA
"478","E",3,"A","buffer",NA,NA,NA,NA,NA
"479","E",3,"B","buffer",NA,NA,NA,NA,NA
"480","E",4,"A","2225",2.83,7.9,9,6.2,43.8252175175776
"481","E",4,"B","1998",2.2,9.3,10.2,10.6,84.9172494265321
"482","E",5,"A","2475",NA,NA,NA,NA,NA
"483","E",5,"B","2641",2.49,18.8,4.4,4.4,15.2053084433746
"484","E",6,"A",NA,NA,NA,NA,NA,NA
"485","E",6,"B","2061",2.18,5.4,6.6,5.4,27.9915905434851
"486","E",7,"A","2266",2.36,14.5,6.8,7.7,41.1234478354904
"487","E",7,"B","2534",2.51,10.1,6.8,6.3,33.6464573199467
"488","E",8,"A","2282",2.16,8.5,8.7,7.8,53.2971193681508
"489","E",8,"B","2028",2.42,9.3,9.2,9.4,67.9212331706113
"490","E",9,"A","buffer",NA,NA,NA,NA,NA
"491","E",9,"B","2132",2.55,14.3,9.9,6.4,49.7628276328623
"492","E",10,"A","399",1.83,NA,NA,NA,NA
"493","E",10,"B","2374",2.54,5.1,6.6,6.2,32.1384928462236
"494","E",11,"A","2088",2.99,6.7,8.2,5.8,37.3535366511826
"495","E",11,"B","2518",NA,NA,NA,NA,NA
"496","E",12,"A","2079",NA,NA,NA,NA,NA
"497","E",12,"B",NA,NA,NA,NA,NA,NA
"498","E",13,"A","2486",NA,NA,NA,NA,NA
"499","E",13,"B",NA,NA,NA,NA,NA,NA
"500","E",14,"A","2211",2.55,10.2,8.3,7.8,50.8466770983508
"501","E",14,"B","2025",2.17,4.7,3.8,4.2,12.5349546878233
"502","E",15,"A","2018",NA,NA,NA,NA,NA
"503","E",15,"B","1896",2.14,3.9,3.5,2.5,6.87223392972767
"504","E",16,"A","1857",1.86,6.7,4.2,3.6,11.8752202305694
"505","E",16,"B","2244",NA,NA,NA,NA,NA
"506","E",17,"A","1807",NA,NA,NA,NA,NA
"507","E",17,"B","1840",NA,NA,NA,NA,NA
"508","E",18,"A","2000",2.75,9.1,7.6,5.8,34.6203510425595
"509","E",18,"B","372",3.21,NA,NA,NA,NA
"510","E",19,"A","1605",NA,NA,NA,NA,NA
"511","E",19,"B","1975",2.46,11.6,8.6,7.7,52.009066380179
"512","E",20,"A","1684",NA,NA,NA,NA,NA
"513","E",20,"B","2367",1.97,7.3,6.7,7.3,38.4138241717692
"514","E",21,"A","2104",2.48,5.8,4.6,3.6,13.0061935858617
"515","E",21,"B","2437",2.11,13.1,7.9,3.4,21.0957946688555
"516","E",22,"A","2014",1.89,5.1,5.2,4,16.3362817986669
"517","E",22,"B","buffer",NA,NA,NA,NA,NA
"518","E",23,"A","buffer",NA,NA,NA,NA,NA
"519","E",23,"B","2524",NA,NA,NA,NA,NA
"520","E",24,"A","2584",NA,NA,NA,NA,NA
"521","E",24,"B","2400",NA,NA,NA,NA,NA
"522","E",25,"A","2332",2.49,8.9,6,4.8,22.6194671058465
"523","E",25,"B","1808",2.51,4.8,8.3,3.7,24.1195775979356
"524","E",26,"A","1713",NA,NA,NA,NA,NA
"525","E",26,"B",NA,NA,NA,NA,NA,NA
"526","E",27,"A","95",1.86,NA,NA,NA,NA
"527","E",27,"B","1841",1.75,4,5.3,4.4,18.3154851704285
"528","E",28,"A","1999",NA,NA,NA,NA,NA
"529","E",28,"B","2453",2.68,11.3,8.1,6.5,41.3512133028756
"530","E",29,"A","2106",2.43,4.2,5,5.5,21.5984494934298
"531","E",29,"B","2375",2.21,4.3,7,5.2,28.5884931476671
"532","E",30,"A",NA,NA,NA,NA,NA,NA
"533","E",30,"B",NA,NA,NA,NA,NA,NA
"534","E",41,"A","1601",2.35,11.3,6.6,6.1,31.6201300583813
"535","E",41,"B","2194",NA,NA,NA,NA,NA
"536","E",42,"A","2627",NA,NA,NA,NA,NA
"537","E",42,"B","2434",1.85,5.1,4.5,3.8,13.4303085940964
"538","E",43,"A","369",NA,NA,NA,NA,NA
"539","E",43,"B","1686",NA,1.5,2.2,1.4,2.41902634326414
"540","E",44,"A",NA,NA,NA,NA,NA,NA
"541","E",44,"B","2273",1.8,23.7,0.6,0.5,0.235619449019234
"542","E",45,"A","2208",3.1,7.1,6.8,5.2,27.7716790577338
"543","E",45,"B","1902",NA,NA,NA,NA,NA
"544","E",46,"A","2304",NA,NA,NA,NA,NA
"545","E",46,"B","2613",1.91,7.6,6.3,5.3,26.2244446758408
"546","E",47,"A",NA,NA,NA,NA,NA,NA
"547","E",47,"B","2586",2.26,11.4,5,3.2,12.5663706143592
"548","E",48,"A","2164",2.31,13.4,6.9,3.7,20.0512151115369
"549","E",48,"B","1974",2.26,11.5,9.1,6.3,45.0268767075757
"550","E",49,"A","buffer",NA,NA,NA,NA,NA
"551","E",49,"B","2503",2.69,13.4,6.4,7,35.1858377202057
"552","E",50,"A","2458",NA,NA,NA,NA,NA
"553","E",50,"B","1193",1.01,NA,NA,NA,NA
"554","E",51,"A","334",1.83,NA,NA,NA,NA
"555","E",51,"B","1800",2.33,23,2.8,3,6.59734457253857
"556","E",52,"A","buffer",NA,NA,NA,NA,NA
"557","E",52,"B","buffer",NA,NA,NA,NA,NA
"558","E",1,"C","buffer",NA,NA,NA,NA,NA
"559","E",1,"D","buffer",NA,NA,NA,NA,NA
"560","E",2,"C","buffer",NA,NA,NA,NA,NA
"561","E",2,"D","buffer",NA,NA,NA,NA,NA
"562","E",3,"C","buffer",NA,NA,NA,NA,NA
"563","E",3,"D","buffer",NA,NA,NA,NA,NA
"564","E",4,"C","1789",NA,NA,NA,NA,NA
"565","E",4,"D","2415",NA,NA,NA,NA,NA
"566","E",5,"C",NA,NA,NA,NA,NA,NA
"567","E",5,"D","2432",1.71,3.2,4.6,5.3,19.1480072236298
"568","E",6,"C","1656",NA,NA,NA,NA,NA
"569","E",6,"D",NA,NA,NA,NA,NA,NA
"570","E",7,"C","2582",NA,NA,NA,NA,NA
"571","E",7,"D","1406",3.06,NA,NA,NA,NA
"572","E",8,"C","2541",2.37,9.6,5.5,6,25.9181393921158
"573","E",8,"D","2366",3.35,11.6,11.2,9.3,81.8070726994782
"574","E",9,"C","2636",NA,NA,NA,NA,NA
"575","E",9,"D","2347",3.27,7,5.1,6.9,27.6381613699562
"576","E",10,"C","1711",NA,NA,NA,NA,NA
"577","E",10,"D","2630",NA,NA,NA,NA,NA
"578","E",11,"C","2268",2.66,12.4,8,11.2,70.3716754404114
"579","E",11,"D","2552",2.47,7.2,9.4,6,44.2964564156161
"580","E",12,"C",NA,NA,NA,NA,NA,NA
"581","E",12,"D","2007",2.51,7.5,9.1,6.8,48.6004383510341
"582","E",13,"C",NA,NA,NA,NA,NA,NA
"583","E",13,"D","1490",3.7,NA,NA,NA,NA
"584","E",14,"C","2193",2.82,6.5,10.5,6.1,50.3047523656066
"585","E",14,"D","2394",NA,NA,NA,NA,NA
"586","E",15,"C","2498",NA,NA,NA,NA,NA
"587","E",15,"D",NA,NA,NA,NA,NA,NA
"588","E",16,"C","2272",3.12,16.6,9.1,8.8,62.8946849248677
"589","E",16,"D",NA,NA,NA,NA,NA,NA
"590","E",17,"C","1657",NA,NA,NA,NA,NA
"591","E",17,"D","2174",3.22,13.5,5.5,7,30.2378292908018
"592","E",18,"C","2057",2.83,11.5,7.4,8.2,47.6579605549572
"593","E",18,"D","2122",2.03,8.2,5.6,4.3,18.9123877746106
"594","E",19,"C","2040",2.29,5.4,7.8,7.4,45.3331819913007
"595","E",19,"D","buffer",NA,NA,NA,NA,NA
"596","E",20,"C","2190",NA,NA,NA,NA,NA
"597","E",20,"D","2626",NA,NA,NA,NA,NA
"598","E",21,"C","1781",2.94,15,7.5,8,47.1238898038469
"599","E",21,"D","2416",2.49,2.8,6.1,5,23.9546439836222
"600","E",22,"C","2036",3.28,7.2,6.5,4.6,23.4834050855837
"601","E",22,"D","2428",2.32,3.5,3.4,4,10.6814150222053
"602","E",23,"C","2409",1.94,3.8,3.6,3.5,9.89601685880785
"603","E",23,"D","2325",2.49,4.3,5.8,5,22.776546738526
"604","E",24,"C","2585",1.71,5.6,5.4,6.8,28.8398205599543
"605","E",24,"D","2502",2.74,3.8,6,5.1,24.0331837999619
"606","E",25,"C","2080",3.81,11.5,7.6,8.2,48.946013542929
"607","E",25,"D","2067",3.45,10.5,6.1,6.8,32.5783158177261
"608","E",26,"C","1623",NA,NA,NA,NA,NA
"609","E",26,"D","2091",2.68,8.8,6.2,7,34.0862802914493
"610","E",27,"C","1658",NA,NA,NA,NA,NA
"611","E",27,"D","79",4.4,NA,NA,NA,NA
"612","E",28,"C","2637",1.63,NA,NA,NA,NA
"613","E",28,"D","1870",3.44,9.8,10.1,9.5,75.3589537779852
"614","E",29,"C","2348",2.49,8.2,4.5,6.3,22.2660379323177
"615","E",29,"D","buffer",NA,NA,NA,NA,NA
"616","E",30,"C",NA,NA,NA,NA,NA,NA
"617","E",30,"D","buffer",NA,NA,NA,NA,NA
"618","E",41,"C","2477",3.02,7.3,3,3.1,7.30420291959627
"619","E",41,"D","2259",1.44,NA,NA,NA,NA
"620","E",42,"C","2473",2.23,6.5,4.8,6.2,23.3734493427081
"621","E",42,"D","2245",3.54,10,5.9,6,27.8030949842697
"622","E",43,"C","2648",NA,NA,NA,NA,NA
"623","E",43,"D","2134",3,11.1,6.8,6,32.0442450666159
"624","E",44,"C","2426",2.65,8,4.8,6,22.6194671058465
"625","E",44,"D","1763",3.31,20.1,6.1,4,19.1637151868977
"626","E",45,"C","buffer",NA,NA,NA,NA,NA
"627","E",45,"D","buffer",NA,NA,NA,NA,NA
"628","E",46,"C","2297",3.56,9.6,5.3,7.8,32.4683600748505
"629","E",46,"D","2628",1.4,4.5,2.9,3,6.8329640215578
"630","E",47,"C","2594",2.77,11.4,6.1,5.4,25.8710155023119
"631","E",47,"D","2011",2.97,5.8,5.5,6,25.9181393921158
"632","E",48,"C","2081",2.46,11.5,5.5,4.8,20.7345115136926
"633","E",48,"D","2568",NA,NA,NA,NA,NA
"634","E",49,"C","380",1.75,NA,NA,NA,NA
"635","E",49,"D","2600",2.17,10.6,4.3,5.1,17.223781723306
"636","E",50,"C","1809",2.34,6.8,6,3.8,17.9070781254618
"637","E",50,"D","2308",2.56,11.5,3,3,7.06858347057703
"638","E",51,"C","1715",2.14,NA,NA,NA,NA
"639","E",51,"D","2385",NA,NA,NA,NA,NA
"640","E",52,"C","buffer",NA,NA,NA,NA,NA
"641","E",52,"D","buffer",NA,NA,NA,NA,NA
"642","F",1,"A","buffer",NA,NA,NA,NA,NA
"643","F",1,"B","buffer",NA,NA,NA,NA,NA
"644","F",2,"A","buffer",NA,NA,NA,NA,NA
"645","F",2,"B","buffer",NA,NA,NA,NA,NA
"646","F",3,"A","buffer",NA,NA,NA,NA,NA
"647","F",3,"B","buffer",NA,NA,NA,NA,NA
"648","F",4,"A.","1842",3.32,5.3,5,5.4,21.2057504117311
"649","F",4,"B","2528",2.96,9.2,6.5,3.8,19.399334635917
"650","F",5,"A","1783",NA,NA,NA,NA,NA
"651","F",5,"B",NA,NA,NA,NA,NA,NA
"652","F",6,"A","2333",3.99,27,8,7.8,49.0088453960008
"653","F",6,"B","2377",NA,NA,NA,NA,NA
"654","F",7,"A","1859",1.56,4.4,3.3,3.1,8.0346232115559
"655","F",7,"S","buffer",NA,NA,NA,NA,NA
"656","F",8,"A","2048",2.11,6.1,4.8,2.5,9.42477796076938
"657","F",8,"B","2015",2.26,7.3,6,5.3,24.9756615960389
"658","F",9,"A","2449",NA,NA,NA,NA,NA
"659","F",9,"B","1892",NA,NA,NA,NA,NA
"660","F",10,"A","2616",NA,NA,NA,NA,NA
"661","F",10,"B","1659",2.08,4.6,6.5,3.8,19.399334635917
"662","F",11,"A","2288",2.09,NA,NA,NA,NA
"663","F",11,"B","2533",2.65,6.8,5.7,4,17.9070781254618
"664","F",12,"A","2494",NA,NA,NA,NA,NA
"665","F",12,"B","2136",2.32,6.7,7.4,4.6,26.7349534820491
"666","F",13,"A","2109",2.49,4.3,6,5.8,27.3318560862312
"667","F",13,"B","buffer",NA,NA,NA,NA,NA
"668","F",14,"A","1662",NA,NA,NA,NA,NA
"669","F",14,"B","2433",2.89,6.4,2.8,4,8.79645943005142
"670","F",15,"A","2631",3.12,13,5.3,3.3,13.7366138778214
"671","F",15,"B","2611",2.39,11.5,6.4,7.4,37.1964570185032
"672","F",16,"A","1463",1.32,NA,NA,NA,NA
"673","F",16,"B","2196",2.74,8.8,5.1,4.5,18.0248878499714
"674","F",17,"A","2289",3.15,13.3,5.1,4.2,16.8232286599733
"675","F",17,"B","1912",2.8,9,7,5.6,30.78760800518
"676","F",18,"A","2035",2.84,7.3,5.3,8.5,35.382187261055
"677","F",18,"B","2459",2.03,4.6,8,9.2,57.8053048260522
"678","F",19,"A","1989",2.19,6.5,8,7.1,44.6106156809751
"679","F",19,"B","2341",2.5,19,4,3.2,10.0530964914873
"680","F",20,"A","buffer",NA,NA,NA,NA,NA
"681","F.",20,"B","2603",NA,NA,NA,NA,NA
"682","F",21,"A","2110",2.67,6.8,8.1,4,25.4469004940773
"683","F",21,"B","2350",NA,NA,NA,NA,NA
"684","F",22,"A","buffer",NA,NA,NA,NA,NA
"685","F",22,"B","2010",2.93,8.6,10.5,9.6,79.1681348704628
"686","F",23,"A","1602",3.6,11.5,11.8,9.3,86.189594451236
"687","F",23,"B","2462",NA,NA,NA,NA,NA
"688","F",24,"A","2247",2.73,9.2,5.3,5.8,24.1431395428376
"689","F",24,"B","2027",2.68,5,7.3,6,34.4004395568082
"690","F",25,"A","buffer",NA,NA,NA,NA,NA
"691","F",25,"B","2530",3.12,6,4,5.8,18.2212373908208
"692","F",26,"A","1811",NA,4.6,NA,NA,NA
"693","F",26,"B","1692",3.84,4.6,7.1,3,16.7289808803656
"694","F",27,"A","2514",2.84,6.6,6.5,4.4,22.462387473167
"695","F",27,"B","2581",2.22,6.3,4.5,5,17.6714586764426
"696","F",28,"A","1724",3.23,21.1,4.5,4.3,15.1974544617406
"697","F",28,"B","2571",NA,NA,NA,NA,NA
"698","F",29,"A",NA,NA,NA,NA,NA,NA
"699","F",29,"B",NA,NA,NA,NA,NA,NA
"700","F",39,"A","861",2.02,NA,NA,NA,NA
"701","F",39,"B","buffer",NA,NA,NA,NA,NA
"702","F",40,"A","buffer",NA,NA,NA,NA,NA
"703","F",40,"B",NA,NA,NA,NA,NA,NA
"704","F",41,"A","1880",2.81,6.3,6,3.8,17.9070781254618
"705","F",41,"B","buffer",NA,NA,NA,NA,NA
"706","F",42,"A","1773",NA,NA,NA,NA,NA
"707","F",42,"B","1924",NA,NA,NA,NA,NA
"708","F",43,"A","1959",2.21,3,1.6,2.5,3.14159265358979
"709","F",43,"B","2285",2.61,20.6,6.5,4.3,21.9518786669587
"710","F",44,"A","2214",2.89,5.8,9.5,6.6,49.24446484502
"711","F",44,"B","2570",2.15,33.8,9.5,3.3,24.62223242251
"712","F",45,"A","1871",2.12,7.6,6.6,5.5,28.5099533313274
"713","F",45,"B","2290",1.84,9.3,5.2,5.4,22.0539804282004
"714","F",46,"A","buffer",NA,NA,NA,NA,NA
"715","F",46,"B","buffer",NA,NA,NA,NA,NA
"716","F",47,"A","buffer",NA,NA,NA,NA,NA
"717","F",47,"B","buffer",NA,NA,NA,NA,NA
"718","F",1,"C","buffer",NA,NA,NA,NA,NA
"719","F",1,"D","buffer",NA,NA,NA,NA,NA
"720","F",2,"C","buffer",NA,NA,NA,NA,NA
"721","F",2,"D","buffer",NA,NA,NA,NA,NA
"722","F",3,"C","buffer",NA,NA,NA,NA,NA
"723","F",3,"D","buffer",NA,NA,NA,NA,NA
"724","F",4,"C","2349",2.18,7.1,8,7.5,47.1238898038469
"725","F",4,"D","2482",1.74,5.4,2.6,2.4,4.90088453960008
"726","F",5,"C","1688",NA,NA,NA,NA,NA
"727","F",5,"D","2497",2.02,8,4.8,4.3,16.2106180925233
"728","F",6,"C",NA,NA,NA,NA,NA,NA
"729","F",6,"D","565",1.25,25.7,2.7,2.1,4.45320758646353
"730","F",7,"C","2002",1.86,6.5,4.6,3.4,12.2836272755361
"731","F",7,"D","2117",NA,NA,NA,NA,NA
"732","F",8,"C","buffer",NA,NA,NA,NA,NA
"733","F",8,"D","2267",2.49,19.8,4.4,4.2,14.5141580595848
"734","F",9,"C","2087",2.84,8.4,9.1,6,42.8827397215007
"735","F",9,"D","2195",2.87,11.8,9,7.6,53.7212343763855
"736","F",10,"C","2189",NA,5,NA,NA,NA
"737","F",10,"D","2474",2.3,7.8,4.8,5.4,20.3575203952619
"738","F",11,"C","2281",3.29,16.6,8.3,7.3,47.5872747202514
"739","F",11,"D","2511",2.72,8.3,10.1,8.8,69.8061887627652
"740","F",12,"C","2246",2.89,10.6,8.5,7.4,49.4015444776995
"741","F",12,"D","buffer",NA,NA,NA,NA,NA
"742","F",13,"C","buffer",NA,NA,NA,NA,NA
"743","F",13,"D","2481",NA,NA,NA,NA,NA
"744","F",14,"C","2404",2.26,6.3,7.4,4.9,28.4785374047915
"745","F",14,"D","2447",NA,NA,NA,NA,NA
"746","F",15,"C","2334",2.44,22.3,5.3,4.4,18.3154851704285
"747","F",15,"D","2371",1.76,4.6,5.2,4.4,17.9699099785336
"748","F",16,"C","2294",2.01,7.6,5.1,4.3,17.223781723306
"749","F",16,"D","2126",3.61,28,8.8,8.8,60.8212337734984
"750","F",17,"C","1771",NA,NA,NA,NA,NA
"751","F",17,"D","buffer",NA,NA,NA,NA,NA
"752","F",18,"C","2298",2.83,7.7,9,4.4,31.101767270539
"753","F",18,"D","64",2.92,NA,NA,NA,NA
"754","F",19,"C","2167",2.42,10.4,9.6,7.1,53.5327388171701
"755","F",19,"D","2506",2.3,7.5,6.5,7.3,37.2671428532089
"756","F",20,"C","2262",2.43,14.1,6,5.5,25.9181393921158
"757","F",20,"D","381",2.37,NA,NA,NA,NA
"758","F",21,"C","1869",NA,NA,NA,NA,NA
"759","F",21,"D",NA,NA,NA,NA,NA,NA
"760","F",22,"C","buffer",NA,NA,NA,NA,NA
"761","F",22,"D","2443",2.34,5.4,5.5,3.7,15.9828526251381
"762","F",23,"C","2082",NA,NA,NA,NA,NA
"763","F",23,"D","1843",2.06,5.1,7.4,6.6,38.3588463003314
"764","F",24,"C","2271",NA,NA,NA,NA,NA
"765","F",24,"D","2629",NA,NA,NA,NA,NA
"766","F",25,"C","2545",2,4.1,5.5,5.4,23.3263254529042
"767","F",25,"D","2448",NA,NA,NA,NA,NA
"768","F",26,"C","2139",2.79,9.7,6.8,6,32.0442450666159
"769","F",26,"D","2587",1.83,7.1,5.5,4.2,18.1426975744811
"770","F",27,"C","2016",1.78,6.5,4.9,3.3,12.6998883021367
"771","F",27,"D","1914",1.92,4.2,2.9,4.2,9.56614963018092
"772","F",28,"C","2438",1.68,7.1,4.1,3.9,12.5585166327252
"773","F",28,"D","2003",NA,NA,NA,NA,NA
"774","F",29,"C",NA,NA,NA,NA,NA,NA
"775","F",29,"D",NA,NA,NA,NA,NA,NA
"776","F",40,"C","1983",1.79,6.5,4.8,3,11.3097335529233
"777","F",40,"D","2529",2.49,7.3,7.1,5.9,32.9003290647191
"778","F",41,"C","1693",3.89,3.7,7,4.8,26.3893782901543
"779","F",41,"D","314",2.84,NA,NA,NA,NA
"780","F",42,"C","2013",NA,NA,NA,NA,NA
"781","F",42,"D","2315",2.49,6.8,7.3,3.6,20.6402637340849
"782","F",43,"C","2401",1.79,2.7,5.2,4.5,18.3783170235003
"783","F",43,"D","1725",2.62,21.3,4.5,4.1,14.4905961146829
"784","F",44,"C","buffer",NA,NA,NA,NA,NA
"785","F",44,"D","2140",1.97,38.5,8.9,7.1,49.6293099450848
"786","F",45,"C","2407",2.13,6.7,5.9,4.9,22.7058609038202
"787","F",45,"D","2546",1.93,7.9,4.6,2.8,10.1159283445591
"788","F",46,"C","buffer",NA,NA,NA,NA,NA
"789","F",46,"D","buffer",NA,NA,NA,NA,NA
"790","F",47,"C","buffer",NA,NA,NA,NA,NA
"791","F",47,"D","buffer",NA,NA,NA,NA,NA
"792","G",1,"A","buffer",NA,NA,NA,NA,NA
"793","G",1,"B","buffer",NA,NA,NA,NA,NA
"794","G",2,"A","buffer",NA,NA,NA,NA,NA
"795","G",2,"B","buffer",NA,NA,NA,NA,NA
"796","G",3,"A","buffer",NA,NA,NA,NA,NA
"797","G",3,"B","buffer",NA,NA,NA,NA,NA
"798","G",4,"A","2460",2.65,5.3,5,5.6,21.9911485751286
"799","G",4,"B","2053",2.94,11,12.3,9.1,87.9096164290764
"800","G",5,"A","1812",NA,NA,NA,NA,NA
"801","G",5,"B","2491",3.31,6.1,7.5,7.4,43.5895980685584
"802","G",6,"A","2092",2.23,4.9,7,6.2,34.0862802914493
"803","G",6,"B","1604",2.43,6.6,4.5,3.7,13.0768794205675
"804","G",7,"A","2335",2.76,46.6,11.3,7.5,66.5624943479338
"805","G",7,"B","2351",2.83,10.2,8.6,5.5,37.1493331286993
"806","G",8,"A","2513",NA,NA,NA,NA,NA
"807","G",8,"B","2112",NA,NA,NA,NA,NA
"808","G",9,"A","2299",3.56,9.8,7.5,6.6,38.8772090881737
"809","G",9,"B","1845",2.36,10.8,11.9,8,74.7699051554371
"810","G",10,"A","2588",3.12,10.2,7.7,8.9,53.8233361376271
"811","G",10,"B","2248",NA,NA,NA,NA,NA
"812","G",11,"A","2232",NA,NA,NA,NA,NA
"813","G",11,"B","2372",2.67,6.6,6.8,6.5,34.7145988221672
"814","G",12,"A","2263",2.48,8.9,5.6,5.6,24.630086404144
"815","G",12,"B","2436",2.81,8.9,8,6.5,40.8407044966673
"816","G",13,"A","2021",1.45,2.4,2.6,2.1,4.28827397215007
"817","G",13,"B","buffer",NA,NA,NA,NA,NA
"818","G",14,"A","2547",NA,NA,NA,NA,NA
"819","G",14,"B","2250",3.16,10.2,6.9,7.8,42.2701291540507
"820","G",15,"A","2280",NA,NA,NA,NA,NA
"821","G",15,"B","1814",2.91,10.1,11.7,5.8,53.2971193681508
"822","G",16,"A","1797",2.92,15.7,4,4.5,14.1371669411541
"823","G",16,"B","2435",2.26,4.4,3.6,2.5,7.06858347057703
"824","G",17,"A","2572",3.03,10.5,8.5,6.8,45.3960138443725
"825","G",17,"B","1925",2.77,6.7,7.5,6.2,36.5210145979813
"826","G",18,"A","2264",NA,NA,NA,NA,NA
"827","G",18,"B","2508",1.94,6.7,6,5,23.5619449019234
"828","G",19,"A","2441",NA,4.1,1.5,2.5,2.94524311274043
"829","G",19,"B","2215",2.6,6.6,6.4,5.3,26.6407057024414
"830","G",20,"A","2599",NA,NA,NA,NA,NA
"831","G",20,"B","2589",NA,NA,NA,NA,NA
"832","G",21,"A","1846",0.98,3.4,1.5,1,1.17809724509617
"833","G",21,"B","2184",2.22,22.6,7.7,5,30.2378292908018
"834","G",22,"A","2084",2.59,13.5,6.5,7.2,36.7566340470006
"835","G",22,"B","2424",NA,NA,NA,NA,NA
"836","G",23,"A","1776",1.72,18.6,3,2,4.71238898038469
"837","G",23,"B","2198",2.39,7.3,9.5,5.4,40.2909257822891
"838","G",24,"A","1694",2.73,4.1,3.5,2.5,6.87223392972767
"839","G",24,"B","2536",2.08,5.3,5.4,3.8,16.1163703129156
"840","G",25,"A","2355",2.28,9.7,12.6,5.1,50.46968597992
"841","G",25,"B","2456",NA,NA,NA,NA,NA
"842","G",26,"A","2561",2.02,7,3.9,3.6,11.0269902141002
"843","G",26,"B","2496",NA,NA,NA,NA,NA
"844","G",27,"A","buffer",NA,NA,NA,NA,NA
"845","G",27,"B","2612",NA,NA,NA,NA,NA
"846","G",28,"A","2144",2.74,8.8,6.8,3.6,19.2265470399695
"847","G",28,"B","2565",2.78,8.2,6,4.9,23.090706003885
"848","G",29,"A","2251",2.69,10.7,6.3,5.8,28.6984488905428
"849","G",29,"B","2216",1.78,6.3,3.8,3,8.95353906273091
"850","G",30,"A","195",1.18,NA,NA,NA,NA
"851","G",30,"B","2157",3.85,18.8,5.5,5.2,22.462387473167
"852","G",31,"A","2469",2.44,7.3,7,6.8,37.3849525777185
"853","G",31,"B","2615",1.78,5.8,5.8,2.7,12.299335238804
"854","G",32,"A","2287",3.22,10.6,8.8,8,55.2920307031804
"855","G",32,"B","2199",2.61,10.6,6.8,5.8,30.9761035643954
"856","G",33,"A","2465",1.28,12.6,7.2,3.8,21.4884937505542
"857","G",33,"B","2500",1.87,6.6,4,3.5,10.9955742875643
"858","G",34,"A","1847",3.07,4.8,4.8,3,11.3097335529233
"859","G",34,"B","2114",2.3,6.4,5.8,3.9,17.7657064560503
"860","G",35,"A","2535",1.97,6.3,5,4.5,17.6714586764426
"861","G",35,"B","2188",NA,NA,NA,NA,NA
"862","G",36,"A","2548",2.2,6.8,6.6,5.7,29.546678907012
"863","G",36,"B","1732",1.56,29,5.2,1.8,7.35132680940012
"864","G",37,"A","buffer",NA,NA,NA,NA,NA
"865","G",37,"B","2527",NA,NA,NA,NA,NA
"866","G",38,"A","1697",2.71,3.9,4.3,3.9,13.1711272001752
"867","G",38,"B","1330",2.54,NA,NA,NA,NA
"868","G",39,"A","2618",NA,NA,NA,NA,NA
"869","G",39,"B","2094",1.91,4.4,7,5.1,28.0387144332889
"870","G",40,"A","2171",2.41,12.6,6.4,4.1,20.608847807549
"871","G",40,"B","2270",1.98,13.7,4.9,3.1,11.9301981020072
"872","G",41,"A","2229",2.76,9,5,3.3,12.9590696960579
"873","G",41,"B","706",2.08,NA,NA,NA,NA
"874","G",42,"A","buffer",NA,NA,NA,NA,NA
"875","G",42,"B","1464",1.92,NA,NA,NA,NA
"876","G",43,"A","buffer",NA,NA,NA,NA,NA
"877","G",44,"A","buffer",NA,NA,NA,NA,NA
"878","G",44,"B","buffer",NA,NA,NA,NA,NA
"879","G",45,"A","buffer",NA,NA,NA,NA,NA
"880","G",45,"B","buffer",NA,NA,NA,NA,NA
"881","G",1,"C","buffer",NA,NA,NA,NA,NA
"882","G",1,"D","buffer",NA,NA,NA,NA,NA
"883","G",2,"C","buffer",NA,NA,NA,NA,NA
"884","G",2,"D","buffer",NA,NA,NA,NA,NA
"885","G",3,"C","buffer",NA,NA,NA,NA,NA
"886","G",3,"D","buffer",NA,NA,NA,NA,NA
"887","G",4,"C","2632",NA,NA,NA,NA,NA
"888","G",4,"D","1100",4.65,NA,NA,NA,NA
"889","G",5,"C","2083",3,20.6,5.5,3.1,13.3910386859265
"890","G",5,"D","YO7_5_7",1.22,4,2.5,1.7,3.33794219443915
"891","G",6,"C","2537",2.47,7.4,8.8,6.5,44.924774946334
"892","G",6,"D","2560",1.91,3.6,3,3.5,8.24668071567321
"893","G",7,"C","2306",NA,NA,NA,NA,NA
"894","G",7,"D","2024",3.43,5.3,5.6,3.7,16.2734499455951
"895","G",8,"C","2598",2.18,6.1,6,5.3,24.9756615960389
"896","G",8,"D","530",1.73,NA,NA,NA,NA
"897","G",9,"C","2008",2.83,7.1,6.6,6,31.101767270539
"898","G",9,"D","buffer",NA,NA,NA,NA,NA
"899","G",10,"C","2197",2.49,7.4,7.5,4.3,25.3290907695677
"900","G",10,"D","buffer",NA,NA,NA,NA,NA
"901","G",11,"C","2495",2.04,8.5,4.3,3,10.1316363078271
"902","G",11,"D","2089",2.79,6,5.5,4.2,18.1426975744811
"903","G",12,"C","buffer",NA,NA,NA,NA,NA
"904","G",12,"D","buffer",NA,NA,NA,NA,NA
"905","G",13,"C","2645",2.9,18.1,5.5,4.8,20.7345115136926
"906","G",13,"D","1729",3.12,15.2,5.4,5.5,23.3263254529042
"907","G",14,"C","2142",2.77,9.1,6.2,5,24.3473430653209
"908","G",14,"D","2352",NA,NA,NA,NA,NA
"909","G",15,"C",NA,NA,NA,NA,NA,NA
"910","G",15,"D","2639",NA,NA,NA,NA,NA
"911","G",16,"C","1979",2.73,6.8,4.6,3.6,13.0061935858617
"912","G",16,"D","1863",2.63,4.8,2.6,3.5,7.14712328691678
"913","G",17,"C","2517",NA,NA,NA,NA,NA
"914","G",17,"D",NA,NA,NA,NA,NA,NA
"915","G",18,"C","2300",2.58,5.3,5.7,5.5,24.62223242251
"916","G",18,"D","2553",1.75,4.5,3.4,3.9,10.4143796466502
"917","G",19,"C","2464",NA,NA,NA,NA,NA
"918","G",19,"D","2556",NA,NA,NA,NA,NA
"919","G",20,"C","2614",NA,NA,NA,NA,NA
"920","G",20,"D","2295",2.42,10.5,5.7,5.4,24.1745554693735
"921","G",21,"C","2233",2.72,6.6,6.5,5.5,28.0779843414588
"922","G",21,"D","2336",2.95,8,6.3,6,29.6880505764235
"923","G",22,"C","2439",2.76,6.1,5.3,6.1,25.3919226226395
"924","G",22,"D",NA,NA,NA,NA,NA,NA
"925","G",23,"C","buffer",NA,NA,NA,NA,NA
"926","G",23,"D",NA,NA,NA,NA,NA,NA
"927","G",24,"C","2093",2.42,4,6,2.3,10.8384946548848
"928","G",24,"D","2327",2.27,3.9,4.2,3.5,11.5453530019425
"929","G",25,"C","1891",3.23,5,5.3,3.4,14.152874904422
"930","G",25,"D","1991",NA,NA,NA,NA,NA
"931","G",26,"C","2650",NA,NA,NA,NA,NA
"932","G",26,"D","2313",2.73,4.6,7.3,5,28.6670329640069
"933","G",27,"C","1890",NA,NA,NA,NA,NA
"934","G",27,"D","2562",NA,NA,NA,NA,NA
"935","G",28,"C","2590",NA,NA,NA,NA,NA
"936","G",28,"D","2310",2.28,4.8,2.5,1.8,3.53429173528852
"937","G",29,"C","2074",1.88,4.5,5.3,4.5,18.7317461970291
"938","G",29,"D",NA,NA,NA,NA,NA,NA
"939","G",30,"C","2635",2,14.2,6,4.5,21.2057504117311
"940","G",30,"D","2575",NA,NA,NA,NA,NA
"941","G",31,"C","2019",NA,NA,NA,NA,NA
"942","G",31,"D","1765",2.38,15.5,5.6,4.8,21.1115026321234
"943","G",32,"C","1815",2.5,4.3,7,4.5,24.7400421470196
"944","G",32,"D","1872",2.42,5.8,4.5,3,10.6028752058656
"945","G",33,"C","2421",2.6,5.6,4.5,3.5,12.3700210735098
"946","G",33,"D","2604",NA,NA,NA,NA,NA
"947","G",34,"C","238",2.02,NA,NA,NA,NA
"948","G",34,"D","2275",1.62,NA,NA,NA,NA
"949","G",35,"C","1394",1.9,NA,NA,NA,NA
"950","G",35,"D","2301",2.87,6.5,4.7,3.7,13.6580740614816
"951","G",36,"C","1240",1.63,NA,NA,NA,NA
"952","G",36,"D","733",2.22,NA,NA,NA,NA
"953","G",37,"C","2049",NA,NA,NA,NA,NA
"954","G",37,"D","261",1.68,20.7,3.4,0.3,0.801106126665397
"955","G",38,"C","1930",2.66,6.6,5.5,5.6,24.1902634326414
"956","G",38,"D","1447",1.95,NA,NA,NA,NA
"957","G",39,"C","2321",1.96,6.7,3.5,3.3,9.07134878724053
"958","G",39,"D","2337",NA,6.8,1.3,0.9,0.918915851175015
"959","G",40,"C","2293",2.68,1.4,NA,NA,NA
"960","G",40,"D","1624",3.81,9.2,4.3,4.5,15.1974544617406
"961","G",41,"C","2378",2.71,9,5,3.8,14.9225651045515
"962","G",41,"D","2512",1.16,2.8,2.5,2.3,4.51603943953533
"963","G",42,"C","2358",3.41,9.3,5.7,5.8,25.9652632819196
"964","G",42,"D","buffer",NA,NA,NA,NA,NA
"965","G",44,"C","buffer",NA,NA,NA,NA,NA
"966","G",44,"D","buffer",NA,NA,NA,NA,NA
"967","G",45,"C","buffer",NA,NA,NA,NA,NA
"968","G",45,"D","buffer",NA,NA,NA,NA,NA
"969","H",23,"B","734",2.31,NA,NA,NA,NA
"970","I",9,"B","391",1.94,NA,NA,NA,NA
"971","I",10,"A","1272",1.09,NA,NA,NA,NA
"972","I",11,"A","1250",1.42,NA,NA,NA,NA
