bed,row,col,Unique.ID,phen,total. branch,diam.mm,height. cm,overhd. diam,overhd. perp,num. flw,num. fruit,long.fruit .cm,survey.date,collected.date,survey.notes
C,1,A,buffer,,,,,,,,,,,,
C,1,B,buffer,,,,,,,,,,,,
C,2,A,buffer,,,,,,,,,,,,
C,2,B,buffer,,,,,,,,,,,,
C,3,A,buffer,,,,,,,,,,,,
C,3,B,buffer,,,,,,,,,,,,
C,4,A,2566,,,,,,,,,,,,
C,4,B,2595,,,,,,,,,,,,
C,5,A,2642,,,,,,,,,,,,
C,5,B,buffer,,,,,,,,,,,,
C,6,A,2509,,,,,,,,,,,,
C,6,B,2549,V,1,3.36,1.5,N/A,N/A,0,0,N/A,10/20/25,,
C,7,A,2452,,,,,,,,,,,,
C,7,B,2095,V,1,2.46,4.2,6.3,4.7,0,0,N/A,10/20/25,,
C,8,A,2291,V,1,3.54,5.6,1,0.9,0,0,N/A,10/20/25,,
C,8,B,2252,V,1,3.24,5.5,4.2,2.1,0,0,N/A,10/20/25,,
C,9,A,NA,,,,,,,,,,,,
C,9,B,2634,V,1,2.71,11.2,1.7,0.7,0,0,N/A,10/20/25,,
C,10,A,2466,,,,,,,,,,,,
C,10,B,2302,X,,,,,,,,,10/20/25,,
C,11,A,2338,,,,,,,,,,,,
C,11,B,2605,X,,,,,,,,,10/20/23,,
C,12,A,2326,V,1,2.17,5.3,3.2,1.7,0,0,N/A,10/20/25,,
C,12,B,1819,V,1,4.23,2.7,N/A,N/A,0,0,N/A,10/20/25,,
C,13,A,2520,,,,,,,,,,,,
C,13,B,2591,V,1,2.48,4.6,1,0.5,0,0,N/A,10/20/23,,
C,14,A,2150,,,,,,,,,,,,
C,14,B,1915,,,,,,,,,,,,
C,15,A,2472,V,1,2.35,3.2,N/A,N/A,0,0,N/A,10/20/25,,
C,15,B,1981,V,1,2.35,0.4,N/A,N/A,0,0,N/A,10/20/25,,
C,16,A,2023,,,,,,,,,,,,
C,16,B,1908,,,,,,,,,,,,
C,17,A,1787,,,,,,,,,,,,
C,17,B,2274,,,,,,,,,,,,
C,18,A,2090,,,,,,,,,,,,
C,18,B,1883,V,1,3.08,2.1,N/A,N/A,0,0,N/A,10/20/25,,
C,19,A,2063,V,1,3.21,4.3,0.6,0.9,0,0,N/A,10/20/25,,
C,19,B,2236,V,1,2.72,5.3,1.3,0.3,0,0,N/A,10/20/25,,
C,20,A,2592,X,,,,,,,,,10/20/25,,
C,20,B,2213,V,1,3.31,7.2,2.9,3.8,0,0,N/A,10/20/25,,
C,21,A,2370,X,,,,,,,,,10/20/25,,
C,21,B,698,P,1,2.89,,,,0,30,6.7,8/7/25,8/7/25. 8/14/25,8/7 collected 8 fruits. 8/14 collected 2 fruits
C,22,A,2638,V,1,2.03,8.3,N/A,N/A,0,0,N/A,10/20/25,,
C,22,B,buffer,,,,,,,,,,,,
C,23,A,2489,V,1,1.82,1.2,N/A,N/A,0,0,N/A,10/20/25,,
C,23,B,2564,V,1,3.1,0.8,N/A,N/A,0,0,N/A,10/20/25,,
C,24,A,buffer,,,,,,,,,,,,
C,24,B,118,P,1,1.78,,,,0,27,5.2,8/7/25,8/14/25,8/14 collected 10 frts
C,25,A,2505,V,1,1.02,2.4,N/A,N/A,0,0,N/A,10/20/25,,
C,25,B,1459,P,1,3.1,,,,0,24,5.5,8/14/25,8/14/25. 8/28/25,8/14 collected 3 frts. 8/28 10 fruits col.
C,26,A,2602,V,1,2.21,1.4,N/A,N/A,0,0,N/A,10/20/25,,
C,26,B,2284,X,,,,,,,,,10/20/25,,
C,27,A,2323,V,1,2.48,5.7,8.6,6.5,0,0,N/A,10/20/25,,
C,27,B,buffer,,,,,,,,,,,,
C,28,A,2478,,,,,,,,,,,,
C,28,B,2557,P,1,1.72,,,,0,1,6.1,8/14/25,9/4/25,col. 1 frt.
C,29,A,1780,,,,,,,,,,,,
C,29,B,2454,,,,,,,,,,,,
C,30,A,NA,,,,,,,,,,,,
C,30,B,341,P,1,3.4,,,,0,20,5.1,9/11/25,9/11/25,9/11 col.10 frt.
C,31,A,1228,P,1,2.38,,,,0,25,6.5,8/7/25,8/14/25. 8/21/25,8/14 col. 3 frts. 8/21 collected 7 frt.
C,31,B,2442,V,1,1.8,6.2,4.6,4.7,0,0,N/A,10/20/25,,
C,32,A,939,,,,,,,,,,,,
C,32,B,1700,V,1,3.52,4.3,9.2,7.6,0,0,N/A,10/20/25,,
C,33,A,2523,V,1,2.64,7.3,7.6,7.5,0,0,N/A,10/20/25,,
C,33,B,183,P,1,1.81,,,,0,1,0.9,7/18/25,NA,8/14 frt missing
C,34,A,1745,V,1,2.06,13.7,6.3,5.2,,,,10/20/25,,
C,34,B,2467,,,,,,,,,,,,
C,35,A,2396,,,,,,,,,,,,
C,35,B,2427,,,,,,,,,,,,
C,36,A,1905,,,,,,,,,,,,
C,36,B,buffer,,,,,,,,,,,,
C,37,A,2381,,,,,,,,,,,,
C,37,B,1289,P,1,1.72,,,,0,4,3.6,9/4/25,9/4/25. 9/29/25,9/4 col. 2 frt.. 9/29 col. 1 frt.
C,38,A,2009,V,1,2.59,6.4,8.6,8.2,,,,10/20/25,,
C,38,B,2230,V,1,2.12,9.4,9.7,7.9,,,,10/20/25,,
C,39,A,2487,V,1,2.25,7,5,5.2,,,,10/20/25,,
C,39,B,1866,V,1,3.32,6.1,8.3,6.5,,,,10/20/25,,
C,40,A,2069,V,1,2.49,8.6,8,5.8,,,,10/20/25,,
C,40,B,2621,,,,,,,,,,,,
C,41,A,2493,V,1,1.81,3.1,3.8,4,,,,10/20/25,,powdery mildew
C,41,B,2574,V,1,2.3,5.9,6.9,6.4,,,,10/20/25,,
C,42,A,1747,V,1,3.67,16.5,7.3,6.9,,,,10/20/25,,
C,42,B,buffer,,,,,,,,,,,,
C,43,A,73,P,1,1.58,,,,0,12,4.3,8/7/25,8/21/25,8/21 col.10 frt.
C,43,B,2522,V,1,1.88,5.3,5.1,4.6,,,,10/20/25,,
C,44,A,2558,V,1,2.1,6.2,4.5,4.9,,,,10/20/25,,
C,44,B,2169,V,1,2.67,8.8,9.4,6.9,,,,10/20/25,,
C,45,A,2165,P,1,3.04,26.7,13,9.9,7,11,4,10/20/25,10/20/25,col. 2 frt.
C,45,B,2328,V,1,2.86,10.4,12.3,7.2,,,,10/20/25,,
C,46,A,2408,V,1,1.74,4.2,5.1,3.3,,,,10/20/25,,
C,46,B,2392,P,1,3.15,43.8,7.5,6.4,9,6,3.3,10/20/25,,
C,47,A,2154,V,1,2.63,9.1,7.6,6.8,,,,10/20/25,,
C,47,B,1933,,,,,,,,,,,,
C,48,A,1893,,,,,,,,,,,,
C,48,B,2411,,,,,,,,,,,,
C,49,A,buffer,,,,,,,,,,,,
C,49,B,2551,,,,,,,,,,,,
C,50,A,1620,V,1,2.44,6.3,6.6,5.7,,,,10/20/25,,
C,50,B,404,P,1,2.57,,,,0,12,7.4,8/28/25,9/11/25. 9/29/25. 10/6/25,9/11 col 2 frt. 9/29 col. 5 frt. 10/6 col. 1 frt
C,51,A,2579,V,1,2.1,9.7,6.7,6,,,,10/20/25,,
C,51,B,2361,V,1,3.14,7,8.9,7.4,,,,10/20/25,,
C,52,A,buffer,,,,,,,,,,,,
C,52,B,buffer,,,,,,,,,,,,
C,53,A,1990,,,,,,,,,,,,
C,53,B,2286,V,1,3.21,11.6,6.2,8.8,,,,10/20/25,,
C,54,A,1795,P,1,1.47,,,,0,3,3.5,9/4/25,10/6/25,10/6 col. 2 fruit
C,54,B,buffer,,,,,,,,,,,,
C,55,A,2488,,,,,,,,,,,,
C,55,B,2020,V,1,2.32,4.1,4.4,3.3,,,,10/20/25,,
C,56,A,1936,V,1,1.81,5.4,4.3,3,,,,10/20/25,,
C,56,B,2173,V,1,2.62,10.2,6.7,7.8,,,,10/20/25,,
C,57,A,2608,,,,,,,,,,,,
C,57,B,2398,V,1,2.69,5.6,5.4,5.9,,,,10/20/25,,
C,58,A,395,,,,,,,,,,,,
C,58,B,1916,,,,,,,,,,,,
C,59,A,buffer,,,,,,,,,,,,
C,59,B,buffer,,,,,,,,,,,,
C,60,A,buffer,,,,,,,,,,,,
C,60,B,buffer,,,,,,,,,,,,
C,1,C,buffer,,,,,,,,,,,,
C,1,D,buffer,,,,,,,,,,,,
C,2,C,buffer,,,,,,,,,,,,
C,2,D,buffer,,,,,,,,,,,,
C,3,C,buffer,,,,,,,,,,,,
C,3,D,buffer,,,,,,,,,,,,
C,4,C,2127,,,,,,,,,,,,
C,4,D,NA,,,,,,,,,,,,
C,5,C,2228,V,1,2.17,3.7,1.4,0.3,0.3,,,10/20/25,,
C,5,D,NA,,,,,,,,,,,,
C,6,C,2476,V,1,2.09,2.3,N/A,N/A,,,,10/20/25,,
C,6,D,2314,,,,,,,,,,,,
C,7,C,2051,V,1,2.35,2.5,N/A,N/A,,,,10/20/25,,
C,7,D,2419,V,1,2.01,2,N/A,NIA,,,,10/20/25,,
C,8,C,1826,V,1,2.5,3.1,N/A,N/A,,,,10/20/25,,
C,8,D,1699,,,,,,,,,,,,
C,9,C,2200,X,,,,,,,,,10/20/25,,
C,9,D,NA,,,,,,,,,,,,
C,10,C,2006,,,,,,,,,,,,
C,10,D,NA,,,,,,,,,,,,
C,11,C,2563,,,,,,,,,,,,
C,11,D,2170,V,1,2.7,6.9,N/A,N/A,,,,10/20/25,,
C,12,C,1621,V,1,2.79,6.3,0.9,0.3,,,,10/20/25,,
C,12,D,2258,V,1,2.16,4.2,1.4,1.9,,,,10/20/25,,
C,13,C,2619,,,,,,,,,,,,
C,13,D,2041,X,,,,,,,,,10/20/25,,
C,14,C,1950,X,,,,,,,,,10/20/25,,
C,14,D,1873,V,1,2.15,7.1,5.9,4.7,,,,10/20/25,,
C,15,C,1738,,,,,,,,,,,,
C,15,D,2555,,,,,,,,,,,,
C,16,C,2359,,,,,,,,,,,,
C,16,D,2115,V,,2.4,2.7,0.9,0.3,,,,10/20/25,,
C,17,C,1608,,,,,,,,,,,,
C,17,D,2217,,,,,,,,,,,,
C,18,C,2402,v,1,2.66,4.2,2.5,2.1,,,,10/20/25,,
C,18,D,1931,,,,,,,,,,,,
C,19,C,1861,,,,,,,,,,,,
C,19,D,2391,,,,,,,,,,,,
C,20,C,2360,V,1,2.97,4.3,1,1.6,,,,10/20/25,,
C,20,D,2254,V,1,2.86,1.5,N/A,N/A,,,,10/20/25,,
C,21,C,2303,V,1,3.25,1.1,N/A,N/A,,,,10/20/25,,
C,21,D,2550,V,1,2.8,5.2,6.8,4.8,,,,10/20/25,,
C,22,C,2499,V,1,2.55,2.3,1,0.5,,,,10/20/25,,
C,22,D,2606,X,,,,,,,,,10/20/25,,
C,23,C,2405,V,1,2.51,8.5,7.2,5.5,,,,10/20/25,,
C,23,D,737,P,1,2.9,,,,0,52,4.9,8/14/25,8/28/25. 9/4/25. 9/18/25,8/28 col. 2 frt. 9/4 col 7 frt. 9/18 col. 2 frt.
C,24,C,2070,V,1,2.54,8.3,7,8.4,,,,10/20/25,,
C,24,D,1911,,,,,,,,,,,,
C,25,C,1820,V,1,3.22,0.7,N/A,N/A,,,,10/20/25,,
C,25,D,1828,,,,,,,,,,,,
C,26,C,NA,,,,,,,,,,,,
C,26,D,NA,,,,,,,,,,,,
C,27,C,NA,,,,,,,,,,,,
C,27,D,NA,,,,,,,,,,,,
C,28,C,1932,V,1,2.07,4.8,5.8,5.3,,,,10/20/25,,
C,28,D,buffer,,,,,,,,,,,,
C,29,C,711,P,1,2.17,,,,0,20,4.1,8/7/25,9/4/25. 9/18/25,9/4/25 col. 8 frt. 9/18 col 2 frt.
C,29,D,2269,P,1,1.74,,,,0,2,4.7,8/7/25,8/14/25,8/14 col. 2 frt.
C,30,C,2620,,,,,,,,,,,,
C,30,D,2646,P,1,2.27,,,,0,5,5.5,8/28/25,10/6/2025,10/6 col. 4 fruits
C,31,C,2420,V,1,2.12,4.6,5.6,5.5,,,,10/20/25,,
C,31,D,2096,V,4,3.09,7.8,11.9,8.9,,,,10/20/25,,
C,32,C,2580,X,,,,,,,,,10/20/25,,
C,32,D,2430,V,1,1.97,5.3,5.9,6.3,,,,10/20/25,,
C,33,C,2339,V,1,2.79,8.1,8.4,6.4,,,,10/20/23,,
C,33,D,2410,V,1,1.24,2.2,1.2,1.1,,,,10/20/25,,
C,34,C,2471,V,1,2.02,8.7,7.5,7.8,,,,10/20/25,,aphids
C,34,D,2201,V,1,2.43,7,9.1,7,,,,10/20/25,,powdery mildew
C,35,C,2218,V,1,2.1,9.2,6.7,6.4,,,,10/20/25,,
C,35,D,2153,,,,,,,,,,,,
C,36,C,buffer,,,,,,,,,,,,
C,36,D,buffer,,,,,,,,,,,,
C,37,C,2260,V,1,3.59,17.7,7.5,5.3,,,,10/20/25,,
C,37,D,714,X,1,1.7,,,,0,0,NA,7/18/25,NA,
C,38,C,1982,V,1,3.49,5.3,4.9,3.3,,,,10/20/25,,
C,38,D,539,P,1,1.49,11.5,6,1.2,3,3,0.6,10/20/25,,
C,39,C,2220,V,1,2.85,11.5,6.7,6.1,,,,10/20/25,,
C,39,D,1821,V,1,3.42,7.7,8.2,5.3,,,,10/20/25,,
C,40,C,1992,V,1,2.68,6.3,7.1,6.3,,,,10/20/25,,
C,40,D,2204,V,1,2.27,6,5.2,4.1,,,,10/20/25,,
C,41,C,2607,V,1,1.42,5.2,5,3.2,,,,10/20/25,,10/20/25
C,41,D,2554,V,1,3.29,6.9,5.1,4,,,,10/20/25,,
C,42,C,2446,,,,,,,,,,,,
C,42,D,2043,V,1,2.34,4.8,4.8,5,,,,10/20/25,,
C,43,C,1156,P,1,2.38,,,,0,16,5.1,8/28/25,8/28/25. 9/4/25. 9/18/25,8/28 col. 4 frt. 9/4 col 3 frt. 9/18 col. 3 frt.
C,43,D,1048,P,1,2.15,,,,0,4,4.6,8/14/25,8/28/25. 9/24/25,"8/28 col. 1 frt, 1 alr. dehisced (did not col). 9/24 col. 1 frt. (partially dehisced)"
C,44,C,1252,P,1,1.96,,,,0,14,5.3,8/7/25,8/7/25. 8/14/25. 8/28/25,8/7 col. 2 frt. 8/14 col. 3 frt. 8/28 col. 6 frt.
C,44,D,1085,P,1,1.58,,,,0,3,3.6,8/7/25,8/14/25,
C,45,C,NA,,,,,,,,,,,,
C,45,D,394,P,1,1.68,,,,0,3,3.3,9/11/25,9/11/2025,9/11 col. 1 frt.
C,46,C,NA,,,,,,,,,,,,
C,46,D,1766,P,1,3.52,35.5,15.8,7.5,12,11,6.1,10/20/25,,
C,47,C,2255,,,,,,,,,,,,
C,47,D,1399,P,1,1.86,,,,0,5,6.2,8/1/25,8/7/25,8/7. col. all frt.
C,48,C,89,P,1,1.78,,,,0,16,3,8/7/25,8/14/25,8/14 col. 10 frt.
C,48,D,1919,V,1,2.92,5.8,6.3,5.7,,,,10/20/25,,
C,49,C,2643,P,1,2.63,,,,0,14,5.7,8/7/25,9/4/25. 9/11/25. 9/18/25,9/4 col. 7 frt. 9/11 col. 7 frt. 9/18 col. 2 frt.
C,49,D,2480,X,,,,,,,,,10/20/25,,
C,50,C,1794,V,1,3.17,24.2,5.9,6.2,,,,10/20/25,,
C,50,D,2097,V,1,2.34,5.3,6.5,4.5,,,,10/20/25,,powdery mildew
C,51,C,2397,,,,,,,,,,,,
C,51,D,1831,V,1,3.07,7.2,6.5,6.7,,,,10/20/25,,
C,52,C,2516,V,1,3.97,8.2,5.6,4.8,,,,10/20/25,,
C,52,D,1701,X,,,,,,,,,10/20/25,,
C,53,C,2311,V,1,3.03,5,5.1,3.3,,,,10/20/25,,powdery mildew
C,53,D,2640,V,1,1.89,13.3,4.7,4.5,,,,10/20/25,,
C,54,C,buffer,,,,,,,,,,,,
C,54,D,buffer,,,,,,,,,,,,
C,55,C,2423,,,,,,,,,,,,
C,55,D,2519,V,1,2.46,6.6,6.1,5.2,,,,10/20/25,,
C,56,C,2450,,,,,,,,,,,,
C,56,D,2559,V,1,1.83,7.8,5.5,5.4,,,,10/20/25,,
C,57,C,1798,,,,,,,,,,,,
C,57,D,1835,V,1,1.48,5.4,3.8,3.5,,,,10/20/25,,
C,58,C,2031,V,1,2.6,11.4,7.2,5.8,,,,10/20/25,,
C,58,D,2457,V,1,1.85,4.7,5.3,3.6,,,,10/20/05,,
C,59,C,buffer,,,,,,,,,,,,
C,59,D,buffer,,,,,,,,,,,,
C,60,C,buffer,,,,,,,,,,,,
C,60,D,buffer,,,,,,,,,,,,
D,1,A,buffer,,,,,,,,,,,,
D,1,B,buffer,,,,,,,,,,,,
D,2,A,buffer,,,,,,,,,,,,
D,2,B,buffer,,,,,,,,,,,,
D,3,A,buffer,,,,,,,,,,,,
D,3,B,buffer,,,,,,,,,,,,
D,4,A,1993,V,1,2.18,8.3,9.7,7.7,,,,10/20/25,,
D,4,B,1704,,,,,,,,,,,,
D,5,A,2483,V,1,4.72,5,3.8,2.7,,,,10/20/25,,
D,5,B,2239,,,,,,,,,,,,
D,6,A,NA,,,,,,,,,,,,
D,6,B,NA,,,,,,,,,,,,
D,7,A,NA,,,,,,,,,,,,
D,7,B,NA,,,,,,,,,,,,
D,8,A,2075,,,,,,,,,,,,
D,8,B,NA,,,,,,,,,,,,
D,9,A,2155,V,1,1.98,5.3,5,2.8,,,,10/20/25,,
D,9,B,2320,P,1,2.3,,,,0,2,3.9,8/28/25,9/11/25,9/11 col. 2 frt.
D,10,A,2278,V,1,2.46,11.3,4.2,4.5,,,,10/20/25,,
D,10,B,436,X,1,3.09,,,,4,2,2.4,7/18/25,NA,2 (out of 4) flwrs dry
D,11,A,2362,,,,,,,,,,,,
D,11,B,1822,V,1,2.64,2.8,N/A,N/A,,,,10/20/25,,
D,12,A,NA,,,,,,,,,,,,
D,12,B,304,P,1,3.11,,,,0,9,4.5,8/14/25,8/28/2025. 9/4/2025,8/28 col. 3 frt. 9/4 2nd repro col. 2
D,13,A,2470,,,,,,,,,,,,
D,13,B,2209,V,1,2.71,4.5,2.7,2.4,,,,10/20/25,,
D,14,A,2417,V,1,2.1,6,5.5,5.3,,,,10/20/25,,
D,14,B,2205,V,1,2.32,4.5,2.2,1.6,,,,10/20/25,,
D,15,A,1790,,,,,,,,,,,,
D,15,B,1107,P,1,2.84,,,,0,12,6.1,7/18/25,8/14/25. 8/28/25,8/14 col. 4 frt. 8/28 col. 6 frt. 10/6 2 frt still on plant. updated fruit count from 9 to 12.
D,16,A,1995,V,1,2.49,6.6,5.8,4.2,,,,10/20/25,,
D,16,B,1961,V,1,2.82,3.7,4.7,4.4,,,,10/20/25,,
D,17,A,2240,V,1,2.67,7,5.5,4,,,,10/20/25,,
D,17,B,403,,,,,,,,,,,,
D,18,A,2521,V,1,2.35,3.9,3.8,3.2,,,,10/20/25,,
D,18,B,2610,V,1,1.63,5.2,3.3,2.5,,,,10/20/25,,
D,19,A,2393,,,,,,,,,,,,
D,19,B,141,P,1,1.22,,,,0,3,3.8,7/18/25,8/7/25,8/7 col. 3 frt.
D,20,A,2532,X,,,,,,,,,10/20/25,,
D,20,B,buffer,,,,,,,,,,,,
D,21,A,2363,,,,,,,,,,,,
D,21,B,2609,,,,,,,,,,,,
D,22,A,2206,V,1,1.65,1.5,N/A,N/A,,,,10/20/25,,
D,22,B,2593,V,1,2.25,4.7,3.6,1.9,,,,10/20/25,,
D,23,A,1894,V,1,2,1.3,N/A,N/A,,,,10/20/15,,
D,23,B,2413,X,,,,,,,,,10/20/25,,
D,24,A,2597,V,1,1.94,5.4,3.8,1.8,,,,10/20/25,,
D,24,B,2440,V,1,1.67,7.6,5.6,4.1,,,,10/20/25,,
D,25,A,2504,,,,,,,,,,,,
D,25,B,2222,V,1,2.63,15.5,7.5,5.6,,,,10/20/95,,
D,26,A,2577,V,1,2.04,2.3,N/A,N/A,,,,10/20/25,,
D,26,B,1803,V,1,1.82,5.6,3.7,3.4,,,,10/20/25,,
D,27,A,1939,,,,,,,,,,,,
D,27,B,2444,,,,,,,,,,,,
D,28,A,1864,V,1,2.79,4.6,4.5,4.2,,,,10/20/25,,
D,28,B,2403,V,1,1.92,5.9,4.6,3.5,,,,10/20/25,,
D,29,A,2312,V,1,1.75,5.1,5.8,4.8,,,,10/20/25,,powdery mildew
D,29,B,1942,V,1,1.84,5,3,3,,,,10/20/25,,powdery mildew
D,30,A,103,P,1,1.29,,,,0,16,4.8,7/18/25,8/7/25,7/18 taped 1 frt. 8/17 col. 10 frt.
D,30,B,1760,P,1,2.52,29.3,10.8,4,5,6,5.7,10/20/25,10/20/25,10/20 col. 4 frt.
D,31,A,1967,V,1,2.73,4.4,5.2,4.5,,,,10/20/25,,
D,31,B,2569,V,1,2.34,7.3,6.3,5.3,,,,10/20/25,,
D,32,A,1968,V,1,2.76,8.4,6.5,8,,,,10/20/25,,
D,32,B,2633,V,1,1.76,10.3,5.1,5.5,,,,10/20/25,,
D,33,A,1280,P,1,1.54,,,,0,1,3.3,7/18/25,8/7/25,
D,33,B,246,P,1,3.76,,,,0,29,5.7,8/7/25,8/14/25. 8/28/25,8/14 col. 5 frts. 8/28 col. 6 frt.
D,34,A,2406,,,,,,,,,,,,
D,34,B,2224,V,1,2.43,8.6,8.5,5,,,,10/20/25,,
D,35,A,buffer,,,,,,,,,,,,
D,35,B,190,P,1,2.26,,,,0,30,5.7,8/14/25,8/14/15,8/14 col. 10 frt. some already dehising.
D,36,A,2130,,,,,,,,,,,,
D,36,B,2507,V,1,2.26,10,7.5,7.6,,,,10/20/25,,
D,37,A,1675,X,,,,,,,,,10/20/25,,
D,37,B,2364,X,,,,,,,,,10/20/25,,
D,38,A,1774,P,1,2.41,26.2,4.9,5.4,1,1,0.6,10/20/25,,
D,38,B,2418,V,1,2.32,5.9,7.8,6.3,,,,10/20/25,,powdery mildew
D,39,A,2515,V,1,3.18,13,9.6,5.3,0,0,NA,,,
D,39,B,1838,V,1,3.47,6.4,5,4.7,0,0,NA,,,
D,40,A,2261,V,1,3,14.2,9.3,8.4,0,0,NA,,,
D,40,B,2414,,,,,,,,,,,,
D,41,A,2455,V,1,1.69,7.7,3.5,2.6,0,0,NA,,,
D,41,B,1940,,1,2.15,8.9,5.5,4.9,0,0,NA,,,
D,42,A,2324,V,1,2.81,5.1,4.3,2.8,0,0,NA,,,
D,42,B,1985,V,1,2.98,4.3,5,4.1,0,0,NA,,,
D,43,A,895,X,1,1.19,,,,0,1,2.6,7/18/25,7/18/25,
D,43,B,1804,,1,3.28,7.8,7,4.9,0,0,NA,,,
D,44,A,2207,V,1,2.07,5.5,6.7,5,0,0,NA,,,
D,44,B,2596,V,1,1.8,4,2.7,2.2,0,0,NA,,,
D,45,A,2241,V,1,2.81,11.8,4.5,4.1,0,0,NA,,,
D,45,B,398,P,1,2.35,46.5,NA,NA,0,11,7,8/7/25,9/4/25. 9/11/25. 9/24/25,"9/4 col 4 frt, 9/11 col. 2 frt. 9/24 col. 4 frt. 10/20 no leaves."
D,46,A,2583,V,1,1.94,2.3,6.1,4.1,0,0,NA,,,10/20 powdery mildew
D,46,B,2238,X,1,1.21,,,,NA,NA,NA,7/25/25,NA,
D,47,A,buffer,,,,,,,,,,,,
D,47,B,1403,P,1,3.33,,,,0,19,6.7,8/7/25,8/14/25. 8/21/25,8/14. 8/21 col. 8 fruits
D,48,A,2490,,1,1.82,8.4,4.8,4.5,0,0,NA,10/28/25,,
D,48,B,1702,V,1,3.3,3.1,6.6,4.1,0,0,NA,10/28/25,,
D,49,A,2525,V,1,2.13,9.7,7.3,5.9,0,0,NA,10/28/25,,
D,49,B,1707,B,1,2.38,28.1,5.9,3.6,0,0,NA,10/22/25,,
D,50,A,buffer,,,,,,,,,,,,
D,50,B,2625,V,1,1.49,3.6,3,3,0,0,NA,10/28/25,,
D,51,A,buffer,,,,,,,,,,,,
D,51,B,1988,,,,,,,,,,,,
D,52,A,522,P,1,1.56,,,,0,2,5,9/29/25,9/29/25,9/29 col. 2 frt.
D,52,B,2463,V,1,2.53,6.6,4.4,2.4,0,0,NA,10/28/25,,
D,53,A,2395,,,,,,,,,,,,
D,53,B,2212,V,1,3.26,13.2,6.2,5.7,0,0,NA,10/28/25,,
D,54,A,1876,V,1,3.1,6.8,5.7,5.4,0,0,NA,10/28/25,,
D,54,B,1849,V,1,2.57,5.2,NA,NH,0,0,NA,10/28/25,,no leaves
D,55,A,2573,V,1,2.61,8.4,4.3,3.8,0,0,NA,10/28/25,,
D,55,B,2425,V,1,1.59,6.1,1.7,1.2,0,0,NA,10/28/25,,
D,56,A,2544,,,,,,,,,,,,
D,56,B,2492,V,1,1.69,3.4,NA,NA,0,0,NA,10/28/25,,leaves molded
D,57,A,buffer,,,,,,,,,,,,
D,57,B,1327,P,1,2.48,27.7,30.8,24.9,0,32,6.7,10/28/25,9/11/25. 9/24/25. 10/6/25,num frts. underestimate. 9/11 col. 1 frt. 9/24 col. 2 frt. 10/6 col. 7 frt.
D,58,A,buffer,,,,,,,,,,,,
D,58,B,2131,V,1,2.81,7.3,4,2.6,0,0,NA,10/28/25,,
D,1,C,buffer,,,,,,,,,,,,
D,1,D,buffer,,,,,,,,,,,,
D,2,C,buffer,,,,,,,,,,,,
D,2,D,buffer,,,,,,,,,,,,
D,3,C,buffer,,,,,,,,,,,,
D,3,D,buffer,,,,,,,,,,,,
D,4,C,1901,V,1,2.12,6.9,3.8,3.4,0,0,N/A,,,
D,4,D,2221,,,,,,,,,,,,
D,5,C,2292,V,1,2.75,5.3,9.4,6.2,0,0,N/A,,,
D,5,D,2121,V,1,1.86,4,5.6,4.4,0,0,N/A,,,
D,6,C,NA,,,,,,,,,,,,
D,6,D,NA,,,,,,,,,,,,
D,7,C,1751,V,1,2.7,11.3,5.6,5.4,0,0,N/A,,,
D,7,D,NA,,,,,,,,,,,,
D,8,C,2538,V,1,2.71,6.1,8.2,7.2,0,0,N/A,,,
D,8,D,1856,X,,,,,,,,,,,
D,9,C,2622,V,1,1.72,5.6,4.3,4.1,0,0,N/A,,,
D,9,D,1768,P,1,3.13,28.23,7.8,6.7,15,3,0.7,,,
D,10,C,2412,V,1,1.29,3,1.9,1.4,0,0,N/A,,,
D,10,D,buffer,,,,,,,,,,,,
D,11,C,1614,X,,,,,,,,,,,
D,11,D,buffer,,,,,,,,,,,,
D,12,C,2257,V,1,3.68,7.2,1.3,1,0,0,N/A,,,10/20 heavy herbivory
D,12,D,2578,X,,,,,,,,,,,
D,13,C,144,P,1,2.27,N/A,N/A,N/A,0,27,4.9,7/25/25,8/7/25,8/7 col. 10 frt. 10/20 dead
D,13,D,2576,V,1,3.23,6,6.8,6,0,0,N/A,,,
D,14,C,1976,X,,,,,,,,,,,
D,14,D,buffer,,,,,,,,,,,,
D,15,C,2376,V,1,2.38,4.1,6.2,5.8,0,0,N/A,,,
D,15,D,1667,X,,,,,,,,,,,
D,16,C,2343,V,1,2.48,4.8,4,3.4,0,0,N/A,,,
D,16,D,2539,V,1,1.55,3.3,2.9,2.6,0,0,N/A,,,
D,17,C,2644,X,,,,,,,,,,,
D,17,D,1791,X,,,,,,,,,,,
D,18,C,2510,V,1,2.32,5.2,3.7,2.8,0,0,N/A,,,
D,18,D,2054,V,1,1.84,4.3,3.1,2.5,0,0,N/A,,,
D,19,C,1767,V,1,2.3,9.3,N/A,N/A,0,0,N/A,,,
D,19,D,1644,V,1,2.36,2.1,N/A,N/A,0,0,N/A,,,
D,20,C,buffer,,,,,,,,,,,,
D,20,D,2399,V,1,1.99,2.4,5,2.9,0,0,N/A,,,
D,21,C,buffer,,,,,,,,,,,,
D,21,D,1977,V,1,2.66,3.1,N/A,N/A,0,0,N/A,,,
D,22,C,53,P,1,2.53,N/A,N/A,N/A,0,3,2.7,8/14/25,8/14/25,8/14 col. 5 frt. 8/28 no frt left. 10/20 dead
D,22,D,buffer,,,,,,,,,,,,
D,23,C,buffer,,,,,,,,,,,,
D,23,D,815,P,1,1.35,N/A,N/A,N/A,0,6,3,7/25/25,8/14/25,8/14 col. 6 frt. 8/28 no frt left. 10/20 dead
D,24,C,2265,X,,,,,,,,,,,
D,24,D,2461,V,1,1.73,4,3.7,3.7,0,0,N/A,,,
D,25,C,2047,V,1,2.67,4.7,5.6,4,0,0,N/A,,,
D,25,D,2623,X,,,,,,,,,,,
D,26,C,1753,X,,,,,,,,,,,
D,26,D,1600,V,1,3.82,10.5,7.4,7.1,0,0,N/A,,,
D,27,C,1837,V,1,2.85,5.9,6,3.7,0,0,N/A,,,
D,27,D,2283,P,1,2.84,21.9,5.6,2.5,9,5,4.1,10/20/25,10/20/25,10/20 col. 1 frt. 2 dehisced
D,28,C,2501,X,,,,,,,,,,,
D,28,D,2129,V,1,1.17,4.7,3.3,2.4,0,0,N/A,10/20/25,,
D,29,C,1971,V,1,2.48,4,2.4,2,0,0,N/A,10/20/25,,10/20 stem broke at base while measuring
D,29,D,2617,V,1,2.35,8.3,4.4,3.8,0,0,N/A,10/20/25,,
D,30,C,1834,X,,,,,,,,,,,
D,30,D,2451,V,1,2.28,7,5.8,5.8,0,0,N/A,10/20/25,,
D,31,C,2540,V,1,2.54,7.9,6,5.1,0,0,N/A,,,
D,31,D,2647,X,,,,,,,,,,,
D,32,C,2431,X,,,,,,,,,,,
D,32,D,2526,V,1,2.36,4,4.1,2.5,0,0,N/A,10/20/25,,
D,33,C,2422,V,1,2.66,6.6,6.8,6.2,0,0,N/A,10/20/25,,10/20 powdery mildew
D,33,D,2601,X,,,,,,,,,,,
D,34,C,1648,V,1,2.14,7,4.7,3.5,0,0,N/A,10/20/25,,
D,34,D,2345,V,1,2.98,9.3,8,7.2,0,0,N/A,10/20/25,,
D,35,C,204,X,,,,,,,,,,,
D,35,D,2479,X,,,,,,,,,,,
D,36,C,NA,X,,,,,,,,,,,
D,36,D,2468,P,1,3.55,34.7,8.7,7.7,6,9,5.7,10/20/25,,9/4 1 frt. fell off
D,37,C,2050,V,1,3.79,3,6.1,5.4,0,0,NA,10/20/25,,
D,37,D,1882,X,,,,,,,,,,,
D,38,C,1997,X,,,,,,,,,,,
D,38,D,2055,V,1,3.11,5,6.4,6.1,0,0,N/A,10/20/25,,
D,39,C,1862,V,1,1.7,3.7,4.5,4.4,0,0,N/A,10/20/25,,
D,39,D,1430,P,1,3.53,N/A,N/A,N/A,0,11,7.1,8/7/25,8/14/25. 8/28/25,8/14 col. 1 frt. 8/28 col. 9 frt. 10/20 dead
D,40,C,2340,P,1,2.21,29,1.3,0.8,0,5,6.1,8/28/25,9/29/25,9/29 col. 3 frt.
D,40,D,1404,P,1,2.25,N/A,N/A,N/A,0,17,9.6,8/21/25,8/21/25,8/21 col. 10 frt. 10/20 dead
D,41,C,1913,V,1,2.35,7.8,6.5,4.6,0,0,N/A,,,
D,41,D,2484,V,1,2.17,8.3,7.3,5.3,Q,0,N/A,,,
D,42,C,491,X,1,NA,N/A,N/A,N/A,0,0,NA,8/7/25,,
D,42,D,76,P,1,1.61,N/A,,,0,11,3.7,8/28/25,8/28/25. 9/4/25,8/28 col 2 frt. 9/4 col. 2 frt. remaining fruit dehising
D,43,C,363,P,1,1.63,,,,0,4,3.3,8/1/25,8/7/25. 8/28/25,8/7 col. 3 frt. 8/28 col. 1 frt.
D,43,D,2046,,,,,,,,,,,,
D,44,C,385,P,1,1.85,,,,0,1,6.7,8/1/25,8/14/25,8/14 col 1 frt.
D,44,D,2531,V,11,2.02,6.2,5.4,3.6,0,9,NA 2.7,8/14/25,,10/20 printed measurements not for this plant
D,45,C,2624,X,,,,,,,,,,,
D,45,D,2543,V,1,2.29,3.5,3.4,2.7,0,0,NA,,,
D,46,C,2277,V,1,2.16,21.5,4.8,4.4,0,0,NA,,,
D,46,D,1972,X,,,,,,,,,,,
D,47,C,1682,X,,,,,,,,,,,
D,47,D,2065,V,1,1.87,7.3,4.9,2.4,0,0,NA,,,
D,48,C,1615,X,NA,NA,NA,NA,NA,NA,NA,NA,10/28/25,,10/28 dead
D,48,D,2369,V,1,2.59,4.1,2.2,1.3,0,0,NA,10/28/25,,
D,49,C,2192,,,,,,,,,,,,
D,49,D,2387,V,1,1.84,8.4,4.1,3.3,0,0,NA,10/28/25,,
D,50,C,2103,V,1,2.23,4.4,6,3.8,0,0,N+,10/28/25,,
D,50,D,2542,V,1,2.21,9,2.9,3.4,0,0,NH,10/28/25,,
D,51,C,2445,V,1,1.91,3.4,5.2,4.2,0,0,NA,10/28/25,,
D,51,D,1839,V,1,1.99,2.8,5.8,3.6,0,0,NA,10/28/25,,
D,52,C,2242,V,1,2.29,10.4,5.4,3.8,0,0,NA,10/28/25,,
D,52,D,1806,V,1,2.43,6.3,4.6,4.2,0,0,NA,10/28/25,,mold
D,53,C,2429,V,1,1.85,5.3,3.2,3.9,0,0,NA,10/28/25,,powdery mildew
D,53,D,2346,V,1,2.74,9.4,6,5.2,0,0,NA,10/28/25,,powdery mildew
D,54,C,2567,V,1,2.2,6.7,3.8,3.2,0,0,0,10/28/25,,powdery mildew
D,54,D,936,P,1,1.52,,,,0,5,,8/21/25,8/21/25,8/21 col. 5 frt.
D,55,C,2235,V,1,2.27,7.2,3.7,3.4,0,0,NA,10/28/25,,
D,55,D,1796,P,1,2.19,,,,0,7,5.1,9/4/25,9/4/25,9/4 col. 7 frt.
D,56,C,2166,V,1,3.13,7.5,5.8,3.8,0,0,NA,10/28/25,,
D,56,D,2485,V,1,2.34,8.3,6.2,4.6,0,0,NA,10/28/25,,
D,57,C,1970,V,1,1.89,4.8,5.3,3.2,0,0,NA,10/28/25,,powdery mildew
D,57,D,buffer,,,,,,,,,,,,
D,58,C,buffer,,,,,,,,,,,,
D,58,D,buffer,,,,,,,,,,,,
D,59,C,buffer,,,,,,,,,,,,
D,59,D,buffer,,,,,,,,,,,,
E,1,B,buffer,,,,,,,,,,,,
E,2,A,buffer,,,,,,,,,,,,
E,2,B,buffer,,,,,,,,,,,,
E,3,A,buffer,,,,,,,,,,,,
E,3,B,buffer,,,,,,,,,,,,
E,4,A,2225,V,1,2.83,7.9,9,6.2,0,0,NA,10/28/25,,
E,4,B,1998,V,1,2.2,9.3,10.2,10.6,0,0,NA,10/28/25,,
E,5,A,2475,,,,,,,,,,,,
E,5,B,2641,V,1,2.49,18.8,4.4,4.4,0,0,NA,10/28/25,,
E,6,A,NA,,,,,,,,,,,,
E,6,B,2061,V,1,2.18,5.4,6.6,5.4,0,0,NA,10/28/25,,
E,7,A,2266,V,1,2.36,14.5,6.8,7.7,0,0,NA,10/28/25,,
E,7,B,2534,V,1,2.51,10.1,6.8,6.3,0,0,NA,10/28/25,,
E,8,A,2282,V,1,2.16,8.5,8.7,7.8,0,0,NA,,,
E,8,B,2028,V,1,2.42,9.3,9.2,9.4,0,0,NA,,,
E,9,A,buffer,,,,,,,,,,,,
E,9,B,2132,V,1,2.55,14.3,9.9,6.4,0,0,NA,,,
E,10,A,399,X,1,1.83,,,,0,0,NA,7/18/25,NA,
E,10,B,2374,V,1,2.54,5.1,6.6,6.2,0,0,NA,,,
E,11,A,2088,V,1,2.99,6.7,8.2,5.8,0,0,NA,,,
E,11,B,2518,,,,,,,,,,,,
E,12,A,2079,,,,,,,,,,,,
E,12,B,NA,,,,,,,,,,,,
E,13,A,2486,,,,,,,,,,,,
E,13,B,NA,,,,,,,,,,,,
E,14,A,2211,V,1,2.55,10.2,8.3,7.8,0,0,NA,,,
E,14,B,2025,V,1,2.17,4.7,3.8,4.2,0,0,NA,,,
E,15,A,2018,,,,,,,,,,,,
E,15,B,1896,V,1,2.14,3.9,3.5,2.5,0,0,NA,10/28/25,,
E,16,A,1857,V,1,1.86,6.7,4.2,3.6,0,0,MA,,,
E,16,B,2244,,,,,,,,,,,,
E,17,A,1807,,,,,,,,,,,,
E,17,B,1840,,,,,,,,,,,,
E,18,A,2000,V,1,2.75,9.1,7.6,5.8,0,0,NA,,,
E,18,B,372,P,1,3.21,,,,0,14,5.1,7/18/25,8/7/25. 8/14/25,8/7 col. 5 frt. 8/17 col. 5 frt.
E,19,A,1605,,,,,,,,,,,,
E,19,B,1975,V,1,2.46,11.6,8.6,7.7,0,0,NA,,,
E,20,A,1684,X,,,,,,,,,,,10/28 dead
E,20,B,2367,V,1,1.97,7.3,6.7,7.3,O,0,NA,,,
E,21,A,2104,V,1,2.48,5.8,4.6,3.6,0,0,NA,,,
E,21,B,2437,V,1,2.11,13.1,7.9,3.4,0,0,NA,,,
E,22,A,2014,V,1,1.89,5.1,5.2,4,0,0,NA,,,
E,22,B,buffer,,,,,,,,,,,,
E,23,A,buffer,,,,,,,,,,,,
E,23,B,2524,,,,,,,,,,,,
E,24,A,2584,,,,,,,,,,,,
E,24,B,2400,,,,,,,,,,,,
E,25,A,2332,V,1,2.49,8.9,6,4.8,0,0,NA,,,
E,25,B,1808,V,1,2.51,4.8,8.3,3.7,0,0,NA,,,
E,26,A,1713,,,,,,,,,,,,
E,26,B,NA,,,,,,,,,,,,
E,27,A,95,P,1,1.86,,,,0,1,1,7/18/25,NA,8/8 dead
E,27,B,1841,V,1,1.75,4,5.3,4.4,0,0,NA,,,
bed,row,col,Unique.ID,phen,total. branch,diam.mm,height. cm,overhd. diam,overhd. perp,num. flw,num. fruit,long.fruit .cm,survey.date,collected.date,survey.notes
E,28,A,1999,,,,,,,,,,,,
E,28,B,2453,V,1,2.68,11.3,8.1,6.5,0,0,NA,10/28/25,,
E,29,A,2106,V,1,2.43,4.2,5,5.5,0,0,NA,,,
E,29,B,2375,V,1,2.21,4.3,7,5.2,0,0,NA,,,
E,30,A,NA,,,,,,,,,,,,
E,30,B,NA,,,,,,,,,,,,
E,41,A,1601,V,1,2.35,11.3,6.6,6.1,0,0,NA,,,
E,41,B,2194,,,,,,,,,,,,
E,42,A,2627,,,,,,,,,,,,
E,42,B,2434,V,1,1.85,5.1,4.5,3.8,0,0,NA,,,
E,43,A,369,,,,,,,,,,,,
E,43,B,1686,X,,,,,,to,,,,,10/28 dead
E,44,A,NA,,,,,,,,,,,,
E,44,B,2273,P,1,1.8,,,,0,3,5,8/28/25,9/18/25,9/18 col. 3 frt.
E,45,A,2208,V,1,3.1,7.1,6.8,5.2,0,0,NA,,,
E,45,B,1902,,,,,,,,,,,,
E,46,A,2304,,,,,,,,,,,,
E,46,B,2613,V,1,1.91,7.6,6.3,5.3,0,0,NA,,,
E,47,A,NA,,,,,,,,,,,,
E,47,B,2586,V,1,2.26,11.4,5,3.2,0,0,NA,,,
E,48,A,2164,V,1,2.31,13.4,6.9,3.7,0,0,NA,,,
E,48,B,1974,V,1,2.26,11.5,9.1,6.3,0,0,NA,,,powdery mildew
E,49,A,buffer,,,,,,,,,,,,
E,49,B,2503,V,1,2.69,13.4,6.4,7,0,0,NA,,,
E,50,A,2458,,,,,,,,,,,,
E,50,B,1193,P,1,1.01,,,,0,1,2.9,8/7/25,8/14/25,8/14 col. 1 frt.
E,51,A,334,P,1,1.83,,,,0,6,4.1,8/7/25,8/14/25. 8/28/25,taped fruit. 8/14 col. 3 frt. 8/28 col. 3 frt.
E,51,B,1800,V,1,2.33,23,2.8,3,0,0,NA,,,
E,52,A,buffer,,,,,,,,,,,,
E,52,B,buffer,,,,,,,,,,,,
E,1,C,buffer,,,,,,,,,,,,
E,1,D,buffer,,,,,,,,,,,,
E,2,C,buffer,,,,,,,,,,,,
E,2,D,buffer,,,,,,,,,,,,
E,3,C,buffer,,,,,,,,,,,,
E,3,D,buffer,,,,,,,,,,,,
E,4,C,1789,,,,,,,,,,,,
E,4,D,2415,,,,,,,,,,,,
E,5,C,NA,,,,,,,,,,,,
E,5,D,2432,V,1,1.71,3.2,4.6,5.3,,,,10/28/25,,
E,6,C,1656,,,,,,,,,,,,
E,6,D,NA,,,,,,,,,,,,
E,7,C,2582,,,,,,,,,,,,
E,7,D,1406,P,1,3.06,,,,0,27,7.4,8/14/25,9/4/25,9/4 col. 10 frt.
E,8,C,2541,V,1,2.37,9.6,5.5,6,,,,10/28/25,,
E,8,D,2366,V,1,3.35,11.6,11.2,9.3,,,,10/28/25,,
E,9,C,2636,,,,,,,,,,,,
E,9,D,2347,V,1,3.27,7,5.1,6.9,,,,10/28/25,,
E,10,C,1711,,,,,,,,,,,,
E,10,D,2630,,,,,,,,,,,,
E,11,C,2268,V,1,2.66,12.4,8,11.2,,,,10/28/25,,
E,11,D,2552,V,1,2.47,7.2,9.4,6,,,,10/28/25,,
E,12,C,NA,,,,,,,,,,,,
E,12,D,2007,V,1,2.51,7.5,9.1,6.8,,,,10/28/25,,
E,13,C,NA,,,,,,,,,,,,
E,13,D,1490,P,1,3.7,,,,0,59,5.6,8/28/25,8/28/25,8/28 col. 10 frt.
E,14,C,2193,V,1,2.82,6.5,10.5,6.1,,,,10/28/25,,
E,14,D,2394,,,,,,,,,,,,
E,15,C,2498,,,,,,,,,,,,
E,15,D,NA,,,,,,,,,,,,
E,16,C,2272,V,1,3.12,16.6,9.1,8.8,,,,10/28/25,,
E,16,D,NA,,,,,,,,,,,,
E,17,C,1657,,,,,,,,,,,,
E,17,D,2174,V,1,3.22,13.5,5.5,7,,,,10/28/25,,
E,18,C,2057,V,1,2.83,11.5,7.4,8.2,,,,10/28/25,,
E,18,D,2122,V,1,2.03,8.2,5.6,4.3,,,,10/28/25,,
E,19,C,2040,V,1,2.29,5.4,7.8,7.4,,,,10/28/25,,
E,19,D,buffer,,,,,,,,,,,,
E,20,C,2190,,,,,,,,,,,,
E,20,D,2626,,,,,,,,,,,,
E,21,C,1781,V,1,2.94,15,7.5,8,,,,10/28/25,,
E,21,D,2416,V,1,2.49,2.8,6.1,5,,,,10/28/25,,
E,22,C,2036,V,1,3.28,7.2,6.5,4.6,,,,10/28/25,,
E,22,D,2428,V,1,2.32,3.5,3.4,4,,,,10/28/25,,
E,23,C,2409,V,1,1.94,3.8,3.6,3.5,,,,10/28/25,,
E,23,D,2325,V,1,2.49,4.3,5.8,5,,,,10/28/25,,
E,24,C,2585,V,1,1.71,5.6,5.4,6.8,,,,10/28/25,,
E,24,D,2502,V,1,2.74,3.8,6,5.1,,,,10/28/25,,
E,25,C,2080,V,1,3.81,11.5,7.6,8.2,,,,10/28/25,,
E,25,D,2067,V,1,3.45,10.5,6.1,6.8,,,,10/28/25,,
E,26,C,1623,,,,,,,,,,,,
E,26,D,2091,V,1,2.68,8.8,6.2,7,,,,10/28/25,,
E,27,C,1658,,,,,,,,,,,,
E,27,D,79,P,1,4.4,,,,0,26,8.4,8/7/25,8/7/25. 8/14/25,8/7 col. 3 frt. 8/14 col. 8 frt.
E,28,C,2637,P,1,1.63,,,,0,5,6.5,8/28/25,9/18/25. 9/24/25,9/18 col. 4 frt. 9/24 col. 1 frt.
E,28,D,1870,V,1,3.44,9.8,10.1,9.5,,,,10/28/25,,
E,29,C,2348,V,1,2.49,8.2,4.5,6.3,,,,,,
E,29,D,buffer,,,,,,,,,,,,
E,30,C,NA,,,,,,,,,,,,
E,30,D,buffer,,,,,,,,,,,,
E,41,C,2477,V,1,3.02,7.3,3,3.1,,,,10/28/25,,
E,41,D,2259,P,1,1.44,,,,0,5,6.4,9/11/25,9/18/25. 9/29/25,9/18 col. 2 frt. 9/29 col. 3 frt.
E,42,C,2473,V,1,2.23,6.5,4.8,6.2,,,,10/28/25,,not dead
E,42,D,2245,V,1,3.54,10,5.9,6,,,,10/28/25,,
E,43,C,2648,,,,,,,,,,,,
E,43,D,2134,V,1,3,11.1,6.8,6,,,,10/28/25,,
E,44,C,2426,V,1,2.65,8,4.8,6,,,,10/28/25,,
E,44,D,1763,V,1,3.31,20.1,6.1,4,,,,10/28/25,,
E,45,C,buffer,,,,,,,,,,,,
E,45,D,buffer,,,,,,,,,,,,
E,46,C,2297,V,1,3.56,9.6,5.3,7.8,,,,10/28/25,,
E,46,D,2628,V,1,1.4,4.5,2.9,3,,,,10/28/25,,
E,47,C,2594,V,1,2.77,11.4,6.1,5.4,,,,10/28/25,,
E,47,D,2011,V,1,2.97,5.8,5.5,6,,,,10/28/25,,powdery mildew
E,48,C,2081,V,1,2.46,11.5,5.5,4.8,,,,10/28/25,,
E,48,D,2568,,,,,,,,,,,,
E,49,C,380,P,1,1.75,,,,0,6,7.6,8/7/25,8/14/25. 8/28/25,8/14 col. 3 frt. 8/28 col. 3 frt.
E,49,D,2600,V,1,2.17,10.6,4.3,5.1,,,,10/28/25,,
E,50,C,1809,V,1,2.34,6.8,6,3.8,,,,10/28/25,,molded leaves
E,50,D,2308,V,1,2.56,11.5,3,3,,,,10/28/25,,
E,51,C,1715,P,1,2.14,,,,0,2,5.1,8/28/25,9/4/25,9/4 col. 1 frt.
E,51,D,2385,,,,,,,,,,,,
E,52,C,buffer,,,,,,,,,,,,
E,52,D,buffer,,,,,,,,,,,,
F,1,A,buffer,,,,,,,,,,,,
F,1,B,buffer,,,,,,,,,,,,
F,2,A,buffer,,,,,,,,,,,,
F,2,B,buffer,,,,,,,,,,,,
F,3,A,buffer,,,,,,,,,,,,
F,3,B,buffer,,,,,,,,,,,,
F,4,A.,1842,V,1,3.32,5.3,5,5.4,,,,10/28/25,,
F,4,B,2528,V,1,2.96,9.2,6.5,3.8,,,,10/28/25,,
F,5,A,1783,,,,,,,,,,,,
F,5,B,NA,,,,,,,,,,,,
F,6,A,2333,V,1,3.99,27,8,7.8,,,,10/28/25,,
F,6,B,2377,,,,,,,,,,,,
F,7,A,1859,V,1,1.56,4.4,3.3,3.1,,,,10/28/25,,
F,7,S,buffer,,,,,,,,,,,,
F,8,A,2048,V,1,2.11,6.1,4.8,2.5,,,,10/28/25,,
F,8,B,2015,V,1,2.26,7.3,6,5.3,,,,10/28/25,,
F,9,A,2449,,,,,,,,,,,,
F,9,B,1892,,,,,,,,,,,,
F,10,A,2616,,,,,,,,,,,,
F,10,B,1659,V,1,2.08,4.6,6.5,3.8,,,,10/28/25,,
F,11,A,2288,P,1,2.09,,,,0,8,6,8/14/25,8/28. 9/4. 9/18. 9/24,8/28 col. 1 frt. 9/4 col. 2 frt. 9/18 col. 1 frt. 9/24 col. 4 frt.
F,11,B,2533,V,1,2.65,6.8,5.7,4,,,,10/28/25,,
F,12,A,2494,,,,,,,,,,,,
F,12,B,2136,V,1,2.32,6.7,7.4,4.6,,,,10/28/25,,
F,13,A,2109,V,1,2.49,4.3,6,5.8,,,,10/28/25,,
F,13,B,buffer,,,,,,,,,,,,
F,14,A,1662,,,,,,,,,,,,
F,14,B,2433,V,1,2.89,6.4,2.8,4,,,,10/28/25,,
F,15,A,2631,B,1,3.12,13,5.3,3.3,0,0,NA,10/28/25,,
F,15,B,2611,V,1,2.39,11.5,6.4,7.4,,,,10/28/25,,
F,16,A,1463,P,1,1.32,,,,0,7,4.7,7/18/25,8/28/25,8/28 col. all 4 frt.
F,16,B,2196,V,1,2.74,8.8,5.1,4.5,,,,10/28/25,,
F,17,A,2289,V,1,3.15,13.3,5.1,4.2,,,,10/28/25,,
F,17,B,1912,V,1,2.8,9,7,5.6,,,,10/28/25,,
F,18,A,2035,V,1,2.84,7.3,5.3,8.5,,,,10/28/25,,moldy leaves
F,18,B,2459,V,1,2.03,4.6,8,9.2,,,,10/28/25,,
F,19,A,1989,V,1,2.19,6.5,8,7.1,,,,10/28/25,,
F,19,B,2341,P,1,2.5,,,,0,3,6.7,8/28/25,9/24/25,9/24 col. 3 frt. 1 partially dehisced
F,20,A,buffer,,,,,,,,,,,,
F.,20,B,2603,,,,,,,,,,,,
F,21,A,2110,V,1,2.67,6.8,8.1,4,,,,10/28/25,,
F,21,B,2350,,,,,,,,,,,,
F,22,A,buffer,,,,,,,,,,,,
F,22,B,2010,V,1,2.93,8.6,10.5,9.6,,,,10/28/25,,
F,23,A,1602,V,1,3.6,11.5,11.8,9.3,,,,10/28/25,,
F,23,B,2462,,,,,,,,,,,,
F,24,A,2247,V,1,2.73,9.2,5.3,5.8,,,,10/28/25,,
F,24,B,2027,,1,2.68,5,7.3,6,,,,10/28/25,,
F,25,A,buffer,,,,,,,,,,,,
F,25,B,2530,V,1,3.12,6,4,5.8,,,,10/28/25,,
F,26,A,1811,X,,,,,,,,,10/28/25,,
F,26,B,1692,V,1,3.84,4.6,7.1,3,,,,10/28/25,,
F,27,A,2514,V,1,2.84,6.6,6.5,4.4,,,,10/28/25,,
F,27,B,2581,V,1,2.22,6.3,4.5,5,,,,10/28/25,,
F,28,A,1724,V,1,3.23,21.1,4.5,4.3,,,,10/28/25,,
F,28,B,2571,,,,,,,,,,,,
F,29,A,NA,,,,,,,,,,,,
F,29,B,NA,,,,,,,,,,,,
F,39,A,861,P,1,2.02,,,,0,5,4.97,8/7/25,8/7/25. 9/4/25,8/7 col. 2 frt. 9/4 col. 3 frt.
F,39,B,buffer,,,,,,,,,,,,
F,40,A,buffer,,,,,,,,,,,,
F,40,B,NA,,,,,,,,,,,,
F,41,A,1880,V,1,2.81,6.3,6,3.8,,,,10/28/25,,
F,41,B,buffer,,,,,,,,,,,,
F,42,A,1773,,,,,,,,,,,,
F,42,B,1924,,,,,,,,,,,,
F,43,A,1959,V,1,2.21,3,1.6,2.5,,,,10/28/25,,
F,43,B,2285,V,1,2.61,20.6,6.5,4.3,,,,10/28/25,,
F,44,A,2214,V,1,2.89,5.8,9.5,6.6,,,,10/28/25,,
F,44,B,2570,P,1,2.15,33.8,9.5,3.3,0,2,7.2,10/28/25,10/28/25,10/28 col. 1 frt.
F,45,A,1871,V,1,2.12,7.6,6.6,5.5,,,,10/28/25,,
F,45,B,2290,V,1,1.84,9.3,5.2,5.4,,,,10/28/25,,
F,46,A,buffer,,,,,,,,,,,,
F,46,B,buffer,,,,,,,,,,,,
F,47,A,buffer,,,,,,,,,,,,
F,47,B,buffer,,,,,,,,,,,,
F,1,C,buffer,,,,,,,,,,,,
F,1,D,buffer,,,,,,,,,,,,
F,2,C,buffer,,,,,,,,,,,,
F,2,D,buffer,,,,,,,,,,,,
F,3,C,buffer,,,,,,,,,,,,
F,3,D,buffer,,,,,,,,,,,,
F,4,C,2349,V,1,2.18,7.1,8,7.5,0,0,NA,10/28/25,,
F,4,D,2482,V,1,1.74,5.4,2.6,2.4,0,0,NA,10/28/25,,
F,5,C,1688,,,,,,,,,,,,
F,5,D,2497,V,1,2.02,8,4.8,4.3,0,0,NA,10/28/25,,
F,6,C,NA,,,,,,,,,,,,
F,6,D,565,P,1,1.25,25.7,2.7,2.1,0,2,2.3,10/28/25,10/28/25,10/28 col. 2 frt.
F,7,C,2002,V,1,1.86,6.5,4.6,3.4,0,0,NA,10/28/25,,
F,7,D,2117,,,,,,,,,,,,
F,8,C,buffer,,,,,,,,,,,,
F,8,D,2267,P,1,2.49,,,,0,1,7.5,8/28/25,9/4/25,9/4 col. 1 frt.
F,9,C,2087,V,1,2.84,8.4,9.1,6,0,0,NA,10/28/25,,aphids
F,9,D,2195,V,1,2.87,11.8,9,7.6,0,0,NA,10/28/25,,aphids
F,10,C,2189,X,,,,,,,,,,,10/28 dead
F,10,D,2474,V,1,2.3,7.8,4.8,5.4,0,0,NA,10/28/25,,powdery mildew
F,11,C,2281,V,1,3.29,16.6,8.3,7.3,0,0,NA,10/28/25,,
F,11,D,2511,V,1,2.72,8.3,10.1,8.8,0,0,NA,10/28/25,10/28/25,
F,12,C,2246,V,1,2.89,10.6,8.5,7.4,0,0,NA,10/28/25,,
F,12,D,buffer,,,,,,,,,,,,
F,13,C,buffer,,,,,,,,,,,,
F,13,D,2481,,,,,,,,,,,,
F,14,C,2404,V,1,2.26,6.3,7.4,4.9,0,0,NA,10/28/25,,
F,14,D,2447,,,,,,,,,,,,
F,15,C,2334,P,1,2.44,22.3,5.3,4.4,1,2,3,10/28/25,10/28/25,10/28 col. 1 frt.
F,15,D,2371,V,1,1.76,4.6,5.2,4.4,0,0,NA,10/28/25,,
F,16,C,2294,V,1,2.01,7.6,5.1,4.3,0,0,NA,10/28/25,,aphids
F,16,D,2126,V,1,3.61,28,8.8,8.8,0,0,NA,10/28/25,,
F,17,C,1771,,,,,,,,,,,,
F,17,D,buffer,,,,,,,,,,,,
F,18,C,2298,V,1,2.83,7.7,9,4.4,0,0,NA,10/28/25,,
F,18,D,64,P,1,2.92,,,,0,23,5.5,7/25/25,7/25/25. 8/14/25. 8/21/25,"dehiscing, 7/25 col. 3 frt. 8/28 col. 3 frt."
F,19,C,2167,V,1,2.42,10.4,9.6,7.1,0,0,NA,10/28/25,,
F,19,D,2506,V,1,2.3,7.5,6.5,7.3,0,0,NA,10/28/25,,
F,20,C,2262,B,1,2.43,14.1,6,5.5,0,0,NA,10/28/25,,
F,20,D,381,P,1,2.37,,,,0,13,4.6,8/7/25,8/21/25. 8/28/25,dehiscing. collected 8/21. 8/28 3 fruit
F,21,C,1869,,,,,,,,,,,,
F,21,D,NA,,,,,,,,,,,,
F,22,C,buffer,,,,,,,,,,,,
F,22,D,2443,V,1,2.34,5.4,5.5,3.7,0,0,NA,10/28/25,,
F,23,C,2082,,,,,,,,,,,,
F,23,D,1843,V,1,2.06,5.1,7.4,6.6,0,0,NA,10/28/25,,powdery mildew
F,24,C,2271,,,,,,,,,,,,
F,24,D,2629,,,,,,,,,,,,
F,25,C,2545,V,1,2,4.1,5.5,5.4,0,0,NA,10/28/25,,
F,25,D,2448,,,,,,,,,,,,
F,26,C,2139,V,1,2.79,9.7,6.8,6,0,0,NA,10/28/25,,
F,26,D,2587,V,1,1.83,7.1,5.5,4.2,0,0,NA,10/28/25,,
F,27,C,2016,V,1,1.78,6.5,4.9,3.3,0,0,NA,10/28/25,,
F,27,D,1914,V,1,1.92,4.2,2.9,4.2,0,0,NA,10/28/25,,
F,28,C,2438,V,1,1.68,7.1,4.1,3.9,0,0,NA,10/28/25,,
F,28,D,2003,,,,,,,,,,,,
F,29,C,NA,,,,,,,,,,,,
F,29,D,NA,,,,,,,,,,,,
F,40,C,1983,V,1,1.79,6.5,4.8,3,0,0,NA,10/28/25,,
F,40,D,2529,V,1,2.49,7.3,7.1,5.9,0,0,NA,10/28/25,,
F,41,C,1693,V,1,3.89,3.7,7,4.8,0,0,NA,10/28/25,,
F,41,D,314,P,1,2.84,,,,0,13,5.5,8/14/25,8/28/25. 9/4/25,8/28 col. 3 frt. 9/4 col. 7 frt.
F,42,C,2013,,,,,,,,,,,,
F,42,D,2315,V,1,2.49,6.8,7.3,3.6,0,0,NA,10/28/25,,
F,43,C,2401,V,1,1.79,2.7,5.2,4.5,0,0,NA,10/28/25,,
F,43,D,1725,V,1,2.62,21.3,4.5,4.1,0,0,NA,10/28/25,,
F,44,C,buffer,,,,,,,,,,,,
F,44,D,2140,P,1,1.97,38.5,8.9,7.1,0,8,2.6,10/28/25,9/29. 10/28,9/29 col. 1 frt. 10/28 col. 3 frt.
F,45,C,2407,V,1,2.13,6.7,5.9,4.9,0,0,NA,10/28/25,,
F,45,D,2546,V,1,1.93,7.9,4.6,2.8,0,0,NA,10/28/25,,
F,46,C,buffer,,,,,,,,,,,,
F,46,D,buffer,,,,,,,,,,,,
F,47,C,buffer,,,,,,,,,,,,
F,47,D,buffer,,,,,,,,,,,,
G,1,A,buffer,,,,,,,,,,,,
G,1,B,buffer,,,,,,,,,,,,
G,2,A,buffer,,,,,,,,,,,,
G,2,B,buffer,,,,,,,,,,,,
G,3,A,buffer,,,,,,,,,,,,
G,3,B,buffer,,,,,,,,,,,,
G,4,A,2460,V,1,2.65,5.3,5,5.6,0,0,NA,10/28/25,,
G,4,B,2053,V,2,2.94,11,12.3,9.1,0,0,NA,10/28/25,,
G,5,A,1812,X,,,,,,,,,,,10/28 dead
G,5,B,2491,V,1,3.31,6.1,7.5,7.4,0,0,NA,10/28/25,,
G,6,A,2092,V,1,2.23,4.9,7,6.2,0,0,NA,10/28/25,,
G,6,B,1604,V,1,2.43,6.6,4.5,3.7,0,0,NA,10/28/25,,
G,7,A,2335,P,1,2.76,46.6,11.3,7.5,6,9,6.3,10/28/25,,10/28 col. 6 frt.
G,7,B,2351,V,1,2.83,10.2,8.6,5.5,0,0,NA,10/28/25,,
G,8,A,2513,,,,,,,,,,,,
G,8,B,2112,,,,,,,,,,,,
G,9,A,2299,V,1,3.56,9.8,7.5,6.6,0,0,NA,10/28/25,,
G,9,B,1845,V,1,2.36,10.8,11.9,8,0,O,NA,10/28/25,,aphids
G,10,A,2588,V,1,3.12,10.2,7.7,8.9,0,0,NA,10/28/25,,aphids
G,10,B,2248,,,,,,,,,,,,
G,11,A,2232,X,,,,,,,,,,,10/28 dead
G,11,B,2372,V,1,2.67,6.6,6.8,6.5,0,0,NA,10/28/25,,
G,12,A,2263,V,1,2.48,8.9,5.6,5.6,0,0,NA,10/28/25,,
G,12,B,2436,V,1,2.81,8.9,8,6.5,0,0,NA,10/28/25,,
G,13,A,2021,V,1,1.45,2.4,2.6,2.1,0,0,NA,10/28/25,,
G,13,B,buffer,,,,,,,,,,,,
G,14,A,2547,,,,,,,,,,,,
G,14,B,2250,V,1,3.16,10.2,6.9,7.8,0,0,NA,10/28/25,,
G,15,A,2280,,,,,,,,,,,,
G,15,B,1814,V,1,2.91,10.1,11.7,5.8,0,0,NA,10/28/25,,
G,16,A,1797,V,1,2.92,15.7,4,4.5,0,0,NA,10/28/25,,
G,16,B,2435,V,1,2.26,4.4,3.6,2.5,0,0,NA,10/28/25,,
G,17,A,2572,V,1,3.03,10.5,8.5,6.8,0,0,NA,10/28/25,,
G,17,B,1925,V,1,2.77,6.7,7.5,6.2,0,0,NA,10/28/25,,
G,18,A,2264,,,,,,,,,,,,
G,18,B,2508,V,1,1.94,6.7,6,5,0,0,NA,10/28/25,,
G,19,A,2441,X,,,,,,,,,,,10/28 dead
G,19,B,2215,V,1,2.6,6.6,6.4,5.3,0,0,NA,10/28/25,,
G,20,A,2599,,,,,,,,,,,,
G,20,B,2589,,,,,,,,,,,,
G,21,A,1846,V,1,0.98,3.4,1.5,1,0,0,NA,10/28/25,,
G,21,B,2184,P,1,2.22,22.6,7.7,5,2,6,4.7,10/28/25,,
G,22,A,2084,V,1,2.59,13.5,6.5,7.2,0,0,NA,10/28/25,,
G,22,B,2424,,,,,,,,,,,,
G,23,A,1776,P,1,1.72,,,,0,2,3.8,9/4/25,9/18/25,9/18 col. 1 frt.
G,23,B,2198,V,1,2.39,7.3,9.5,5.4,0,0,NA,10/28/25,,
G,24,A,1694,V,1,2.73,4.1,3.5,2.5,0,0,NA,10/28/25,,
G,24,B,2536,V,1,2.08,5.3,5.4,3.8,0,0,NA,10/28/25,,
G,25,A,2355,V,1,2.28,9.7,12.6,5.1,0,0,NA,10/28/25,,
G,25,B,2456,,,,,,,,,,,,
G,26,A,2561,V,1,2.02,7,3.9,3.6,0,0,NA,10/28/25,,
G,26,B,2496,,,,,,,,,,,,
G,27,A,buffer,,,,,,,,,,,,
G,27,B,2612,,,,,,,,,,,,
G,28,A,2144,V,1,2.74,8.8,6.8,3.6,0,0,NA,10/28/25,,
G,28,B,2565,V,1,2.78,8.2,6,4.9,0,0,NA,10/28/25,,
G,29,A,2251,V,1,2.69,10.7,6.3,5.8,0,0,NA,10/28/25,,
G,29,B,2216,V,1,1.78,6.3,3.8,3,0,0,NA,10/28/25,,
G,30,A,195,P,1,1.18,,,,0,1,1.5,7/25/25,NA,8/28 no fruit on plant
G,30,B,2157,V,1,3.85,18.8,5.5,5.2,0,0,NA,10/28/25,,
G,31,A,2469,V,1,2.44,7.3,7,6.8,0,0,NA,10/28/25,,
G,31,B,2615,V,1,1.78,5.8,5.8,2.7,0,0,NA,10/28/25,,
G,32,A,2287,V,1,3.22,10.6,8.8,8,0,0,NA,10/28/25,,
G,32,B,2199,V,1,2.61,10.6,6.8,5.8,0,0,NA,10/28/25,,
G,33,A,2465,P,1,1.28,12.6,7.2,3.8,0,1,3.2,10/28/25,,
G,33,B,2500,A,1,1.87,6.6,4,3.5,0,0,NA,10/28/25,,
G,34,A,1847,V,1,3.07,4.8,4.8,3,0,0,NA,10/28/25,,
G,34,B,2114,,1,2.3,6.4,5.8,3.9,0,0,NA,10/28/25,,
G,35,A,2535,V,1,1.97,6.3,5,4.5,0,0,NA,10/28/25,,
G,35,B,2188,,,,,,,,,,,,
G,36,A,2548,V,1,2.2,6.8,6.6,5.7,0,0,NA,10/28/25,,
G,36,B,1732,P,1,1.56,,,,0,4,3.4,9/4/25,,10/28 col. 3 frt.
G,37,A,buffer,,,,,,,,,,,,
G,37,B,2527,,,,,,,,,,,,
G,38,A,1697,V,1,2.71,3.9,4.3,3.9,0,0,NA,10/28/25,,
G,38,B,1330,P,1,2.54,,,,0,6,5,8/21/25,8/28/25. 9/4/25. 9/29/25,8/28 col. 3 frt. 9/4 col. 1 frt. 9/29 col. 1 frt.
G,39,A,2618,,,,,,,,,,,,
G,39,B,2094,V,1,1.91,4.4,7,5.1,0,0,NA,10/28/25,,
G,40,A,2171,V,1,2.41,12.6,6.4,4.1,0,0,NA,10/28/25,,
G,40,B,2270,V,1,1.98,13.7,4.9,3.1,0,0,NA,10/28/25,,
G,41,A,2229,V,1,2.76,9,5,3.3,0,0,NA,10/28/25,,
G,41,B,706,P,1,2.08,,,,0,7,4.7,8/7/25,8/28/25. 9/4/25,8/28 col. 5 frt. 9/4 col. 4 frt.
G,42,A,buffer,,,,,,,,,,,,
G,42,B,1464,P,1,1.92,,,,0,11,5.9,8/7/25,8/28/25. 9/4/25,8/28 col. 6 frt. 9/4 col. 3 frt. 2 missing
G,43,A,buffer,,,,,,,,,,,,
G,44,A,buffer,,,,,,,,,,,,
G,44,B,buffer,,,,,,,,,,,,
G,45,A,buffer,,,,,,,,,,,,
G,45,B,buffer,,,,,,,,,,,,
G,1,C,buffer,,,,,,,,,,,,
G,1,D,buffer,,,,,,,,,,,,
G,2,C,buffer,,,,,,,,,,,,
G,2,D,buffer,,,,,,,,,,,,
G,3,C,buffer,,,,,,,,,,,,
G,3,D,buffer,,,,,,,,,,,,
G,4,C,2632,,,,,,,,,,,,
G,4,D,1100,P,1,4.65,,,,0,58,5.6,8/28/25,8/28/25. 9/18/25,8/28 col. 5 frt. 9/18 col. 5 frt. 8/28 still has buds but no flowers & some frt fell to ground. other frt heavily dehisced - measured ann. census to be safe. can update measurements if buds succeed.
G,5,C,2083,B,1,3,20.6,5.5,3.1,0,0,NA,10/28/25,,
G,5,D,YO7_5_7,P,1,1.22,,,,0,3,3.1,7/27/25,8/14/25,8/14 col. 3 frt. 1 dehiscing
G,6,C,2537,V,1,2.47,7.4,8.8,6.5,,,,10/28/25,,
G,6,D,2560,V,1,1.91,3.6,3,3.5,,,,10/28/25,,
G,7,C,2306,,,,,,,,,,,,
G,7,D,2024,V,1,3.43,5.3,5.6,3.7,,,,,10/28/25,
G,8,C,2598,V,1,2.18,6.1,6,5.3,,,,10/28/25,,
G,8,D,530,P,1,1.73,,,,0,1,1.1,8/7/25,NA,8/7 fruit viability? 8/14 1 fruit missing
G,9,C,2008,V,1,2.83,7.1,6.6,6,,,,10/28/25,,
G,9,D,buffer,,,,,,,,,,,,
G,10,C,2197,V,1,2.49,7.4,7.5,4.3,,,,10/28/25,,
G,10,D,buffer,,,,,,,,,,,,
G,11,C,2495,V,1,2.04,8.5,4.3,3,,,,10/28/25,,
G,11,D,2089,V,1,2.79,6,5.5,4.2,,,,10/28/25,,
G,12,C,buffer,,,,,,,,,,,,
G,12,D,buffer,,,,,,,,,,,,
G,13,C,2645,V,1,2.9,18.1,5.5,4.8,,,,10/28/25,,
G,13,D,1729,V,1,3.12,15.2,5.4,5.5,,,,10/28/25,,
G,14,C,2142,V,1,2.77,9.1,6.2,5,,,,10/28/25,,
G,14,D,2352,,,,,,,,,,,,
G,15,C,NA,,,,,,,,,,,,
G,15,D,2639,,,,,,,,,,,,
G,16,C,1979,V,1,2.73,6.8,4.6,3.6,,,,10/28/25,,
G,16,D,1863,V,1,2.63,4.8,2.6,3.5,,,,10/28/25,,
G,17,C,2517,,,,,,,,,,,,
G,17,D,NA,,,,,,,,,,,,
G,18,C,2300,V,1,2.58,5.3,5.7,5.5,,,,10/28/25,,
G,18,D,2553,V,1,1.75,4.5,3.4,3.9,,,,10/28/25,,
G,19,C,2464,,,,,,,,,,,,
G,19,D,2556,X,,,,,,,,,10/28/25,,
G,20,C,2614,,,,,,,,,,,,
G,20,D,2295,V,1,2.42,10.5,5.7,5.4,,,,10/28/25,,
G,21,C,2233,V,1,2.72,6.6,6.5,5.5,,,,10/28/25,,
G,21,D,2336,V,1,2.95,8,6.3,6,,,,10/28/25,,
G,22,C,2439,V,1,2.76,6.1,5.3,6.1,,,,10/28/25,,
G,22,D,NA,,,,,,,,,,,,
G,23,C,buffer,,,,,,,,,,,,
G,23,D,NA,,,,,,,,,,,,
G,24,C,2093,V,1,2.42,4,6,2.3,,,,10/28/25,,
G,24,D,2327,V,1,2.27,3.9,4.2,3.5,,,,10/28/25,,
G,25,C,1891,V,1,3.23,5,5.3,3.4,,,,10/28/25,,
G,25,D,1991,,,,,,,,,,,,
G,26,C,2650,,,,,,,,,,,,
G,26,D,2313,V,1,2.73,4.6,7.3,5,,,,10/28/25,,
G,27,C,1890,,,,,,,,,,,,
G,27,D,2562,,,,,,,,,,,,
G,28,C,2590,,,,,,,,,,,,
G,28,D,2310,V,1,2.28,4.8,2.5,1.8,,,,10/28/25,,
G,29,C,2074,V,1,1.88,4.5,5.3,4.5,,,,10/28/25,,
G,29,D,NA,,,,,,,,,,,,
G,30,C,2635,V,1,2,14.2,6,4.5,,,,10/28/25,,stem broken
G,30,D,2575,,,,,,,,,,,,
G,31,C,2019,,,,,,,,,,,,
G,31,D,1765,V,1,2.38,15.5,5.6,4.8,,,,10/28/25,,
G,32,C,1815,V,1,2.5,4.3,7,4.5,,,,10/28/25,,
G,32,D,1872,V,1,2.42,5.8,4.5,3,,,,10/28/25,,
G,33,C,2421,V,1,2.6,5.6,4.5,3.5,,,,10/28/25,,
G,33,D,2604,,,,,,,,,,,,
G,34,C,238,P,1,2.02,,,,0,7,3.2,8/14/25,8/28/25. 9/4/25,8/28 col. 4 frts. 9/4 col. 1 frts. 1 fruit missing
G,34,D,2275,P,1,1.62,,,,0,2,4,8/28/25,9/4/25,9/4. col. 2 frts.
G,35,C,1394,P,1,1.9,,,,0,4,4.6,7/18/25,9/4/25,9/4 col. 4 frts.
G,35,D,2301,V,1,2.87,6.5,4.7,3.7,,,,10/28/25,,
G,36,C,1240,P,1,1.63,,,,0,4,3.3,8/7/25,9/4/25,2 fruits small; 9/4 cdl. 2 frts. 2 fruit missing
G,36,D,733,P,1,2.22,,,,0,6,4.5,8/14/25,8/28/25. 9/4/25,8/28 col. 3 frts; 9/4 col. 2 frts. 1 fruit missing
G,37,C,2049,,,,,,,,,,,,
G,37,D,261,P,1,1.68,,,,0,4,4.8,9/4/25,9/4/25,9/4 col. 3 frt.
G,38,C,1930,V,1,2.66,6.6,5.5,5.6,,,,10/28/25,,
G,38,D,1447,P,1,1.95,,,,0,10,4.8,7/18/25,8/14/25,8/14 col. 9 frt. 8/28 no fruit left
G,39,C,2321,V,1,1.96,6.7,3.5,3.3,,,,10/28/25,,
G,39,D,2337,X,,,,,,,,,10/28/25,,
G,40,C,2293,V,1,2.68,1,NA,NA,,,,10/28/25,,only stem left
G,40,D,1624,V,1,3.81,9.2,4.3,4.5,,,,10/28/25,,
G,41,C,2378,V,1,2.71,9,5,3.8,,,,10/28/25,,
G,41,D,2512,V,1,1.16,2.8,2.5,2.3,,,,10/28/25,,
G,42,C,2358,V,1,3.41,0.5,NA,NA,,,,10/28/25,,only stem left
G,42,D,buffer,,,,,,,,,,,,
G,44,C,buffer,,,,,,,,,,,,
G,44,D,buffer,,,,,,,,,,,,
G,45,C,buffer,,,,,,,,,,,,
G,45,D,buffer,,,,,,,,,,,,
H,23,B,734,P,1,2.31,,,,0,14,6,8/7/25,9/4/25,10 fruit collected
I,9,B,391,P,1,1.94,,,,0,5,5.8,8/14/25,9/29/25,9/29 col.1 frt.
I,10,A,1272,P,1,1.09,,,,0,3,4,7/18/25,8/7/25,
I,11,A,1250,P,1,1.42,,,,0,2,5.1,7/18/25,8/14/25,8/14 col. 1 frt. 1 frt missing.