bed,row,col,Unique.ID,height.cm,overhd.diam,overhd.perp,herbv.scale,survey.notes,survey.date
D,47,B,1403,NA,NA,NA,NA,measured 9/24/25 DEAD,9/29/25
D,48,A,2490,8,4.8,4.1,0,,9/29/25
D,48,B,1702,3.2,5,4,1,measured 9/24/25,9/29/25
D,49,A,2525,8.5,5.4,5.3,0,,9/29/25
D,49,B,1707,22.7,4.2,3.7,1,,9/29/25
D,50,A,buffer,,,,,,9/29/25
D,50,B,2625,3.6,2.6,2.1,1,,9/29/25
D,51,A,buffer,,,,,,9/29/25
D,51,B,1988,NA,NA,NA,NA,DEAD,9/29/25
D,52,A,522,NA,NA,NA,NA,DEAD,9/29/25
D,52,B,2463,6.8,3.8,1.2,4,stem stemeaten eaten,9/29/25
D,53,A,2395,,,,,,9/29/25
D,53,B,2212,13.2,3.8,3.4,4,,9/29/25
D,54,A,1876,7.4,5,3.6,4,,9/29/25
D,54,B,1849,8.1,5.3,4.3,3,,9/29/25
D,55,A,2573,8.5,2.2,1.2,4,,9/29/25
D,55,B,2425,6.9,0.6,0.6,4,,9/29/25
D,56,A,2544,NA,NA,NA,NA,DEAD,9/29/25
D,56,B,2492,4.7,4.2,3.7,1,,9/29/25
D,57,A,buffer,,,,,,9/29/25
D,57,B,1327,27,29.8,23.9,0,,9/29/25
D,58,A,buffer,,,,,,9/29/25
D,58,B,2131,6.6,1.9,1.5,4,,9/29/25
D,47,D,2065,6.6,4.6,1.9,1,measured 9/24/25,9/29/25
D,48,C,1615,3.4,2,1.7,0,,9/29/25
D,48,D,2369,4,NA,NA,4,only stem,9/29/25
D,49,C,2192,,,,,,9/29/25
D,49,D,2387,3.5,4,3.3,1,,9/29/25
D,50,C,2103,4.1,5.5,4,0,,9/29/25
D,50,D,2542,7.1,0.9,0.3,4,,9/29/25
D,51,C,2445,4.3,5.4,4.1,1,,9/29/25
D,51,D,1839,2.2,4,3.8,0,,9/29/25
D,52,C,2242,10.9,4.5,3.9,1,,9/29/25
D,52,D,1806,6.2,4.9,4.3,1,,9/29/25
D,53,C,2429,4.8,2.4,2.3,1,,9/29/25
D,53,D,2346,9.4,5.7,5.3,1,,9/29/25
D,54,C,2567,6.3,3.9,3.4,0,,9/29/25
D,54,D,936,,,,,,9/29/25
D,55,C,2235,7.4,2,1.2,4,,9/29/25
D,55,D,1796,30.2,7.4,3,0,,9/29/25
D,56,C,2166,7.8,4.5,2.4,3,,9/29/25
D,56,D,2485,8.7,4.9,4.1,3,,9/29/25
D,57,C,1970,5.7,4.6,4,1,,9/29/25
D,57,D,buffer,,,,,,9/29/25
D,58,C,buffer,,,,,,9/29/25
D,58,D,buffer,,,,,,9/29/25
D,59,C,buffer,,,,,,9/29/25
D,59,D,buffer,,,,,,9/29/25
E,1,B,buffer,,,,,only 2 buffers,9/29/25
E,2,A,buffer,,,,,only 2 buffers,9/29/25
E,2,B,buffer,,,,,,9/29/25
E,3,A,buffer,,,,,,9/29/25
E,3,B,buffer,,,,,,9/29/25
E,4,A,2225,7.5,9.2,6.7,2,,9/29/25
E,4,B,1998,7.6,9.4,7.6,0,,9/29/25
E,5,A,2475,,,,,,9/29/25
E,5,B,2641,18.5,3.8,3.2,1,aphids,9/29/25
E,6,A,NA,,,,,,9/29/25
E,6,B,2061,4.9,4.9,4.4,1,,9/29/25
E,7,A,2266,12.8,6,4,1,,9/29/25
E,7,B,2534,9.3,6.4,4.7,1,,9/29/25
E,8,A,2282,7.3,6.1,4.9,0,,9/29/25
E,8,B,2028,8.4,6.5,6.3,1,,9/29/25
E,9,A,buffer,,,,,,9/29/25
E,9,B,2132,12,6.3,6,2,,9/29/25
E,10,A,399,,,,,,9/29/25
E,10,B,2374,4.4,6,4.5,1,,9/29/25
E,11,A,2088,5.5,7.4,5.4,2,,9/29/25
E,11,B,2518,,,,,,9/29/25
E,12,A,2079,,,,,,9/29/25
E,12,B,NA,,,,,rock here,9/29/25
E,13,A,2486,,,,,,9/29/25
E,13,B,NA,,,,,,9/29/25
E,14,A,2211,9.7,7.5,4.7,1,,9/29/25
E,14,B,2025,3.8,3.5,2.4,1,,9/29/25
E,15,A,2018,,,,,,9/29/25
E,15,B,1896,3.2,2.9,2.5,2,,9/29/25
E,16,A,1857,6,4,3.3,2,,9/29/25
E,16,B,2244,,,,,,9/29/25
E,17,A,1807,,,,,,9/29/25
E,17,B,1840,,,,,,9/29/25
E,18,A,2000,7.4,5.7,4.8,0,,9/29/25
E,18,B,372,NA,NA,NA,NA,DEAD,9/29/25
E,19,A,1605,,,,,,9/29/25
E,19,B,1975,2.3,7.4,5.8,1,,9/29/25
E,20,A,1684,,,,,dead pre-planting,9/29/25
E,20,B,2367,5.7,5.5,4.3,2,,9/29/25
E,21,A,2104,5.3,4.3,3.1,1,,9/29/25
E,21,B,2437,12.1,6.1,5.2,1,,9/29/25
E,22,A,2014,3.5,3.2,3.2,1,,9/29/25
E,22,B,buffer,,,,,,9/29/25
E,23,A,buffer,,,,,,9/29/25
E,23,B,2524,,,,,,9/29/25
E,24,A,2584,,,,,,9/29/25
E,24,B,2400,,,,,,9/29/25
E,25,A,2332,8.2,3.7,2.8,1,,9/29/25
E,25,B,1808,4.8,6.9,3.4,1,,9/29/25
E,26,A,1713,NA,NA,NA,NA,DEAD,9/29/25
E,26,B,NA,,,,,hole here,9/29/25
E,27,A,95,,,,,,9/29/25
E,27,B,1841,3.6,4,3.1,1,,9/29/25
E,28,A,1999,,,,,,9/29/25
E,28,B,2453,10.3,7.4,4.7,1,,9/29/25
E,29,A,2106,3.3,5.3,4.5,1,,9/29/25
E,29,B,2375,4.5,6,4.9,1,,9/29/25
E,30,A,NA,,,,,,9/29/25
E,30,B,NA,,,,,,9/29/25
E,41,A,1601,10.6,6.3,5.6,1,,9/29/25
E,41,B,2194,,,,,,9/29/25
E,42,A,2627,,,,,,9/29/25
E,42,B,2434,5,4.1,3.1,1,,9/29/25
E,43,A,369,,,,,,9/29/25
E,43,B,1686,1.5,2.2,1.4,0,,9/29/25
E,44,A,NA,,,,,hole here,9/29/25
E,44,B,2273,23.7,0.6,0.5,0,,9/29/25
E,45,A,2208,6.3,7,5.8,1,,9/29/25
E,45,B,1902,,,,,,9/29/25
E,46,A,2304,,,,,,9/29/25
E,46,B,2613,7.5,4.6,4.1,0,,9/29/25
E,47,A,NA,,,,,hole here,9/29/25
E,47,B,2586,11.2,4.3,3.5,0,,9/29/25
E,48,A,2164,12.9,4,2.9,0,,9/29/25
E,48,B,1974,12.2,7.5,4.7,1,,9/29/25
E,49,A,buffer,,,,,,9/29/25
E.,49,B,2503,12.4,4.8,4.5,0,,9/29/25
E,50,A,2458,,,,,,9/29/25
E,50,B,1193,,,,,,9/29/25
E,51,A,334,NA,NA,NA,NA,DEAD,9/29/25
E,51,B,1800,20,3.2,3.1,0,,9/29/25
E,52,A,buffer,,,,,,9/29/25
E,52,B,buffer,,,,,,9/29/25
E,1,C,buffer,,,,,only 2 buffers,9/29/25
E,1,D,buffer,,,,,only 2 buffers,9/29/25
E,2,C,buffer,,,,,,9/29/25
E,2,D,buffer,,,,,,9/29/25
E,3,C,buffer,,,,,,9/29/25
E,3,D,buffer,,,,,,9/29/25
E,4,C,1789,,,,,,9/29/25
E,4,D,2415,,,,,,9/29/25
E,5,C,NA,,,,,rock here,9/29/25
E,5,D,2432,2.7,4,3.5,2,,9/29/25
E,6,C,1656,,,,,,9/29/25
E,6,D,NA,,,,,unplantable,9/29/25
E,7,C,2582,,,,,,9/29/25
E,7,D,1406,NA,NA,NA,NA,DEAD,9/29/25
E,8,C,2541,8.7,5.6,5.2,1,,9/29/25
E,8,D,2366,10.7,8.6,6.4,1,,9/29/25
E,9,C,2636,,,,,stem broken pre-planting,9/29/25
E,9,D,2347,5.3,5.5,5.5,1,,9/29/25
E,10,C,1711,,,,,,9/29/25
E,10,D,2630,NA,NA,NA,NA,DEAD,9/29/25
E,11,C,2268,12,7.3,5.9,1,,9/29/25
E,11,D,2552,7.1,5.5,5,1,,9/29/25
E,12,C,NA,,,,,rock here,9/29/25
E,12,D,2007,6.8,6,5,0,,9/29/25
E,13,C,NA,,,,,rock here,9/29/25
E,13,D,1490,NA,NA,NA,NA,DEAD,9/29/25
E,14,C,2193,6.8,5.1,5,0,,9/29/25
E,14,D,2394,,,,,,9/29/25
E,15,C,2498,,,,,,9/29/25
E,15,D,NA,,,,,,9/29/25
E,16,C,2272,15.7,8.2,7,1,,9/29/25
E,16,D,NA,,,,,,9/29/25
E,17,C,1657,,,,,,9/29/25
E,17,D,2174,12,4.6,4.5,1,,9/29/25
E,18,C,2057,10.3,6.4,4.3,1,,9/29/25
E,18,D,2122,7.5,4.9,4.3,1,,9/29/25
E,19,C,2040,4.5,5.6,4.7,2,,9/29/25
E,19,D,buffer,,,,,,9/29/25
E,20,C,2190,,,,,,9/29/25
E,20,D,2626,,,,,,9/29/25
E,21,C,1781,12.3,6.7,5.8,1,,9/29/25
E,21,D,2416,4.2,6.7,4.8,2,,9/29/25
E,22,C,2036,6.4,6.4,4.5,1,,9/29/25
E,22,D,2428,3.9,3.4,2.8,2,,9/29/25
E,23,C,2409,4.2,2.8,1.9,1,,9/29/25
E,23,D,2325,4.7,4.2,4.1,2,,9/29/25
E,24,C,2585,9.4,5.6,4.9,2,,9/29/25
E,24,D,2502,3.7,5.4,4.9,1,,9/29/25
E,25,C,2080,10.4,10.4,6.9,1,,9/29/25
E,25,D,2067,10.3,7.4,6.2,1,,9/29/25
E,26,C,1623,NA,NA,NA,NA,DEAD,9/29/25
E,26,D,2091,8.8,6.1,4.9,1,,9/29/25
E,27,C,1658,,,,,,9/29/25
E,27,D,79,NA,NA,NA,NA,DEAD,9/29/25
E,28,C,2637,NA,NA,NA,NA,DEAD,9/29/25
E,28,D,1870,11.8,9.5,7.2,1,,9/29/25
E,29,C,2348,8.7,5,5.1,1,,9/29/25
E,29,D,buffer,,,,,,9/29/25
E,30,C,NA,,,,,,9/29/25
E,30,D,buffer,,,,,,9/29/25
E,41,C,2477,7.1,3,2.8,1,,9/29/25
E,41,D,2259,NA,NA,NA,NA,DEAD,9/29/25
E,42,C,2473,6.4,5.7,4.8,0,,9/29/25
E,42,D,2245,10.7,5.5,5.2,0,,9/29/25
E,43,C,2648,,,,,,9/29/25
E,43,D,2134,10.1,6.4,5.9,1,,9/29/25
E,44,C,2426,6.4,6.3,5.5,0,,9/29/25
E,44,D,1763,19.3,6.1,4.3,0,,9/29/25
E,45,C,buffer,,,,,,9/29/25
E,45,D,buffer,,,,,,9/29/25
E,46,C,2297,9.2,6.4,5.2,0,,9/29/25
E,46,D,2628,4.6,2.7,2.5,0,,9/29/25
E,47,C,2594,11,5.4,5.2,0,,9/29/25
E,47,D,2011,8,6.5,5.5,1,,9/29/25
E,48,C,2081,14.2,7.8,4.9,1,,9/29/25
E,48,D,2568,,,,,,9/29/25
E,49,C,380,NA,NA,NA,NA,DEAD,9/29/25
E,49,D,2600,10.8,5.2,3.8,0,,9/29/25
E,50,C,1809,7.1,5.7,4.1,0,,9/29/25
E,50,D,2308,11.9,2.6,2.5,0,,9/29/25
E,51,C,1715,NA,NA,NA,NA,DEAD,9/29/25
E,51,D,2385,,,,,,9/29/25
E,52,C,buffer,,,,,,9/29/25
E,52,D,buffer,,,,,,9/29/25
F,1,A,buffer,,,,,,9/29/25
F,1,B,buffer,,,,,,9/29/25
F,2,A,buffer,,,,,,9/29/25
F,2,B,buffer,,,,,,9/29/25
F,3,A,buffer,,,,,,9/29/25
F,3,B,buffer,,,,,,9/29/25
F,4,A,1842,5.5,3.4,4.6,2,,9/29/25
F,4,B,2528,10.1,3.3,6,1,,9/29/25
F,5,A,1783,,,,,,9/29/25
F,5,B,NA,,,,,,9/29/25
F,6,A,2333,24.2,6.3,6.2,0,,9/29/25
F,6,B,2377,,,,,,9/29/25
F,7,A,1859,4.4,2,2.8,0,,9/29/25
F,7,B,buffer,,,,,,9/29/25
F,8,A,2048,6.6,4.2,5.9,1,,9/29/25
F,8,B,2015,7.3,5.2,6,1,,9/29/25
F,9,A,2449,NA,NA,NA,NA,dead,9/29/25
F,9,B,1892,NA,NA,NA,NA,dead,9/29/25
F,10,A,2616,,,,,,9/29/25
F,10,B,1659,5,3,5.9,2,,9/29/25
F,11,A,2288,NA,NA,NA,NA,dead,9/29/25
F,11,B,2533,6.8,2.1,5.2,1,,9/29/25
F,12,A,2494,,,,,,9/29/25
F,12,B,2136,7.2,3,5,1,,9/29/25
F,13,A,2109,5.6,5.2,5.9,1,,9/29/25
F,13,B,buffer,,,,,,9/29/25
F,14,A,1662,,,,,,9/29/25
F,14,B,2433,5.5,2.1,2.5,1,,9/29/25
F,15,A,2631,12.7,5.2,3.8,1,,9/29/25
F,15,B,2611,10.8,4,6,1,,9/29/25
F,16,A,1463,NA,NA,NA,NA,dead,9/29/25
F,16,B,2196,8.5,5,4.8,1,,9/29/25
F,17,A,2289,13.6,2.3,4.4,2,,9/29/25
F,17,B,1912,8.5,3.5,6.5,2,,9/29/25
F,18,A,2035,7.7,5.6,8.4,1,,9/29/25
F,18,B,2459,5.5,6,7.4,1,,9/29/25
F,19,A,1989,5.8,5,6.9,1,,9/29/25
F,19,B,2341,19,4,3.2,0,,9/29/25
F,20,A,buffer,,,,,,9/29/25
F,20,B,2603,NA,NA,NA,NA,dead,9/29/25
F,21,A,2110,6.8,2,8.5,1,,9/29/25
F,21,B,2350,,,,,,9/29/25
F,22,A,buffer,,,,,,9/29/25
F,22,B,2010,9,7.5,10.1,1,,9/29/25
F,23,A,1602,10.6,5.1,11.3,0,,9/29/25
F,23,B,2462,NA,NA,NA,NA,dead,9/29/25
F,24,A,2247,8.2,3.7,5.5,0,,9/29/25
F,24,B,2027,5.8,4.1,5.7,1,,9/29/25
F,25,A,buffer,,,,,,9/29/25
F,25,B,2530,6.5,4.1,6,1,,9/29/25
F,26,A,1811,4.6,NA,NA,0,no leaves,9/29/25
F,26,B,1692,4.9,2.4,5,1,,9/29/25
F,27,A,2514,7.5,3,8,1,,9/29/25
F,27,B,2581,6.1,4,3.8,1,,9/29/25
F,28,A,1724,17.8,2.9,4.8,0,,9/29/25
F,28,B,2571,,,,,,9/29/25
F,29,A,NA,,,,,,9/29/25
F,29,B,NA,,,,,,9/29/25
F,39,A,861,NA,NA,NA,NA,dead,9/29/25
F,39,B,buffer,,,,,,9/29/25
F,40,A,buffer,,,,,,9/29/25
F,40,B,NA,,,,,,9/29/25
F,41,A,1880,6.7,3.2,5,0,,9/29/25
F,41,B,buffer,,,,,,9/29/25
F,42,A,1773,,,,,,9/29/25
F,42,B,1924,NA,NA,NA,NA,dead,9/29/25
F,43,A,1959,3.3,1.1,2.5,1,,9/29/25
F,43,B,2285,19.6,4,4.8,0,,9/29/25
F,44,A,2214,5.6,4,6,1,,9/29/25
F,44,B,2570,35,8,3.8,0,,9/29/25
F,45,A,1871,8,1.9,5.7,1,,9/29/25
F,45,B,2290,8.6,4.2,4.9,0,,9/29/25
F,46,A,buffer,,,,,,9/29/25
F,46,B,buffer,,,,,,9/29/25
F,47,A,buffer,,,,,,9/29/25
F,47,B,buffer,,,,,,9/29/25
F,1,C,buffer,,,,,,9/29/25
F,1,D,buffer,,,,,,9/29/25
F,2,C,buffer,,,,,,9/29/25
F,2,D,buffer,,,,,,9/29/25
F,3,C,buffer,,,,,,9/29/25
F,3,D,buffer,,,,,,9/29/25
F,4,C,2349,7.3,7.1,6.5,1,,9/29/25
F,4,D,2482,7.3,2.4,2.1,0,,9/29/25
F,5,C,1688,NA,NA,NA,NA,Dead,9/29/25
F,5,D,2497,7.6,4.9,4,2,,9/29/25
F,6,C,NA,,,,,,9/29/25
F,6,D,565,26.1,3,2.1,0,,9/29/25
F,7,C,2002,6.2,2.9,2.6,0,,9/29/25
F,7,D,2117,NA,NA,NA,NA,Dead,9/29/25
F,8,C,buffer,,,,,,9/29/25
F,8,D,2267,19.8,4.4,4.2,1,,9/29/25
F,9,C,2087,7.6,8.2,5.6,1,,9/29/25
F,9,D,2195,21.4,8.8,6.1,1,,9/29/25
F,10,C,2189,5,NA,NA,NA,No leaves,9/29/25
F,10,D,2474,7.7,6.7,4.5,1,,9/29/25
F,11,C,2281,15.5,7.3,7.4,1,,9/29/25
F,11,D,2511,7.9,9.1,7.2,1,,9/29/25
F,12,C,2246,9.2,7.3,7.2,1,,9/29/25
F,12,D,buffer,,,,,,9/29/25
F,13,C,buffer,,,,,,9/29/25
F,13,D,2481,,,,,,9/29/25
F,14,C,2404,5.8,5.5,4.1,2,,9/29/25
F,14,D,2447,,,,,,9/29/25
F,15,C,2334,22.5,5.8,3.5,1,,9/29/25
F,15,D,2371,4.3,5,2.8,2,,9/29/25
F,16,C,2294,6.5,4.9,4.6,1,,9/29/25
F,16,D,2126,25.7,7.3,6.9,1,,9/29/25
F,17,C,1771,NA,NA,NA,NA,Dead,9/29/25
F,17,D,buffer,,,,,,9/29/25
F,18,C,2298,7.8,8.2,3.6,3,,9/29/25
F,18,D,64,NA,NA,NA,NA,Dead,9/29/25
F,19,C,2167,9.5,7.1,4.9,1,,9/29/25
F,19,D,2506,8,5.5,6,2,,9/29/25
F,20,C,2262,15.4,5.5,4,0,,9/29/25
F,20,D,381,NA,NA,NA,NA,Dead,9/29/25
F,21,C,1869,NA,NA,NA,NA,Dead,9/29/25
F,21,D,NA,,,,,unplantable,9/29/25
F,22,C,buffer,,,,,,9/29/25
F,22,D,2443,5.4,5.3,4.8,1,,9/29/25
F,23,C,2082,,,,,,9/29/25
F,23,D,1843,4.4,5.9,5.3,1,,9/29/25
F,24,C,2271,,,,,,9/29/25
F,24,D,2629,NA,NA,NA,NA,Dead,9/29/25
F,25,C,2545,4.2,5.2,3.2,2,,9/29/25
F,25,D,2448,,,,,,9/29/25
F,26,C,2139,10.3,6.7,4.2,3,,9/29/25
F,26,D,2587,6.2,4.5,3.6,1,,9/29/25
F,27,C,2016,6.3,4.1,2.8,2,,9/29/25
F,27,D,1914,5.1,3.3,2.2,1,,9/29/25
F,28,C,2438,7.2,2.8,2.4,1,,9/29/25
F,28,D,2003,NA,NA,NA,NA,Dead,9/29/25
F,29,C,NA,,,,,,9/29/25
F,29,D,NA,,,,,,9/29/25
F,40,C,1983,6.6,3.9,2.8,0,,9/29/25
F,40,D,2529,7.8,7.4,4.2,1,,9/29/25
F,41,C,1693,3.8,5.8,7,0,,9/29/25
F,41,D,314,NA,NA,NA,NA,Dead,9/29/25
F,42,C,2013,NA,NA,NA,NA,Dead,9/29/25
F,42,D,2315,6.4,7.3,3.3,0,,9/29/25
F,43,C,2401,4,3.4,3.3,1,,9/29/25
F,43,D,1725,19.6,3.5,3.5,1,,9/29/25
F,44,C,buffer,,,,,,9/29/25
F,44,D,2140,35.2,9.8,6.9,0,,9/29/25
F,45,c,2407,5.6,5.6,4.6,1,,9/29/25
F,45,D,2546,7.8,3.6,3,1,,9/29/25
F,46,C,buffer,,,,,,9/29/25
F,46,D,buffer,,,,,,9/29/25
F,47,C,buffer,,,,,,9/29/25
F,47,D,buffer,,,,,,9/29/25
G,1,A,buffer,,,,,,9/29/25
G,1,B,buffer,,,,,,9/29/25
G,2,A,buffer,,,,,,9/29/25
G,2,B,buffer,,,,,,9/29/25
G,3,A,buffer,,,,,,9/29/25
G,3,B,buffer,,,,,,9/29/25
G,4,A,2460,6.8,3.2,5.5,0,,9/29/25
G,4,B,2053,11.4,9.3,15.2,2,,9/29/25
G,5,A,1812,,,,,dead pre-planting,9/29/25
G,5,B,2491,5.5,5,7.2,1,,9/29/25
G,6,A,2092,5.4,5,5,0,,9/29/25
G,6,B,1604,5.6,2.8,4.6,1,,9/29/25
G,7,A,2335,46.1,5.6,10.2,0,,9/29/25
G,7,B,2351,7.7,6.1,7.8,2,,9/29/25
G,8,A,2513,,,,,,9/29/25
G,8,B,2112,NA,NA,NA,NA,dead,9/29/25
G,9,A,2299,8.4,6.5,7.3,1,,9/29/25
G,9,B,1845,10.7,9.2,11.5,0,,9/29/25
G,10,A,2588,9,4,8,1,,9/29/25
G,10,B,2248,,,,,,9/29/25
G,11,A,2232,,,,,dead pre-planting,9/29/25
G,11,B,2372,6.4,4,5.7,3,,9/29/25
G,12,A,2263,8,2.2,4,1,,9/29/25
G,12,B,2436,7.9,6,7.8,1,,9/29/25
G,13,A,2021,3.7,2.8,2.6,1,,9/29/25
G,13,B,buffer,,,,,,9/29/25
G,14,A,2547,NA,NA,NA,NA,dead,9/29/25
G,14,B,2250,9.7,6.1,6.3,0,,9/29/25
G,15,A,2280,,,,,,9/29/25
G,15,B,1814,9.2,6.6,9.8,1,,9/29/25
G,16,A,1797,14.3,3.1,3.8,1,,9/29/25
G,16,B,2435,4.5,4,1.8,1,,9/29/25
G,17,A,2572,9.5,7.2,6.9,1,,9/29/25
G,17,B,1925,6.5,6,6.3,1,,9/29/25
G,18,A,2264,,,,,,9/29/25
G,18,B,2508,6.5,4.3,4.2,1,,9/29/25
G,19,A,2441,4.1,1.5,2.5,1,,9/29/25
G,19,B,2215,6,4,7.6,1,,9/29/25
G,20,A,2599,,,,,,9/29/25
G,20,B,2589,,,,,,9/29/25
G,21,A,1846,3.4,0.9,1,3,,9/29/25
G,21,B,2184,20.5,5,9.3,0,,9/29/25
G,22,A,2084,11.7,4.1,8.2,1,,9/29/25
G,22,B,2424,,,,,,9/29/25
G,23,A,1776,18.6,3,2,0,,9/29/25
G,23,B,2198,6.3,4.8,6.5,1,,9/29/25
G,24,A,1694,3.7,4,1.7,3,,9/29/25
G,24,B,2536,4.8,4.3,5.2,1,,9/29/25
G,25,A,2355,8.7,10.3,4.5,1,,9/29/25
G,25,B,2456,,,,,,9/29/25
G,26,A,2561,6.1,2.5,2.5,2,,9/29/25
G,26,B,2496,,,,,,9/29/25
G,27,A,buffer,,,,,,9/29/25
G,27,B,2612,,,,,,9/29/25
G,28,A,2144,8,5.7,5.6,2,,9/29/25
G,28,B,2565,8.9,5.7,4.3,1,,9/29/25
G,29,A,2251,9.7,5.2,4.2,0,,9/29/25
G,29,B,2216,5.6,2.7,2.2,0,,9/29/25
G,30,A,195,NA,NA,NA,NA,dead,9/29/25
G,30,B,2157,17.5,5.4,4.7,0,,9/29/25
G,31,A,2469,6.6,5.4,6.5,1,,9/29/25
G,31,B,2615,6,5.3,6,1,,9/29/25
G,32,A,2287,10.5,5.9,7,1,,9/29/25
G,32,B,2199,10,4.8,7.4,1,,9/29/25
G,33,A,2465,12.1,1.5,4.5,0,,9/29/25
G,33,B,2500,6.5,2.6,2.8,2,,9/29/25
G,34,A,1847,4.4,2.6,4,1,,9/29/25
G,34,B,2114,6,3,4.5,1,,9/29/25
G,35,A,2535,6.6,4.2,4.3,0,,9/29/25
G,35,B,2188,,,,,,9/29/25
G,36,A,2548,7.1,5.2,6,2,,9/29/25
G,36,B,1732,29,5.2,1.8,0,,9/29/25
G,37,A,buffer,,,,,,9/29/25
G,37,B,2527,NA,NA,NA,NA,dead,9/29/25
G,38,A,1697,3.2,3.5,4.1,2,,9/29/25
G,38,B,1330,NA,NA,NA,NA,dead,9/29/25
G,39,A,2618,,,,,,9/29/25
G,39,B,2094,4.7,5,2.5,1,,9/29/25
G,40,A,2171,11.2,3.9,5.8,2,,9/29/25
G,40,B,2270,12.4,3.8,3,0,,9/29/25
G,41,A,2229,7.6,4,4.6,1,,9/29/25
G,41,B,706,NA,NA,NA,NA,dead,9/29/25
G,42,A,buffer,,,,,,9/29/25
G,42,B,1464,NA,NA,NA,NA,dead,9/29/25
G,43,A,buffer,,,,,,9/29/25
G,44,A,buffer,,,,,,9/29/25
G,44,B,buffer,,,,,,9/29/25
G,45,A,buffer,,,,,,9/29/25
G,45,B,buffer,,,,,,9/29/25
G,1,C,buffer,,,,,,9/29/25
G,1,D,buffer,,,,,,9/29/25
G,2,C,buffer,,,,,,9/29/25
G,2,D,buffer,,,,,,9/29/25
G,3,C,buffer,,,,,,9/29/25
G,3,D,buffer,,,,,,9/29/25
G,4,C,2632,,,,,,9/29/25
G,4,D,1100,NA,NA,NA,NA,DEAD,9/29/25
G,5,C,2083,21.4,5.3,2.8,2,,9/29/25
G,5,D,YO7_5_7,4,2.5,1.7,0,,9/29/25
G,6,C,2537,7.5,8.6,6.4,1,,9/29/25
G,6,D,2560,3.5,4,4,1,,9/29/25
G,7,C,2306,,,,,,9/29/25
G,7,D,2024,6.3,5.9,3.8,1,,9/29/25
G,8,C,2598,6,5,5,1,,9/29/25
G,8,D,530,,,,,,9/29/25
G,9,C,2008,8.1,8.1,6.8,1,,9/29/25
G,9,D,buffer,,,,,,9/29/25
G,10,C,2197,7.1,7.5,4.2,2,,9/29/25
G,10,D,buffer,,,,,,9/29/25
G,11,C,2495,8.2,4.2,3.5,2,,9/29/25
G,11,D,2089,5.8,4.4,3.7,1,,9/29/25
G,12,C,buffer,,,,,,9/29/25
G,12,D,buffer,,,,,,9/29/25
G,13,C,2645,17.2,5.9,4,2,,9/29/25
G,13,D,1729,13.8,4.7,3.9,1,,9/29/25
G,14,C,2142,10,5.7,4.5,1,,9/29/25
G,14,D,2352,,,,,,9/29/25
G,15,C,NA,,,,,rock here,9/29/25
G,15,D,2639,,,,,,9/29/25
G,16,C,1979,6.6,3.9,2.8,1,,9/29/25
G,16,D,1863,5.1,3.8,2.7,1,,9/29/25
G,17,C,2517,,,,,,9/29/25
G,17,D,NA,,,,,rock here,9/29/25
G,18,C,2300,5.5,5.3,4,0,,9/29/25
G,18,D,2553,3.4,3.7,3,1,,9/29/25
G,19,C,2464,NA,NA,NA,NA,DEAD,9/29/25
G,19,D,2556,NA,NA,NA,NA,DEAD,9/29/25
G,20,C,2614,,,,,,9/29/25
G,20,D,2295,12.2,6.9,5.1,0,,9/29/25
G,21,C,2233,6.4,6.4,5.1,0,,9/29/25
G,21,D,2336,7.3,5.5,5,1,,9/29/25
G,22,C,2439,6.5,5.5,4,0,,9/29/25
G,22,D,NA,,,,,,9/29/25
G,23,C,buffer,,,,,,9/29/25
G,23,D,NA,,,,,,9/29/25
G,24,C,2093,3.8,4.9,2.2,0,,9/29/25
G,24,D,2327,3.9,4.2,2.6,1,,9/29/25
G,25,C,1891,5,4,3.3,1,,9/29/25
G,25,D,1991,,,,,,9/29/25
G,26,C,2650,,,,,,9/29/25
G,26,D,2313,4.9,6.5,4.9,1,,9/29/25
G,27,C,1890,,,,,,9/29/25
G,27,D,2562,,,,,,9/29/25
G,28,C,2590,,,,,,9/29/25
G,28,D,2310,4.5,2.6,1.6,2,,9/29/25
G,29,C,2074,1.5,4.6,2.9,0,,9/29/25
G,29,D,NA,,,,,rock here,9/29/25
G,30,C,2635,13.7,5,4.2,1,,9/29/25
G,30,D,2575,,,,,,9/29/25
G,31,C,2019,,,,,,9/29/25
G,31,D,1765,16.6,4.7,4.5,0,,9/29/25
G,32,C,1815,4.6,4.5,5.9,1,,9/29/25
G,32,D,1872,5.8,4.3,2.8,1,,9/29/25
G,33,C,2421,6.2,4.1,3.9,1,,9/29/25
G,33,D,2604,,,,,,9/29/25
G,34,C,238,NA,NA,NA,NA,Dead,9/29/25
G,34,D,2275,NA,NA,NA,NA,Dead,9/29/25
G,35,C,1394,NA,NA,NA,NA,Deal,9/29/25
G,35,D,2301,7,5.1,2.9,2,,9/29/25
G,36,C,1240,NA,NA,NA,NA,Dead,9/29/25
G,36,D,733,NA,NA,NA,NA,Dead,9/29/25
G,37,C,2049,,,,,,9/29/25
G,37,D,261,20.7,3.4,0.3,0,,9/29/25
G,38,C,1930,7,5.3,4.3,1,,9/29/25
G,38,D,1447,NA,NA,NA,NA,Dead,9/29/25
G,39,C,2321,7.2,4.2,2,2,,9/29/25
G,39,D,2337,6.8,1.3,0.9,2,,9/29/25
G,40,C,2293,1.4,NA,NA,0,No leaves,9/29/25
G,40,D,1624,11.2,3.8,5.3,0,,9/29/25
G,41,C,2378,8.4,5,4.2,1,,9/29/25
G,41,D,2512,2.8,1.7,1.4,0,,9/29/25
G,42,C,2358,9.3,5.7,5.8,1,,9/29/25
G,42,D,buffer,,,,,,9/29/25
G,44,C,buffer,,,,,,9/29/25
G,44,D,buffer,,,,,,9/29/25
G,45,C,buffer,,,,,,9/29/25
G,45,D,buffer,,,,,,9/29/25
H,23,B,734,NA,NA,NA,NA,dead,9/29/25
I,9,B,391,NA,NA,NA,NA,dead,9/29/25
I,10,A,1272,NA,NA,NA,NA,dead,9/29/25
I,11,A,1250,NA,NA,NA,NA,dead,9/29/25