bed ,row ,col ,unique.ID ,phen ,diam.mm ,num.flw ,num.fruit ,long.fruit.cm ,total.branch ,overhd.diam ,overhd.perp ,survey.date ,collected.date ,survey.notes
A ,1,A ,TM2_6_11 ,,,,,,,,,,,TM2 fruiting from 2023
A ,6,B ,CC_3_3 ,,,,,,,,,,,
A ,16,B ,BH_3_3 ,,,,,,,,,,,6/18/24 No tag 
A ,17,A ,BH_7_3 ,P ,4.98,0,40,8.5,1,,,8/20/24,8/27/24,
A ,18,A ,BH_4_3 ,,,,,,,,,,,6/18/24 No tag 
A ,24,A ,WL2_7_9 ,P ,2.34,0,6,2.8,1,,,8/27/24,8/27/24,
A ,32,B ,IH_7_4 ,P ,4.3,0,7,9,1,,,8/27/24,9/3/24,8/20 tape
A ,35,A ,SC_8_4 ,P ,6.69,0,21,11.7,1,,,8/27/24,9/17/24,8/20 tape
A ,36,A ,BH_3_4 ,P ,5.34,0,62,7,1,,,8/27/24,9/17/24,8/20 tape
A ,39,B ,WL2_7_10 ,P ,3.42,0,59,3.9,1,,,9/3/24,9/10/24,8/20 tape
A ,43,A ,TM2_6_1 ,,,,,,,,,,,TM2 fruiting from 2023
A ,45,B ,IH_2_4 ,P ,5.47,0,26,11.4,1,,,9/10/24,10/2/24,8/20 tape
A ,49,A ,YO7_7_23 ,P,2.19,0,75,2.5,2,,,7/30/24,8/13/24,8/13 dehiscing/harvested 10 fruit not dehiscing
A ,53,A ,CC_4_4 ,P,3.76,0,34,4.5,1,,,8/27/24,9/10/24,
A ,53,B ,BH_7_4 ,P,5.21,8,42,8.5,1,49,20.8,8/13/24,9/3/24,8/13 taped 10 fruit 
A ,56,B ,TM2_2_12 ,,,,,,,,,,,TM2 fruiting 
A ,14,D ,CC_8_3 ,,,,,,,,,,,6/25/24 snapped off 7/12 resprouting 
A ,15,C ,CC_1_3 ,P ,4.56,0,15,3.2,1,,,9/24/24,10/23/24,partial harvest n=8 10/23: 6 Green fruit 
A ,17,D ,BH_2_3 ,P ,5.75,0,41,7.7,1,,,9/10/24,8/27/24,8/27 10 fruit harvested; changed fruit number from 31 to 41 to account for those harvested fruits; 10/23 late branch has 4 green fruit
A ,22,D ,SC_8_3 ,P ,5.4,0,24,6.5,1,27.2,26.5,9/17/24,10/23/24,10/23 3 green fruit 7/16 some buds dying 
A ,23,D ,TM2_3_3 ,,,,,,,,,,,TM2 fruiting from 2023 
A ,36,C ,SC_2_4 ,P ,7.59,0,19,9,1,,,8/6/24,9/3/24,8/13 taped 10 fruit from 2023 /3 small 
A ,44,C ,TM2_6_3 ,,,,,,,,,,,TM2 fruiting rosettes nearby 
A ,45,D ,SC_4_4 ,P ,7.82,0,28,7.9,1,46.5,26,8/13/24,9/3/24,8/13 tipped over/taped 10 fruit deformed 
A ,46,D ,SQ1_5_10 ,P ,3.58,0,2,4,1,,,9/10/24,9/17/24,7/16 sone buds look or damaged 
A ,50,D ,IH_6_4 ,P ,4.55,0,18,9.7,1,,,8/27/24,9/17/24,buds look deformed or 
A ,56,C ,IH_1_4 ,P ,3.28,0,10,6.7,1,,,8/27/24,9/17/24,7/16 some damaged 8/20 tape 
A ,58,D ,YO7_7_13 ,P ,5.3,0,25,2,2,12,10.5,8/13/24,8/27/24,8/13 some dehiscing 
B ,22,A ,IH_3_5 ,P ,4.87,0,49,4.2,1,43.5,17.2,10/16/24,10/23/24,10/16 buds and flowers failing
B ,25,A ,IH_6_5 ,P ,3.49,0,16,4.2,1,29.6,15.5,10/23/24,10/2/24,8/20 tape; 10/2 harvested 2 fruit; h=38.9
B ,37,A ,TM2_1_16 ,,,,,,,,,,,TM2 fruiting from 2023 
B ,42,A ,BH_2_5 ,P ,7.62,0,53,9.3,1,47,46,8/13/24,9/3/24,7/30 buds dying 
B ,43,A ,BH_5_5 ,P ,5.13,0,61,11.1,1,48.5,25.5,8/13/24,8/27/24,tipped over marked as budding without date 
B ,56,A ,SC_6_15 ,P ,8.65,0,64,9.6,1,,,8/27/24,9/3/24,8/20 tape 
B ,57,A ,IH_4_4 ,,,,,,,,,,,
B ,19,D ,CC_2_6 ,P ,3.88,0,33,3.7,1,,,9/10/24,9/24/24,6/25/24 some buds being eaten 
B ,26,C ,IH_5_5 ,,,,,,,,,,,
B ,28,C ,BH_4_5 ,P ,4.2,0,26,4.3,1,,,9/10/24,8/27/24,8/20 tape; 8/27 9 fruit harvested - 1 green fruit included; changed fruit number from 17 to 26 to include harvested fruit
B ,36,D ,TM2_1_4 ,,,,,,,,,,,TM2 fruiting from 2023 
B ,43,D ,TM2_7_10 ,,,,,,,,,,,TM2 fruiting from 2023 
B ,45,C ,WL2_1_11 ,P ,2.08,0,39,3.1,1,,,9/3/24,9/3/24,
B ,47,C ,YO7_4_6 ,P ,3.36,0,80,2.5,1,9.1,8.8,8/13/24,8/27/24,
B ,56,C ,TM2_1_3 ,P ,5.14,0,125,6.4,1,,,8/20/24,9/17/24,8/20 tape 
B ,57,D ,BH_2_4 ,P ,4.35,0,24,9.6,1,20.4,8.4,8/13/24,8/27/24,6/18/24 No tag 7/30 buds dying 8/20 tape 
C ,1,A ,buffer ,,,,,,,,,,,
C ,1,B ,buffer ,,,,,,,,,,,
C ,2,A ,buffer ,,,,,,,,,,,
C ,2,B ,buffer ,,,,,,,,,,,
C ,3,A ,buffer ,,,,,,,,,,,
C ,3,B ,buffer ,,,,,,,,,,,
C ,4,A ,280,,,,,,,,,,,6/25/24 wilting 
C ,4,B ,949,,,,,,,,,,,7/9/24 wilting 
C ,5,A ,540,,,,,,,,,,,6/18/24 wilting 
C ,5,B ,317,V ,1.21,,,,1,1.9,1.7,10/23/24,,h= 4.1 
C ,6,A ,CC_1_6 ,,,,,,,,,,,7/2/24 dying 
C ,6,B ,1175,,,,,,,,,,,7/16 red pick/ no date assumed 7/9 
C ,7,A ,1091,,,,,,,,,,,
C ,7,B ,968,,,,,,,,,,,6/25/24 wilting 
C ,8,A ,333,,,,,,,,,,,
C ,8,B ,374,,,,,,,,,,,6/25/24 wilting 
C ,9,B ,521,,,,,,,,,,,
C ,10,A ,392,,,,,,,,,,,7/2/24 dying 
C ,10,B ,1160,,,,,,,,,,,6/25/24 wilting 
C ,11,A ,479,,,,,,,,,,,6/18/24 wilting 
C ,11,B ,264,,,,,,,,,,,6/25/24 wilting 
C ,12,A ,199,,,,,,,,,,,6/18/24 wilting 
C ,12,B ,1102,,,,,,,,,,,6/25/24 wilting 
C ,13,A ,344,,,,,,,,,,,6/18/24 top of stem wilting 
C ,13,B ,1511,,,,,,,,,,,
C ,14,A ,98,,,,,,,,,,,
C ,14,B ,868,,,,,,,,,,,
C ,15,A ,125,,,,,,,,,,,6/25/24 wilting 
C ,15,B ,1007,,,,,,,,,,,
C ,16,A ,1119,,,,,,,,,,,
C ,16,B ,189,,,,,,,,,,,
C ,17,A ,71,,,,,,,,,,,7/9 wilted 
C ,17,B ,507,,,,,,,,,,,6/25/24 wilting 
C ,18,A ,1336,,,,,,,,,,,7/9 wilted 
C ,18,B ,980,,,,,,,,,,,
C ,19,A ,NA ,,,,,,,,,,,
C ,19,B ,NA ,,,,,,,,,,,
C ,20,A ,413,,,,,,,,,,,6/25/24 odd white lines on leaves 
C ,20,B ,698,V ,1.92,0,0,NA ,1,4.1,3.4,10/23/24,,h= 5.2 
C ,21,A ,215,,,,,,,,,,,6/18/24 Powdery mildew 
C ,21,B ,407,V ,2.05,0,0,NA ,1,8,2.6,10/23/24,,h=7.5
C ,22,A ,532,,,,,,,,,,,
C ,22,B ,BH_6_7 ,P,3.55,0,11,7.3,1,,,8/20/24,8/27/24,7/16 some fruits look sick 8/20 tape 
C ,23,A ,469,,,,,,,,,,,
C ,23,B ,118,V ,1.27,0,0,NA ,1,2.9,2,10/23/24,,h=5.3 
C ,24,A ,281,V ,1.77,0,0,NA ,1,3.8,2.5,10/23/24,,h=6.4 
C ,24,B ,1459,V ,1.48,0,0,NA ,1,4.1,3.6,10/23/24,,h=4.4 
C ,25,A ,1275,,,,,,,,,,,
C ,25,B ,72,,,,,,,,,,,wilted 7/9 
C ,26,A ,494,,,,,,,,,,,
C,26,B ,154,,,,,,,,,,,
C ,27,A ,1398,,,,,,,,,,,
C ,27,B ,200,V ,1.29,0,0,NA ,1,3.9,2.3,10/23/24,,h=3.8 
C ,28,A ,480,,,,,,,,,,,Stem snapped still turgid 
C ,28,B ,347,,,,,,,,,,,
C ,29,A ,17,,,,,,,,,,,
C ,29,B ,341,V ,2.18,0,0,NA ,1,4.7,4.6,10/23/24,,h=8.1 
C ,30,A ,1228,V ,2.41,0,0,NA ,1,4.6,3.9,10/23/24,,h=6.5 
C ,30,B ,513,X,1.44,0,0,NA ,1,1.3,1.2,10/9/24,NA ,
C ,31,A ,939,V ,1.76,0,0,NA ,1,4,3.2,10/23/24,,h= 7.1 
C,31,B ,543,,,,,,,,,,,6/25/24 wilting 
C ,32,A ,1053,,,,,,,,,,,
C,32,B ,1279,,,,,,,,,,,
C ,33,B ,183,V ,1.18,0,0,NA ,1,3.6,2.9,10/23/24,,h= 3.6 
C ,34,A ,776,,,,,,,,,,,
C ,34,B ,2,,,,,,,,,,,
C ,35,A ,136,,,,,,,,,,,
C ,35,B ,1348,,,,,,,,,,,
C ,36,A ,NA ,,,,,,,,,,,
C ,36,B ,SC_2_19 ,,,,,,,,,,,Some buds dying 7/16 
C ,37,A ,145,,,,,,,,,,,
C ,37,B ,1289,V ,1.46,0,0,NA ,1,3.5,2.1,10/23/24,,h= 4.4
C ,38,A ,1362,,,,,,,,,,,
C ,38,B ,128,,,,,,,,,,,Red pick no date 7/16 
C ,39,A ,1347,,,,,,,,,,,7/9 Very wilted 
C ,39,B ,1003,,,,,,,,,,,
C ,40,A ,1162,,,,,,,,,,,
C ,40,B ,BH_1_7 ,P ,2.17,0,5,1.7,1,0.2,0.2,8/6/24,10/2/24,8/20 tape 
C ,41,A ,738,,,,,,,,,,,7/9 very wilted 
C ,41,B ,100,,,,,,,,,,,6/18/24 Wilting 
C ,42,A ,1314,,,,,,,,,,,
C ,42,B ,888,V ,1.1,0,0,NA ,1,0.9,0.4,10/23/24,,h=5.1 
C ,43,A ,73,V ,1.42,0,0,NA ,1,2.9,1.7,10/23/24,,h=6.2 
C ,43,B ,355,,,,,,,,,,,
C ,44,A ,481,,,,,,,,,,,
C ,44,B ,1229,,,,,,,,,,,
C ,45,A ,BH_7_7 ,P ,4.92,0,3,4.2,1,,,8/20/24,9/17/24,7/16 One dead stem 8/20 tape 
C ,45,B ,1121,,,,,,,,,,,
C ,46,A ,452,,,,,,,,,,,
C ,46,B ,20,,,,,,,,,,,
C ,47,A ,187,,,,,,,,,,,
C ,47,B ,IH_2_7 ,P ,3.94,0,9,6.6,1,,,8/27/24,8/27/24,8/20 tape 
C ,48,A ,361,,,,,,,,,,,7/9 wilting 
C ,48,B ,243,,,,,,,,,,,
C ,49,A ,1187,V ,0.96,0,0,NA ,1,2.5,1.3,10/23/24,,h = 7.4 
C ,49,B ,201,,,,,,,,,,,
C ,50,A ,907,,,,,,,,,,,
C ,50,B ,404,V ,1.71,0,0,NA ,1,4.1,4.1,10/23/24,,h = 6.9 
C ,51,A ,NA ,,,,,,,,,,,
C ,51,B ,NA ,,,,,,,,,,,
C ,52,A ,1409,V ,1.11,0,0,NA ,1,2.5,2,10/23/24,,h=4.1 
C ,52,B ,74,V ,1.06,0,0,NA ,1,1.5,1.1,10/23/24,,h=6.6 
C ,53,A ,248,,,,,,,,,,,
C ,53,B ,IH_3_8 ,,,,,,,,,,,
C ,54,A ,1255,,,,,,,,,,,
C ,54,B ,TM2_1_14 ,,,,,,,,,,,TM2 Fruiting from 2023 / one seedling 
C ,55,A ,YO7_1_4 ,P ,2.12,0,53,5.2,1,,,8/6/24,8/6/24,Dying buds 8/6 dehiscing/harvested 10 fruits 
C ,55,B ,1124,,,,,,,,,,,6/25/24 almost dead no leaves 
C ,56,A ,739,,,,,,,,,,,
C ,56,B ,1241,,,,,,,,,,,
C ,57,A ,34,,,,,,,,,,,6/18/24 wilting 
C ,57,B ,453,,,,,,,,,,,
C ,58,A ,395,V ,1.5,0,0,NA ,1,3.4,1.2,10/23/24,,h=5.7 
C ,58,B ,267,,,,,,,,,,,6/25/24 wilting 
C ,59,A ,buffer ,,,,,,,,,,,
C ,59,B ,buffer ,,,,,,,,,,,
C ,60,A ,buffer ,,,,,,,,,,,
C ,60,B ,buffer ,,,,,,,,,,,
C ,1,C ,buffer ,,,,,,,,,,,
C ,1,D ,buffer ,,,,,,,,,,,
C ,2,C ,SC_5_6 ,P ,2.13,0,1,5,1,,,8/27/24,9/17/24,mistakenly coded as buffer before 7/23 8/20 tape 10/9 tape 10/23 1 green fruit 
C ,2,D ,CC_9_6 ,P ,2.45,0,10,4.5,1,,,8/27/24,10/2/24,mistakenly coded as buffer before 7/23 8/20 tape 10/2 partial harvest 6 fruits/still has green fruit 10/9 tape 10/23 +4 fruits harvested 1 green fruit remaining 
C ,3,C ,buffer ,,,,,,,,,,,
C ,3,D ,87,,,,,,,,,,,6/18/24 wilting 
C ,4,C ,987,,,,,,,,,,,6/18/24 wilting 
C ,4,D ,buffer ,,,,,,,,,,,
C ,5,C ,666,,,,,,,,,,,6/18/24 wilting 
C ,5,D ,NA ,,,,,,,,,,,
C ,6,C ,1227,,,,,,,,,,,6/25/24 wilting 
C ,6,D ,1185,,,,,,,,,,,7/9/24 wilted 
C ,7,C ,1172,,,,,,,,,,,
C ,7,D ,487,,,,,,,,,,,6/18/24 wilting 
C ,8,C ,167,,,,,,,,,,,6/25/24 wilting 
C ,8,D ,1127,,,,,,,,,,,
C ,9,C ,752,,,,,,,,,,,7/2 wilting 
C ,9,D ,886,,,,,,,,,,,
C ,10,C ,303,,,,,,,,,,,7/9 wilted 
C ,10,D ,BH_3_6 ,,,,,,,,,,,6/18/24 No tag/ 7/2 stem broken at base 
C ,11,C ,763,,,,,,,,,,,6/25/24 wilting 
C ,11,D ,1397,,,,,,,,,,,6/25/24 wilting 
C ,12,C ,1286,,,,,,,,,,,6/25/24 wilting 
C ,12,D ,1,,,,,,,,,,,
C ,13,C ,736,,,,,,,,,,,7/9/24 wilting 
C ,13,D ,1245,,,,,,,,,,,
C ,14,C ,149,,,,,,,,,,,6/18/24 wilting 
C ,14,D ,1423,,,,,,,,,,,7/9/24 wilting 
C ,15,C ,41,,,,,,,,,,,6/25/24 wilting 
C ,15,D ,560,,,,,,,,,,,
C ,16,C ,130,,,,,,,,,,,
C ,16,D ,932,,,,,,,,,,,6/18/24 wilting 
C ,17,C ,371,,,,,,,,,,,
C ,17,D ,600,,,,,,,,,,,
C ,18,C ,NA ,,,,,,,,,,,
C ,18,D ,NA ,,,,,,,,,,,
C ,19,C ,309,,,,,,,,,,,7/16/24 wilting 
C ,19,D ,298,,,,,,,,,,,6/18/24 dead at planting 
C ,20,C ,790,,,,,,,,,,,
C ,20,D ,1123,,,,,,,,,,,6/18/24 wilting 
C ,21,C ,1311,,,,,,,,,,,7/2 wilting 
C ,21,D ,1186,,,,,,,,,,,6/25/24 wilting 
C ,22,C ,88,,,,,,,,,,,6/18/24 wilting 
C ,22,D ,737,V ,1.8,0,0,NA ,1,4.6,3.9,10/23/24,,h= 9.6
C ,23,C ,170,,,,,,,,,,,6/25/24 wilting 
C ,23,D ,TM2_4_12 ,P ,3.3,0,19,4.5,1,,,8/20/24,8/27/24,8/20 tape 
C ,24,C ,1243,,,,,,,,,,,7/9 wilted 
C ,24,D ,99,,,,,,,,,,,
C ,25,C ,364,,,,,,,,,,,
C ,25,D ,1108,,,,,,,,,,,7/2 wilting 
C ,28,C ,251,X,1.64,0,0,NA ,1,2.5,1.7,10/16/24,NA ,
C ,28,D ,265,V ,2.21,0,0,NA ,1,4.4,3.7,10/23/24,,h= 12.5 
C ,29,C ,711,V ,1.63,0,0,NA ,1,4,2.6,10/23/24,,h= 5.8 
C ,29,D ,393,,,,,,,,,,,7/9 wilted 
C ,30,C ,BH_4_7 ,P ,3.01,0,11,3.5,1,,,9/3/24,,8/20 tape 
C ,30,D ,961,,,,,,,,,,,
C ,31,C ,974,,,,,,,,,,,
C ,31,D ,853,,,,,,,,,,,6/25/24 gone 
C ,32,C ,859,,,,,,,,,,,
C ,32,D ,TM2_7_12 ,,,,,,,,,,,TM2 Fruiting from 2023 
C ,33,C ,TM2_2_5 ,,,,,,,,,,,TM2 Fruiting from 2023 
C ,33,D ,832,,,,,,,,,,,
C ,34,C ,564,,,,,,,,,,,
C ,34,D ,990,,,,,,,,,,,wilted 7/16/24 
C ,35,C ,NA ,,,,,,,,,,,
C ,35,D ,NA ,,,,,,,,,,,
C ,36,C ,NA ,,,,,,,,,,,
C ,36,D ,214,,,,,,,,,,,6/25/24 roots exposed 
C ,37,C ,CC_2_7 ,P ,4.67,0,43,5,1,,,8/27/24,9/17/24,8/20 tape 
C ,37,D ,714,V ,1.35,0,0,NA ,1,3.6,2.7,10/23/24,,h= 5.1 
C ,38,C ,YO7_1_3 ,P ,1.27,0,3,2.8,1,2,1.3,7/23/24,8/6/24,2 vegetative branches 
C ,38,D ,539,V ,1.38,0,0,NA ,1,3.8,3.6,10/23/24,,h= 6.1 
C ,39,C ,282,,,,,,,,,,,
C ,39,D ,1098,,,,,,,,,,,
C ,40,C ,489,,,,,,,,,,,7/16/24 wilted 
C ,40,D ,126,,,,,,,,,,,
C ,41,C ,266,,,,,,,,,,,
C ,41,D ,989,,,,,,,,,,,
C ,42,C ,174,,,,,,,,,,,
C ,42,D ,553,,,,,,,,,,,6/18/24 Top Missing 
C ,43,C ,1156,V ,1.51,0,0,NA ,1,1.5,1.4,10/23/24,,h= 6.4 
C ,43,D ,1048,V ,1.19,0,0,NA ,1,3.9,3.8,10/23/24,,h= 9.2 
C ,44,C ,1252,V ,1.32,0,0,NA ,1,3,1.2,10/23/24,,h= 4.5 
C ,44,D ,1085,V ,1.25,0,0,NA ,1,3.7,2.6,10/23/24,,h= 6.4 
C ,45,C ,NA ,,,,,,,,,,,
C ,45,D ,394,V ,1.48,0,0,NA ,1,4.9,1,10/23/24,,h= 3.9 
C ,46,C ,528,,,,,,,,,,,6/18/24 Plant Sunk 
C ,46,D ,429,,,,,,,,,,,6/18/24 Plant sunk wilting / 6/25/24 gone 
C ,47,C ,3,,,,,,,,,,,
C ,47,D ,1399,V ,1.17,0,0,NA ,1,2.4,1.1,10/23/24,,h= 3.8 
C ,48,C ,89,V ,1.44,0,0,NA ,1,3,1.9,10/23/24,,h=3.0 
C ,48,D ,946,,,,,,,,,,,6/25/24 wilting 
C ,49,C ,37,,,,,,,,,,,
C ,49,D ,518,,,,,,,,,,,
C ,50,C ,NA ,,,,,,,,,,,
C ,50,D ,NA ,,,,,,,,,,,
C ,51,C ,NA ,,,,,,,,,,,
C ,51,D ,754,,,,,,,,,,,7/9 wilted 
C ,52,C ,1062,,,,,,,,,,,7/2 wilting 
C ,52,D ,TM2_7_13 ,,,,,,,,,,,TM2 Fruiting from 2023 / 1 seedling / last year's notes say 
C ,53,C ,4,,,,,,,,,,,6/25/24 wilted 
C ,53,D ,1188,,,,,,,,,,,
C ,54,C ,885,,,,,,,,,,,
C ,54,D ,526,,,,,,,,,,,
C ,55,C ,202,,,,,,,,,,,6/25/24 wilted 
C ,55,D ,321,,,,,,,,,,,
C ,56,C ,842,,,,,,,,,,,
C ,56,D ,376,,,,,,,,,,,
C ,57,C ,957,,,,,,,,,,,6/25/24 wilted 
C ,57,D ,1148,,,,,,,,,,,6/25/24 wilted 
C ,58,C ,21,,,,,,,,,,,
C ,58,D ,176,,,,,,,,,,,6/25/24 very wilted 
C ,59,C ,buffer ,,,,,,,,,,,
C ,59,D ,buffer ,,,,,,,,,,,
C ,60,C ,buffer ,,,,,,,,,,,
C ,60,D ,buffer ,,,,,,,,,,,
D ,1,A ,buffer ,,,,,,,,,,,
D ,1,B ,buffer ,,,,,,,,,,,
D ,2,A ,buffer ,,,,,,,,,,,
D ,2,B ,buffer ,,,,,,,,,,,
D ,3,A ,buffer ,,,,,,,,,,,
D ,3,B ,IH_5_9 ,F,3.06,2,0,NA ,1,9.5,3,10/23/24,,mistakenly coded as buffer before 7/23 height : 20.2
D ,4,A ,724,,,,,,,,,,,6/25/24 very wilted 
D ,4,B ,906,,,,,,,,,,,6/25/24 wilting 
D ,5,A ,1230,,,,,,,,,,,6/25/24 wilting 
D ,6,B ,90,,,,,,,,,,,6/25/24 wilting 
D ,8,A ,101,,,,,,,,,,,7/2 wilting 
D ,9,A ,1350,,,,,,,,,,,6/25/24 wilted 
D ,9,B ,937,,,,,,,,,,,
D ,10,A ,283,,,,,,,,,,,7/9/24 wilted 
D ,10,B ,436,V ,2.07,0,0,NA ,1,5.2,4.7,10/23/24,,height: 8.7 
D ,11,A ,113,,,,,,,,,,,
D ,11,B ,546,,,,,,,,,,,6/25/24 wilted 
D ,12,A ,NA ,,,,,,,,,,,
D ,12,B ,NA ,,,,,,,,,,,
D ,13,A ,NA ,,,,,,,,,,,
D ,13,B ,304,V ,2.03,0,0,NA ,1,5.4,5,10/23/24,,height: 5.5
D ,14,A ,IH_7_9 ,,,,,,,,,,,
D ,14,B ,5,,,,,,,,,,,6/25/24 wilted 
D ,15,A ,119,,,,,,,,,,,
D ,15,B ,91,,,,,,,,,,,
D ,16,A ,268,,,,,,,,,,,
D ,16,B ,1107,V ,2.17,0,0,NA ,1,3.9,1.8,10/23/24,,height: 4.8 
D ,17,A ,CC 9 9 ,,,,,,,,,,,
D ,17,B ,162,,,,,,,,,,,
D ,18,A ,203,,,,,,,,,,,7/9 wilted 
D ,18,B ,403,V ,2.83,0,0,NA ,1,4.2,3.1,10/23/24,,height: 3.9 
D ,19,A ,TM2_7_ 18 ,P ,3.01,0,15,3.3,1,15,13.2,10/23/24,10/23/24,"10/9 tape /partial harvest height:27.3; 3 fruit 10/23 collected 3 fruit, rest still green"
D ,19,B ,CC_4_9 ,,,,,,,,,,8/20/24,Stem broken 8/20 harvested fruit on broken repro stem 
D ,20,A ,988,,,,,,,,,,,
D ,20,B ,141,V ,0.97,0,0,NA ,1,1,0.5,10/23/24,,height 2.6 previously marked dead 10/16
D ,21,A ,SC_5_9 ,,,,,,,,,,,7/16 Wilting 
D ,21,B ,798,,,,,,,,,,,6/25/24 wilting 7/2 wilting 
D ,22,A ,467,,,,,,,,,,,6/25/24 wilting 
D ,22,B ,607,,,,,,,,,,,6/25/24 wilting 7/2 wilting 
D ,23,A ,1231,,,,,,,,,,,6/25/24 snapped off 
D ,23,B ,22,,,,,,,,,,,
D ,24,A ,969,,,,,,,,,,,6/25/24 wilting 
D ,24,B ,IH_1_9 ,,,,,,,,,,,
D ,25,A ,447,,,,,,,,,,,7/9/24 Ant hill Formed 
D ,25,B ,358,,,,,,,,,,,7/9 wilted 
D ,26,A ,950,,,,,,,,,,,6/25/24 wilting 
D ,26,B ,148,,,,,,,,,,,7/9 wilted 
D ,27,A ,1401,,,,,,,,,,,6/25/24 wilting 
D ,27,B ,756,,,,,,,,,,,
D ,28,A ,495,,,,,,,,,,,
D ,28,B ,1244,,,,,,,,,,,6/25/24 wilting 7/2 wilting 
D ,29,A ,75,,,,,,,,,,,7/2 wilting 
D ,29,B ,315,,,,,,,,,,,
D ,30,A ,NA ,,,,,,,,,,,
D ,30,B ,NA ,,,,,,,,,,,
D ,31,A ,103,V ,1.71,0,0,NA ,1,5.3,2.8,10/23/24,,height: 10.5 
D ,31,B ,813,,,,,,,,,,,6/25/24 wilting 
D ,32,A ,92,,,,,,,,,,,
D ,32,B ,538,,,,,,,,,,,
D ,33,A ,269,,,,,,,,,,,
D ,33,B ,741,,,,,,,,,,,7/2 wilting 
D ,34,A ,1280,V ,1.21,0,0,NA ,1,2.1,1.8,10/23/24,,height 3.7 
D ,34,B ,246,V ,3.4,0,0,NA ,1,4.7,4.7,10/23/24,,height: 5.4 
D ,35,A ,1101,V ,1.98,0,0,NA ,1,4.9,4.4,10/23/24,,height: 9.3 
D ,36,A ,503,V ,2.08,0,0,NA ,1,6.8,4.8,10/23/24,,height: 16.8 
D ,36,B ,190,V ,0.97,0,0,NA ,1,3.2,2.6,10/23/24,,height: 3.6 
D ,37,A ,1514,,,,,,,,,,,Dead at planting 
D ,37,B ,531,,,,,,,,,,,6/25/24 wilted 
D ,38,A ,713,,,,,,,,,,,7/9 wilted 
D ,38,B ,6,,,,,,,,,,,6/25/24 roots exposed 
D ,39,A ,350,,,,,,,,,,,
D ,39,B ,484,X ,1.24,0,0,NA ,1,1.9,0.7,10/2/24,,
D ,40,A ,1214,,,,,,,,,,,6/25/24 wilted 7/2 wilting 
D ,40,B ,BH_7_8 ,P ,2.07,0,6,7,1,,,8/6/24,8/27/24,8/13 tape fruit 
D ,41,A ,757,,,,,,,,,,,
D ,41,B ,559,,,,,,,,,,,
D ,42,A ,1232,,,,,,,,,,,6/25/24 gone 
D ,42,B ,897,,,,,,,,,,,7/2 wilted 
D ,43,A ,1190,,,,,,,,,,,
D ,43,B ,40,,,,,,,,,,,
D ,44,A ,895,V ,0.88,0,0,NA ,1,0.5,0.4,10/23/24,,height: 3.0 
D ,44,B ,NA ,,,,,,,,,,,
D ,45,A ,205,,,,,,,,,,,
D ,45,B ,960,,,,,,,,,,,
D ,46,A ,1023,,,,,,,,,,,
D ,46,B ,398,V ,1.78,0,0,NA ,1,4.8,2.9,10/23/24,,height: 6.3 
D ,47,A ,NA ,,,,,,,,,,,
D ,47,B ,157,,,,,,,,,,,6/25/24 wilting 
D ,48,A ,485,V ,0.81,0,0,NA ,1,1.8,1.7,10/23/24,NA ,height: 8.4 marked dead 10/16 but alive 10/23
D ,48,B ,1403,V ,1.48,0,0,NA ,1,4.5,3.2,10/23/24,,height: 7.0 
D ,49,A ,7,,,,,,,,,,,
D ,49,B ,778,,,,,,,,,,,
D ,50,A ,270,,,,,,,,,,,
D ,50,B ,490,,,,,,,,,,,
D ,51,A ,77,V ,1.52,0,0,NA ,1,3.1,2.3,10/23/24,,height: 5.3 
D ,51,B ,632,,,,,,,,,,,
D ,52,A ,299,V ,1.18,0,0,NA ,1,1.5,1.1,10/23/24,,height: 3.7
D ,52,B ,326,X ,1.53,0,0,NA ,1,NA ,NA ,10/9/24,NA ,10/9 only a stem 
D ,53,A ,522,V ,1.38,0,0,NA ,1,4.2,2.5,10/23/24,,height: 7.7 
D ,53,B ,NA ,,,,,,,,,,,
D ,54,A ,1117,,,,,,,,,,,
D ,54,B ,1387,,,,,,,,,,,6/25/24 wilting 
D ,55,A ,254,X ,1.13,0,0,NA ,1,1.5,1.8,10/2/24,NA ,
D ,55,B ,181,,,,,,,,,,,
D ,56,A ,558,,,,,,,,,,,6/25/24 gone 
D ,56,B ,NA ,,,,,,,,,,,
D ,57,A ,1242,,,,,,,,,,,6/25/24 wilting 
D ,57,B ,1344,,,,,,,,,,,Broken stem at planting 
D ,58,A ,buffer ,,,,,,,,,,,
D ,58,B ,1327,V ,1.18,0,0,NA ,1,4,3.8,10/23/24,,height: 3.6 Broken stem at planting 
D ,59,A ,114,,,,,,,,,,,
D ,59,B ,buffer ,,,,,,,,,,,
D ,1,C ,buffer ,,,,,,,,,,,
D ,1,D ,buffer ,,,,,,,,,,,
D ,2,C ,buffer ,,,,,,,,,,,
D ,2,D ,buffer ,,,,,,,,,,,
D ,3,C ,buffer ,,,,,,,,,,,
D ,3,D ,buffer ,,,,,,,,,,,
D ,4,C ,488,,,,,,,,,,,6/25/24 wilted 
D ,4,D ,504,,,,,,,,,,,7/2 wilted 
D ,5,C ,772,,,,,,,,,,,7/2 wilted 
D ,5,D ,165,,,,,,,,,,,
D ,7,C ,213,,,,,,,,,,,7/2 wilted 
D ,8,D ,345,,,,,,,,,,,6/25/24 wilted 7/2 wilted 
D ,9,C ,1400,,,,,,,,,,,6/25/24 wilted 7/2 wilted 
D ,9,D ,135,,,,,,,,,,,
D ,10,C ,986,X ,NA ,0,0,NA ,NA ,NA ,NA ,9/24/24,NA ,7/2 wilted 
D ,10,D ,552,V ,1.62,0,0,NA ,1,5.5,4.6,10/23/24,,height 9.9 
D ,11,C ,482,,,,,,,,,,,
D ,11,D ,359,X ,1.32,0,0,NA ,1,1,0.5,10/23/24,,height: 4.6 
D ,12,C ,144,V ,1.34,0,0,NA ,1,2.5,2.2,10/23/24,,height: 3.8 
D ,12,D ,NA ,,,,,,,,,,,
D ,13,C ,755,,,,,,,,,,,7/2 wilted 
D ,13,D ,1159,,,,,,,,,,,
D ,14,C ,934,,,,,,,,,,,7/2 wilting 
D ,14,D ,180,,,,,,,,,,,6/25/24 wilted 
D ,15,C ,324,,,,,,,,,,,7/2 wilting 
D ,15,D ,102,,,,,,,,,,,
D ,16,C ,1510,,,,,,,,,,,
D ,16,D ,396,,,,,,,,,,,
D ,17,C ,1176,,,,,,,,,,,7/2 wilting 
D ,17,D ,1084,,,,,,,,,,,
D ,18,C ,1281,,,,,,,,,,,
D ,18,D ,548,,,,,,,,,,,
D ,19,C ,578,,,,,,,,,,,
D ,19,D ,1005,,,,,,,,,,,
D ,20,C ,509,,,,,,,,,,,6/25/24 wilted 
D ,20,D ,525,X ,1.02,0,0,NA ,NA ,NA ,NA ,9/24/24,NA ,
D ,21,C ,53,V ,2.09,0,0,NA ,1,3.3,1.8,10/23/24,,height: 4.4 
D ,21,D ,252,,,,,,,,,,,7/9/24 wilted 
D ,22,C ,1345,,,,,,,,,,,6/25/24 roots exposed 
D ,22,D ,815,V ,1.44,0,0,NA ,1,4,2.8,10/23/24,,height: 3.6 
D ,23,C ,338,,,,,,,,,,,
D ,23,D ,704,,,,,,,,,,,6/25/24 roots exposed 
D ,24,C ,348,X ,NA ,0,0,NA ,NA ,NA ,NA ,9/24/24,NA ,7/9/24 wilted 
D ,24,D ,301,,,,,,,,,,,
D ,25,C ,CC_2_9 ,,,,,,,,,,,6/25/24 stem snapped 
D ,25,D ,882,,,,,,,,,,,7/9 wilted 
D ,26,C ,SC_8_15 ,P ,3.82,0,14,6.4,1,,,8/27/24,10/2/24,8/20 tape 10/2 10 harvested 
D ,26,D ,911,,,,,,,,,,,7/2 wilting 
D ,27,C ,562,,,,,,,,,,,
D ,27,D ,1114,,,,,,,,,,,
D ,28,C ,740,,,,,,,,,,,
D ,28,D ,483,,,,,,,,,,,6/25/24 no leaves 
D ,29,C ,NA ,,,,,,,,,,,
D ,29,D ,NA ,,,,,,,,,,,
D ,30,C ,1469,V ,1.37,0,0,NA ,1,2.9,2.8,10/23/24,,height: 5.9 
D ,30,D ,NA ,,,,,,,,,,,
D ,31,C ,NA ,,,,,,,,,,,
D ,31,D ,NA ,,,,,,,,,,,
D ,32,C ,767,,,,,,,,,,,
D ,32,D ,1402,,,,,,,,,,,
D ,33,C ,150,,,,,,,,,,,7/2 wilting 
D ,33,D ,129,,,,,,,,,,,
D ,34,C ,879,,,,,,,,,,,6/25/24 wilted and uprooted 
D ,34,D ,601,,,,,,,,,,,6/25/24 wilted 
D ,35,C ,127,,,,,,,,,,,
D ,35,D ,228,,,,,,,,,,,Dead at planting 
D ,36,C ,204,V ,1.05,0,0,NA ,1,3.2,2.9,10/23/24,,height: 3.6 
D ,36,D ,640,,,,,,,,,,,6/25/24 roots exposed 7/2 wilting 
D ,37,C ,1189,,,,,,,,,,,7/2 wilting 
D ,37,D ,312,X ,0.85,0,0,NA ,1,3.1,2,10/16/24,,
D ,38,C ,1269,NA ,NA ,NA ,NA ,NA ,NA ,NA ,NA ,10/16/24,NA ,10/16 missing 
D ,38,D ,1339,,,,,,,,,,,6/25/24 wilted 
D ,39,C ,397,,,,,,,,,,,
D ,39,D ,253,,,,,,,,,,,
D ,40,C ,IH_5_8 ,,,,,,,,,,,6/25/24 wilting 
D ,40,D ,1430,V ,2.29,0,0,NA ,1,5,4.7,10/23/24,,height 8.1 
D ,41,C ,1165,,,,,,,,,,,7/2 wilting 
D ,41,D ,1404,V ,1.57,0,0,NA ,1,5.4,3.1,10/23/24,,height:7.0 
D ,42,C ,161,X ,NA ,0,0,NA ,NA ,NA ,NA ,9/24/24,NA ,
D ,42,D ,795,,,,,,,,,,,
D ,43,C ,491,V ,1.45,0,0,NA ,1,3.1,2.8,10/23/24,,height: 7.5 
D ,43,D ,76,V ,1.92,0,0,NA ,1,3,2,10/23/24,,height: 8.0 
D ,44,C ,363,V ,2.89,0,0,NA ,1,1.8,1.5,10/23/24,,height: 5.5 
D ,44,D ,297,,,,,,,,,,,
D ,45,C ,385,V ,2.06,0,0,NA ,1,1,10,10/23/24,,heights 9.4 
D ,45,D ,1233,,,,,,,,,,,
D ,46,C ,542,,,,,,,,,,,Broken stem at planting 
D ,46,D ,917,,,,,,,,,,,
D ,47,C ,104,,,,,,,,,,,
D ,47,D ,758,,,,,,,,,,,
D ,48,C ,1211,,,,,,,,,,,
D ,48,D ,133,,,,,,,,,,,
D ,49,C ,212,,,,,,,,,,,6/25/24 wilting 
D ,49,D ,1313,,,,,,,,,,,6/25/24 wilting 
D ,50,C ,992,,,,,,,,,,,
D ,50,D ,1154,,,,,,,,,,,
D ,51,C ,IH_1_8 ,P ,4.29,0,28,6.1,1,,,8/24/24,9/24/24,8/20 tape 
D ,51,D ,175,,,,,,,,,,,
D ,52,C ,1271,,,,,,,,,,,
D ,52,D ,93,,,,,,,,,,,
D ,53,C ,310,,,,,,,,,,,6/25/24 wilting 
D ,53,D ,742,,,,,,,,,,,
D ,54,C ,1191,,,,,,,,,,,
D ,54,D ,762,,,,,,,,,,,
D ,55,C ,SC_4_8 ,P ,2.95,0,10,7.3,1,,,8/20/24,8/20/24,Wilting flowers 8/20 tape 
D ,55,D ,936,V ,1.44,0,0,NA ,1,3.3,2.4,10/23/24,,height: 7.0 
D ,56,C ,511,,,,,,,,,,,
D ,56,D ,608,V ,1.66,0,0,NA ,1,4.3,1.2,10/23/24,,height: 5.2 
D ,57,C ,NA ,,,,,,,,,,,
D ,57,D ,NA ,,,,,,,,,,,
D ,58,C ,buffer ,,,,,,,,,,,
D ,58,D ,buffer ,,,,,,,,,,,
D ,59,C ,buffer ,,,,,,,,,,,
D ,59,D ,buffer ,,,,,,,,,,,
E ,1,A ,buffer ,,,,,,,,,,,
E ,1,B ,buffer ,,,,,,,,,,,
E ,2,A ,buffer ,,,,,,,,,,,
E ,2,B ,buffer ,,,,,,,,,,,
E ,3,A ,buffer ,,,,,,,,,,,
E ,3,B ,buffer ,,,,,,,,,,,
E ,4,A ,NA ,,,,,,,,,,,
E ,4,B ,NA ,,,,,,,,,,,
E ,5,A ,958,,,,,,,,,,,6/25/24 wilting 
E ,5,B ,218,,,,,,,,,,,Stem bent at planting 
E ,6,B ,498,,,,,,,,,,,6/25/24 wilting 
E ,7,A ,700,,,,,,,,,,,
E ,7,B ,1496,,,,,,,,,,,7/2 wilting 
E ,8,A ,883,,,,,,,,,,,7/9 wilting 
E ,8,B ,TM2_6_2 ,,,,,,,,,,,TM2 fruiting from 2023 
E ,9,A ,928,,,,,,,,,,,6/25/24 wilted 
E ,10,A ,399,V ,2.77,0,0,NA ,1,7.5,3.2,10/23/24,,height 9.5 
E ,10,B ,727,,,,,,,,,,,6/25/24 wilted 
E ,11,A ,566,,,,,,,,,,,6/25/24 wilted 
E ,11,B ,998,,,,,,,,,,,7/2 wilting 
E ,12,A ,158,,,,,,,,,,,
E ,12,B ,1253,,,,,,,,,,,7/9 wilting 
E ,13,A ,454,,,,,,,,,,,6/25/24 wilting 
E ,14,A ,173,,,,,,,,,,,
E ,14,B ,25,,,,,,,,,,,
E ,15,A ,8,,,,,,,,,,,
E ,15,B ,777,,,,,,,,,,,6/25/24 wilted 
E ,16,A ,690,,,,,,,,,,,7/2 wilting 
E ,16,B ,206,,,,,,,,,,,6/25/24 wilted 7/2 wilting 
E ,17,A ,770,,,,,,,,,,,
E ,17,B ,944,X ,NA ,0,0,NA ,NA ,NA ,NA ,9/24/24,NA ,
E ,18,A ,916,,,,,,,,,,,
E ,18,B ,372,V ,2.42,0,0,NA ,1,4.5,2.5,10/23/24,,height: 8.2 
E ,19,A ,78,,,,,,,,,,,6/25/24 wilting 
E ,19,B ,105,,,,,,,,,,,
E ,20,A ,271,,,,,,,,,,,7/9 wilting 
E ,20,B ,94,,,,,,,,,,,6/25/24 wilted 
E ,21,A ,CC_5_10 ,P ,2.81,NA ,2,4,1,16.6,13.1,8/27/24,8/27/24,8/13 tape fruit 
E ,21,B ,NA ,,,,,,,,,,,
E ,22,A ,IH_2_10 ,,,,,,,,,,,
E ,22,B ,NA ,,,,,,,,,,,
E ,23,A ,400,V ,1.08,0,0,NA ,1,2.6,0.8,10/23/24,,height: 3.6 
E ,23,B ,WR_3_2 ,P ,4.62,0,30,6.5,1,40.9,10.1,8/27/24,9/24/24,7/16 Snapped side stem/small flowers 8/20 tape 
E ,24,A ,761,,,,,,,,,,,
E ,24,B ,431,,,,,,,,,,,
E ,25,A ,1429,,,,,,,,,,,7/2 wilting 
E ,25,B ,TM2_1_15 ,,,,,,,,,,,TM2 fruiting from 2023 
E ,26,A ,296,,,,,,,,,,,
E ,26,B ,563,,,,,,,,,,,
E ,27,A ,95,V ,1.04,0,0,NA ,1,3.1,2.7,10/23/24,,height: 2.8
E ,27,B ,1319,,,,,,,,,,,7/9 wilting 
E ,28,A ,715,,,,,,,,,,,Dead at planting 
E ,28,B ,151,,,,,,,,,,,6/25/24 wilted 
E ,29,A ,TM2_1_9 ,,,,,,,,,,,TM2 fruiting from 2023 
E ,29,B ,707,,,,,,,,,,,Very small no leaves / buried under soil at planting 
E ,41,A ,1342,,,,,,,,,,,6/25/24 wilted 
E ,41,B ,851,,,,,,,,,,,
E ,42,A ,207,,,,,,,,,,,6/25/24 wilted 
E ,42,B ,1248,,,,,,,,,,,6/25/24 wilted 
E ,43,A ,369,V ,1.43,0,0,NA ,1,2.8,1.8,10/23/24,,height'10.8 
E ,43,B ,1389,,,,,,,,,,,6/25/24 wilted 
E ,44,A ,168,,,,,,,,,,,6/25/24 wilted 
E ,44,B ,SC_4_10 ,P ,4.81,0,27,7,1,33.4,31.8,8/27/24,9/17/24,8/20 tape 
E ,45,A ,1025,,,,,,,,,,,6/25/24 plant gone 
E ,45,B ,142,,,,,,,,,,,
E ,46,A ,1147,,,,,,,,,,,
E ,46,B ,IH_3_11 ,P ,4.2,0,11,6.1,1,,,9/3/24,10/9/24,8/20 tape 1019 harvested 10 
E ,47,A ,BH_4_11 ,P ,2.9,0,20,8.1,1,13.1,9.7,8/13/24,9/3/24,
E ,47,B ,505,,,,,,,,,,,6/25/24 wilting 
E ,48,A ,SC_5_11 ,P ,4.09,0,4,5.9,1,,,9/3/24,10/9/24,10/9 full harvest 4 fruit 
E ,48,B ,1037,,,,,,,,,,,
E ,49,A ,YO7_4_3 ,P ,1.45,0,7,2.5,2,6,5.4,8/13/24,8/27/24,6/25/24 started budding last week 
E ,49,B ,TM2_6_4 ,P ,1.37,0,2,3.7,1,,,9/3/24,10/9/24,10/9 full harvest 8/20 tape / fruit 
E ,50,A ,774,,,,,,,,,,,6/25/24 wilting 
E ,50,B ,1193,V ,1.41,0,0,NA ,1,2.7,2.3,10/23/24,,height: 4.0 
E ,51,A ,334,V ,1.56,0,0,NA ,1,2.5,1.8,10/23/24,,height: 6.4 
E ,51,B ,NA ,,,,,,,,,,,
E ,52,A ,buffer ,,,,,,,,,,,
E ,52,B ,buffer ,,,,,,,,,,,
E ,53,A ,buffer ,,,,,,,,,,,
E ,53,B ,buffer ,,,,,,,,,,,
E ,1,C ,buffer ,,,,,,,,,,,
E ,1,D ,buffer ,,,,,,,,,,,
E ,2,C ,buffer ,,,,,,,,,,,
E ,2,D ,buffer ,,,,,,,,,,,
E ,3,C ,buffer ,,,,,,,,,,,
E ,3,D ,buffer ,,,,,,,,,,,
E ,4,C ,1457,,,,,,,,,,,
E ,4,D ,1234,,,,,,,,,,,
E ,5,C ,250,,,,,,,,,,,6/25/24 wilted 
E ,5,D ,875,,,,,,,,,,,
E ,6,C ,527,,,,,,,,,,,6/25/24 wilted 
E ,6,D ,743,,,,,,,,,,,
E ,7,C ,1103,,,,,,,,,,,
E ,7,D ,1406,V ,1.89,0,0,NA ,1,6.5,4.9,10/23/24,,height: 6.4
E ,8,C ,1212,,,,,,,,,,,6/25/24 rooted exposed 
E ,8,D ,486,,,,,,,,,,,6/25/24 wilting 
E ,9,C ,293,,,,,,,,,,,
E ,9,D ,1335,,,,,,,,,,,
E ,10,C ,1247,,,,,,,,,,,6/25/24 wilting 
E ,10,D ,1192,,,,,,,,,,,6/25/24 wilting 
E ,11,C ,682,,,,,,,,,,,
E ,11,D ,378,,,,,,,,,,,6/25/24 wilting 
E ,12,C ,235,,,,,,,,,,,6/25/24 wilting 
E ,12,D ,909,,,,,,,,,,,6/25/24 wilting 7/2/24 wilting 
E ,13,C ,605,,,,,,,,,,,
E ,13,D ,1490,V ,2.69,0,0,NA ,1,8.5,7.2,10/23/24,,height: 7.6 
E ,14,C ,308,,,,,,,,,,,6/25/24 wilting 
E ,14,D ,437,,,,,,,,,,,
E ,15,C ,517,,,,,,,,,,,6/25/24 wilting 
E ,16,C ,140,,,,,,,,,,,
E ,17,C ,116,,,,,,,,,,,6/25/24 wilting 
E ,17,D ,545,,,,,,,,,,,6/25/24 roots exposed 
E ,18,C ,1167,,,,,,,,,,,6/25/24 wilted 
E ,18,D ,178,,,,,,,,,,,6/25/24 wilted 
E ,19,C ,1388,,,,,,,,,,,7/2/24 wilting 
E ,19,D ,255,V ,1.12,0,0,NA ,1,2.5,2.4,10/23/24,,height: 6.0 10/23 dying 
E ,20,C ,NA ,,,,,,,,,,,
E ,20,D ,BH_2_10 ,P ,3.29,0,32,7.4,1,26.2,12.5,8/20/24,9/3/24,replaced 8/13 census date with 8/20 since census was done then 8/20 tape 
E ,21,C ,YO7_5_5 ,,,,,,,,,,,
E ,21,D ,NA ,,,,,,,,,,,
E ,22,C ,568,,,,,,,,,,,
E ,22,D ,1235,,,,,,,,,,,
E ,23,C ,BH_1_10 ,,,,,,,,,,,
E ,23,D ,IH_5_10 ,,,,,,,,,,,
E ,24,C ,272,,,,,,,,,,,6/25/24 wilted 
E ,24,D ,117,,,,,,,,,,,6/25/24 wilted 
E ,25,C ,244,,,,,,,,,,,
E ,25,D ,637,,,,,,,,,NA ,,10/16 plant missing note in its place 
E ,26,C ,106,,,,,,,,,,,
E ,26,D ,26,,,,,,,,,,,
E ,27,C ,BH 4 10 ,P ,4.2,1,24,6.5,1,23.2,8.8,9/3/24,9/17/24,8/20 tape 
E ,27,D ,79,V ,2.62,0,0,NA ,1,6.1,4.7,10/23/24,,height: 10.2 
E ,28,C ,744,,,,,,,,,,,6/25/24 roots exposed 
E ,28,D ,9,,,,,,,,,,,Very small / burried under soil at planting 
E ,29,C ,182,,,,,,,,,,,
E ,29,D ,IH 4 10 ,P ,4.46,2,10,9,1,,,9/3/24,,10/9 taped 8/20 tape 
E ,41,C ,956,,,,,,,,,,,
E ,41,D ,904,,,,,,,,,,,
E ,42,C ,1424,,,,,,,,,,,
E ,42,D ,256,,,,,,,,,,,
E ,43,C ,1259,,,,,,,,,,,
E ,43,D ,IH 1 10 ,P ,2.36,0,5,6.5,1,30,9.9,8/13/24,8/27/24,
E ,44,C ,470,,,,,,,,,,,6/25/24 wilted 
E ,44,D ,940,,,,,,,,,,,
E ,45,C ,1120,,,,,,,,,,,
E ,45,D ,471,,,,,,,,,,,
E ,46,C ,594,,,,,,,,,,,Broken stem at planting 
E ,46,D ,549,,,,,,,,,,,
E ,47,C ,216,,,,,,,,,,,6/25/24 wilted 
E ,47,D ,500,,,,,,,,,,,
E ,48,C ,328,X ,1.61,0,0,NA ,1,NA ,NA ,10/9/24,NA ,10/9 only stem 
E ,48,D ,728,,,,,,,,,,,6/25/24 wilted 
E ,49,C ,380,V ,1.87,0,0,NA ,1,3,1.6,10/23/24,,height: 8.9 
E ,49,D ,519,,,,,,,,,,,
E ,50,C ,318,,,,,,,,,,,
E ,50,D ,IH_5_11 ,P ,2.02,0,4,3.4,1,,,8/6/24,8/13/24,8/20 no fruit 
E ,51,C ,NA ,,,,,,,,,,,
E ,51,D ,NA ,,,,,,,,,,,
E ,52,C ,buffer ,,,,,,,,,,,
E ,52,D ,buffer ,,,,,,,,,,,
E ,53,C ,buffer ,,,,,,,,,,,
E ,53,D ,buffer ,,,,,,,,,,,
F ,1,A ,buffer ,,,,,,,,,,,
F ,1,B ,buffer ,,,,,,,,,,,
F ,2,A ,buffer ,,,,,,,,,,,
F ,2,B ,buffer ,,,,,,,,,,,
F ,3,A ,buffer ,,,,,,,,,,,
F ,3,B ,buffer ,,,,,,,,,,,
F ,4,A ,NA ,,,,,,,,,,,
F ,4,B ,12,,,,,,,,,,,
F ,5,A ,952,,,,,,,,,,,6/25/24 wilted 
F ,6,A ,768,,,,,,,,,,,6/25/24 wilted 
F ,6,B ,1118,,,,,,,,,,,No leaves at planting 
F ,7,A ,993,,,,,,,,,,,6/25/24 wilted 
F ,7,B ,IH_1_12 ,X ,2.05,0,0,NA ,1,3.8,0.6,10/23/24,,height: 22.2
F ,8,A ,535,,,,,,,,,,,6/25/24 wilted 
F ,8,B ,729,,,,,,,,,,,7/9 gone 
F ,9,A ,273,,,,,,,,,,,6/25/24 wilted 
F ,9,B ,1390,,,,,,,,,,,
F ,10,A ,1169,,,,,,,,,,,
F ,10,B ,1146,,,,,,,,,,,6/25/24 wilted 
F ,11,A ,23,,,,,,,,,,,exposed roots / reburied 6/25/24 wilting 
F ,11,B ,510,,,,,,,,,,,
F ,12,A ,80,,,,,,,,,,,
F ,12,B ,1178,,,,,,,,,,,6/25/24 wilted 
F ,13,A ,645,,,,,,,,,,,
F ,13,B ,160,,,,,,,,,,,7/9/24 wilted 
F ,14,A ,529,,,,,,,,,,,
F ,14,B ,1251,,,,,,,,,,,Missing 
F ,15,A ,712,,,,,,,,,,,
F ,15,B ,1200,,,,,,,,,,,
F ,16,A ,1463,V ,0.91,0,0,NA ,1,1.9,1.1,,,h= 3.6 
F ,16,B ,401,,,,,,,,,,,
F ,17,A ,146,,,,,,,,,,,
F ,17,B ,377,,,,,,,,,,,
F ,18,A ,131,,,,,,,,,,,
F ,18,B ,208,,,,,,,,,,,Missing 
F ,19,A ,1061,,,,,,,,,,,
F ,19,B ,NA ,,,,,,,,,,,
F ,20,A ,1321,V ,2.38,0,0,NA ,1,4.1,3,10/23/24,,h= 8.5 
F ,20,B ,1338,,,,,,,,,,,
F ,21,A ,1270,,,,,,,,,,,6/18 extremely wilted 
F ,21,B ,520,V ,1.27,0,0,NA ,1,1.6,0.8,10/23/24,,h= 8.4 
F ,22,A ,492,V ,1.72,0,0,NA ,1,4.7,4,10/23/24,,h = 9.0 
F ,22,B ,515,,,,,,,,,,,
F ,23,A ,1170,,,,,,,,,,,
F ,23,B ,108,,,,,,,,,,,
F ,24,A ,TM2_2_4 ,,,,,,,,,,,mistakenly coded as TM2-fruiting prior 7/23 / had fruits in 2023 and survived winter 
F ,24,B ,81,,,,,,,,,,,
F ,25,A ,402,V ,1.99,0,0,NA ,1,6,4.1,10/23/24,,h= 6.9 
F ,25,B ,367,,,,,,,,,,,
F ,26,A ,WL2_8_4 ,P ,1.19,0,5,0.5,,,,9/3/24,8/13/24,6/25/24 was budding last week/not marked 8/13 harvested 4 matrue fruit still has unmature fruit 
F ,26,B ,13,,,,,,,,,,,
F ,27,A ,1391,,,,,,,,,,,6/25/24 wilted 
F ,27,B ,138,,,,,,,,,,,
F ,39,A ,861,V ,2.07,0,0,NA ,1,2.9,2.2,10/23/24,,h= 7.4 
F ,39,B ,1237,,,,,,,,,,,
F ,40,A ,1009,,,,,,,,,,,
F ,40,B ,NA ,,,,,,,,,,,
F ,41,A ,425,,,,,,,,,,,
F ,41,B ,547,V ,1.15,0,0,NA ,1,3,2.6,10/23/24,,h= 8.6 
F ,42,A ,1179,,,,,,,,,,,
F ,42,B ,CC_3_11 ,P ,2.19,0,6,4.6,1,12.5,7.8,8/13/24,10/9/24,10/9 only 3 fruits on plant tiny flowers 7/16 8/20 tape 
F ,43,A ,678,,,,,,,,,,,6/18/24 extremely wilted 
F ,43,B ,CC_8_11 ,X ,0.97,0,0,NA ,1,4.1,0.6,9/17/24,NA ,9/17 no fruit
F ,44,A ,NA ,,,,,,,,,,,
F ,44,B ,NA ,,,,,,,,,,,
F ,45,A ,172,,,,,,,,,,,6/25/24 wilted 
F ,45,B ,896,,,,,,,,,,,Dead at planting 
F ,46,A ,buffer ,,,,,,,,,,,
F ,46,B ,buffer ,,,,,,,,,,,
F ,47,A ,buffer ,,,,,,,,,,,
F ,47,B ,buffer ,,,,,,,,,,,
F ,1,C ,buffer ,,,,,,,,,,,
F ,1,D ,buffer ,,,,,,,,,,,
F ,2,C ,buffer ,,,,,,,,,,,
F ,2,D ,buffer ,,,,,,,,,,,
F ,3,C ,buffer ,,,,,,,,,,,
F ,3,D ,buffer ,,,,,,,,,,,
F ,4,C ,1047,,,,,,,,,,,6/25/24 wilted 
F ,4,D ,472,,,,,,,,,,,6/25/24 wilted 
F ,5,C ,NA ,,,,,,,,,,,
F ,5,D ,820,,,,,,,,,,,6/25/24 wilted 
F ,6,C ,745,,,,,,,,,,,
F ,6,D ,565,V ,1.16,0,0,NA ,1,3.6,2.6,10/23/24,,h= 4.5 
F ,7,C ,1236,,,,,,,,,,,
F ,7,D ,1249,,,,,,,,,,,
F ,8,C ,SC_6_12 ,V ,2.57,0,0,NA ,1,3,2.1,10/23/24,,h= 4.9 
F ,8,D ,496,,,,,,,,,,,
F ,9,C ,930,,,,,,,,,,,6/18/24 no leaves 
F ,9,D ,1065,,,,,,,,,,,
F ,10,C ,NA ,,,,,,,,,,,
F ,10,D ,115,,,,,,,,,,,6/25/24 wilted 
F ,11,C ,965,,,,,,,,,,,6/25/24 wilted 
F ,11,D ,257,,,,,,,,,,,extremly wilted 
F ,12,C ,1440,,,,,,,,,,,7/9/24 wilted 
F ,12,D ,107,,,,,,,,,,,6/25/24 wilted 
F ,13,C ,432,,,,,,,,,,,
F ,13,D ,188,,,,,,,,,,,6/25/24 wilted 
F ,14,C ,357,,,,,,,,,,,7/9/24 wilted 
F ,14,D ,302,,,,,,,,,,,
F ,15,C ,455,,,,,,,,,,,
F ,15,D ,689,,,,,,,,,,,
F ,16,C ,316,,,,,,,,,,,6/18/24 roots exposed/reburied / 6/25/24 wilted 
F ,16,D ,NA ,,,,,,,,,,,
F ,17,C ,1008,,,,,,,,,,,
F ,17,D ,NA ,,,,,,,,,,,
F ,18,C ,1453,,,,,,,,,,,
F ,18,D ,64,V ,1.21,0,0,NA ,1,2.2,1.6,10/23/24,,h= 5.2
F ,19,C ,NA ,,,,,,,,,,,
F ,19,D ,217,,,,,,,,,,,6/25/24 wilted 
F ,20,C ,1222,,,,,,,,,,,
F ,20,D ,381,V ,2.01,0,0,NA ,1,3.4,2.6,10/23/24,,h= 7.5 
F ,21,C ,258,,,,,,,,,,,6/25/24 wilted 
F ,21,D ,730,,,,,,,,,,,
F ,22,C ,295,V ,2.06,0,0,NA ,1,5.6,4.1,10/23/24,,h= 7.2 
F ,22,D ,209,,,,,,,,,,,
F ,23,C ,SC_2_23 ,P ,4.85,0,8,5.9,1,,,9/3/24,9/10/24,8/20 tape 
F ,23,D ,473,,,,,,,,,,,6/25/24 wilted 
F ,24,C ,274,,,,,,,,,,,
F ,24,D ,1297,,,,,,,,,,,
F ,25,C ,746,,,,,,,,,,,
F ,25,D ,991,,,,,,,,,,,
F ,26,C ,122,,,,,,,,,,,
F ,26,D ,346,,,,,,,,,,,
F ,27,C ,1405,,,,,,,,,,,Possible herbivory on stem at planting / no leaves 
F ,27,D ,908,,,,,,,,,,,7/2 base of Stem dying 
F ,38,D ,709,,,,,,,,,,,
F ,39,C ,571,,,,,,,,,,,
F ,39,D ,179,,,,,,,,,,,
F ,40,C ,65,,,,,,,,,,,6/25/24 wilting 
F ,40,D ,554,,,,,,,,,,,6/25/24 wilting 
F ,41,C ,329,,,,,,,,,,,6/25/24 wilted 
F ,41,D ,314,V ,2.4,0,0,NA ,1,5.9,5.1,10/23/24,,h=8.4 
F ,42,C ,147,,,,,,,,,,,6/25/24 wilted 
F ,42,D ,927,,,,,,,,,,,6/25/24 wilted 
F,43,C ,CC_9_11 ,P,1.87,0,1,2.5,1,,,8/20/24,,8/20 tape 
F,43,D ,652,,,,,,,,,,,6/25/24 wilted / 7/2 base of stem dying 
F ,44,C ,IH_4_11 ,V ,1.89,0,0,NA ,1,4.1,4.1,10/23/24,,h= 19.1 
F ,44,D ,NA ,,,,,,,,,,,
F ,45,C ,717,,,,,,,,,,,
F ,45,D ,buffer ,,,,,,,,,,,
F ,46,C ,66,,,,,,,,,,,6/18/24 roots exposed / reburied 
F ,46,D ,1460,,,,,,,,,,,6/18/24 stem exposed / reburied 
F ,47,C ,buffer ,,,,,,,,,,,
F ,47,D ,buffer ,,,,,,,,,,,
G ,1,A ,buffer ,,,,,,,,,,,
G ,1,B ,buffer ,,,,,,,,,,,
G ,2,A ,buffer ,,,,,,,,,,,
G ,2,B ,buffer ,,,,,,,,,,,
G ,3,A ,buffer ,,,,,,,,,,,
G ,3,B ,buffer ,,,,,,,,,,,
G ,4,A ,1238,,,,,,,,,,,
G ,4,B ,456,,,,,,,,,,,
G ,5,A ,1392,,,,,,,,,,,7/2 wilting 
G ,5,B ,IH_4_12 ,,,,,,,,,,,no leaves 
G ,6,A ,82,,,,,,,,,,,6/25/24 wilted 
G ,6,B ,14,,,,,,,,,,,6/25/24 wilted 
G ,7,A ,537,,,,,,,,,,,herbivory 
G ,7,B ,933,,,,,,,,,,,
G ,8,A ,YO7_6_15 ,P ,1.69,0,15,2.2,2,9.6,9.5,8/13/24,8/13/24,7/16 remaining flowers are dry 8/13 dehiscing lost some seed/5 fruit still ripening/8 partially dihisced fruit collected 
G ,8,B ,499,,,,,,,,,,,6/25/24 wilted 
G ,9,A ,163,,,,,,,,,,,
G ,9,B ,305,,,,,,,,,,,6/25/24 wilted 
G ,10,A ,387,,,,,,,,,,,6/25/24 wilted 
G ,10,B ,153,,,,,,,,,,,6/25/24 wilted 
G ,11,A ,249,,,,,,,,,,,7/2 roots exposed reburned 
G ,11,B ,747,,,,,,,,,,,7/9/24 wilted 
G ,12,A ,892,,,,,,,,,,,6/25/24 wilted 
G ,12,B ,731,,,,,,,,,,,7/2 wilting 
G ,13,A ,606,,,,,,,,,,,6/18/24 very wilted/roots exposed 
G ,13,B ,1501,,,,,,,,,,,6/18/24 roots exposed 6/25/24 wilted 
G ,14,A ,365,,,,,,,,,,,
G ,14,B ,461,,,,,,,,,,,
G ,15,A ,275,,,,,,,,,,,
G ,15,B ,997,,,,,,,,,,,6/25/24 wilted 
G ,16,A ,1445,,,,,,,,,,,
G ,16,B ,134,,,,,,,,,,,
G ,17,A ,NA ,,,,,,,,,,,
G ,17,B ,NA ,,,,,,,,,,,
G ,18,A ,475,,,,,,,,,,,7/9/24 wilted 
G ,18,B ,833,,,,,,,,,,,6/18/24 very wilted 
G ,19,A ,802,,,,,,,,,,,6/25/24 wilted 
G ,19,B ,1265,,,,,,,,,,,
G ,20,A ,169,,,,,,,,,,,6/18/24 very wilted 
G ,20,B ,460,,,,,,,,,,,
G ,21,A ,1239,,,,,,,,,,,Dead at planting 
G ,21,B ,710,,,,,,,,,,,6/18/24 wilted 
G ,22,A ,1418,,,,,,,,,,,
G ,22,B ,1456,,,,,,,,,,,
G ,23,A ,994,,,,,,,,,,,
G ,23,B ,550,,,,,,,,,,,
G ,24,A ,1277,,,,,,,,,,,6/18/24 wilted 
G ,24,B ,502,,,,,,,,,,,Stem partially broken at planting 
G ,25,A ,1115,,,,,,,,,,,
G ,25,B ,512,,,,,,,,,,,Stem partially broken at planting 
G ,26,A ,561,,,,,,,,,,,6/25/24 wilted 
G ,26,B ,276,,,,,,,,,,,6/18/24 wilted 
G ,27,A ,388,,,,,,,,,,,
G ,27,B ,748,,,,,,,,,,,6/18/24 wilted 
G ,28,A ,152,,,,,,,,,,,
G ,28,B ,440,,,,,,,,,,,6/18/24 wilted 
G ,29,A ,1393,,,,,,,,,,,
G ,29,B ,732,,,,,,,,,,,6/25/24 wilted 
G ,30,A ,195,V ,0.99,0,0,NA ,1,1.6,1.4,10/23/24,,h= 4.2
G ,30,B ,NA ,,,,,,,,,,,
G ,31,A ,BH_7_13 ,,,,,,,,,,,7/16 dry damaged flowers 
G ,31,B ,NA ,,,,,,,,,,,
G ,32,A ,1254,,,,,,,,,,,
G ,32,B ,43,,,,,,,,,,,6/25/24 wilted 
G ,33,A ,556,,,,,,,,,,,exposed roots 
G ,33,B ,84,,,,,,,,,,,6/25/24 wilted 
G ,34,A ,143,,,,,,,,,,,very wilted 
G ,34,B ,68,,,,,,,,,,,6/25/24 wilted 
G ,35,A ,1057,,,,,,,,,,,Broken stem at planting 
G ,35,B ,880,,,,,,,,,,,
G ,36,A ,450,,,,,,,,,,,
G ,36,B ,1410,,,,,,,,,,,7/2 wilting 
G ,37,A ,YO7_7_9 ,P ,1.32,0,0,NA ,2,4.5,2.4,8/20/24,NA ,10/9 all fruits failed 7/16 dry flowers very tiny 
G ,37,B ,836,,,,,,,,,,,6/25/24 wilted 
G ,38,A ,111,,,,,,,,,,,
G ,38,B ,1330,V ,1.41,0,0,NA ,1,3.6,2.4,10/23/24,,h=5.4 
G ,39,A ,TM2_7_17 ,,,,,,,,,,,TM2 fruiting from 2023 
G ,39,B ,171,,,,,,,,,,,
G ,40,A ,TM2_3_7 ,,,,,,,,,,,TM2 fruiting from 2023 
G ,40,B ,476,,,,,,,,,,,6/18/24 bent stem 
G ,41,A ,1017,,,,,,,,,,,Very small and dying at planting 
G ,41,B ,706,V ,1.6,0,0,NA ,1,3.5,2.1,10/23/24,,h=5.6 
G ,42,A ,841,,,,,,,,,,,Very wilted 
G ,42,B ,1464,V ,0.95,0,0,NA ,1,2.9,2.2,10/23/24,,h= 3.7 
G ,43,A ,IH_6_13 ,P ,2.36,0,1,4.9,1,,,8/27/24,9/17/24,
G ,43,B ,534,,,,,,,,,,,6/25/24 wilted 
G ,44,A ,buffer ,,,,,,,,,,,
G ,44,B ,buffer ,,,,,,,,,,,
G ,45,A ,buffer ,,,,,,,,,,,
G ,45,B ,buffer ,,,,,,,,,,,
G ,1,C ,buffer ,,,,,,,,,,,
G ,1,D ,buffer ,,,,,,,,,,,
G ,2,C ,buffer ,,,,,,,,,,,
G ,2,D ,buffer ,,,,,,,,,,,
G ,3,C ,buffer ,,,,,,,,,,,
G ,3,D ,buffer ,,,,,,,,,,,
G ,4,C ,721,,,,,,,,,,,6/25/24 wilted 
G ,4,D ,1100,V ,1.69,0,0,NA ,1,4.7,3.4,10/23/24,,h= 7.8 
G ,5,C ,570,,,,,,,,,,,7/2 wilting 
G ,5,D ,YO7_5_7 ,P ,1.85,0,5,3.3,2,,,7/30/24,8/13/24,assume yellow pick from 7/9 
G ,6,C ,1180,,,,,,,,,,,
G ,6,D ,IH_2_12 ,P ,1.2,0,7,9.2,1,8.6,4.2,9/3/24,10/9/24,"10/9 harvested 5 fruit, 2 left 8/20 tape"
G ,7,C ,516,,,,,,,,,,,Stem partially broken at planting 
G ,7,D ,BH_4_12 ,P ,3.31,0,18,7.2,1,11.4,11.1,8/13/24,8/27/24,8/20 tape 
G ,8,C ,1116,,,,,,,,,,,6/25/24 wilted 
G ,8,D ,530,V ,1.69,0,0,NA ,1,4.1,3.5,10/23/24,,h= 9.6 
G ,9,C ,474,,,,,,,,,,,
G ,9,D ,555,V ,2.51,0,0,NA ,1,5.1,4.3,10/23/24,,h= 9.6 
G ,10,C ,1039,,,,,,,,,,,7/2 wilting 
G ,10,D ,210,V ,1.6,0,0,NA ,1,4.6,4.1,10/23/24,,6/18 exposed Stem h=11.2 
G ,11,C ,970,,,,,,,,,,,
G ,11,D ,33,,,,,,,,,,,
G ,12,C ,194,,,,,,,,,,,
G ,12,D ,CC_5_12 ,,,,,,,,,,,
G ,13,C ,184,,,,,,,,,,,
G ,13,D ,259,,,,,,,,,,,6/25/24 wilted 
G ,14,C ,109,,,,,,,,,,,
G ,14,D ,120,,,,,,,,,,,Dead at planting 
G ,15,C ,1166,,,,,,,,,,,
G ,15,D ,644,,,,,,,,,,,6/18/24 very wilted 
G ,16,C ,NA ,,,,,,,,,,,
G ,16,D ,NA ,,,,,,,,,,,
G ,17,C ,1152,,,,,,,,,,,6/25/24 wilted 7/2 wilted 
G ,17,D ,83,,,,,,,,,,,6/25/24 wilted 
G ,18,C ,1361,,,,,,,,,,,6/25/24 wilted 
G ,18,D ,533,,,,,,,,,,,
G ,19,C ,765,,,,,,,,,,,
G ,19,D ,67,,,,,,,,,,,
G ,20,C ,121,,,,,,,,,,,7/2 wilted 
G ,20,D ,891,,,,,,,,,,,6/25/24 wilted 7/2 wilted 
G ,21,C ,193,,,,,,,,,,,
G ,21,D ,926,,,,,,,,,,,6/18/24 wilted 
G ,22,C ,1181,,,,,,,,,,,6/25/24 wilted 
G ,24,C ,1343,,,,,,,,,,,6/18/24 wilted 7/2 wilted 
G ,24,D ,260,,,,,,,,,,,
G ,25,C ,110,,,,,,,,,,,Dead at planting 
G ,25,D ,719,,,,,,,,,,,
G ,26,C ,1195,,,,,,,,,,,
G ,26,D ,132,,,,,,,,,,,6/18/24 wilted 
G ,27,C ,YO7_6_9 ,P ,1.67,0,8,1.5,2,15.1,9.8,8/13/24,8/6/24,8/6 Dehiscing but still has buds/collected 3 fruit that started to dehisce 8/20 tape 
G ,27,D ,313,,,,,,,,,,,
G ,28,C ,1111,,,,,,,,,,,
G ,28,D ,15,,,,,,,,,,,6/18/24 very wilted 
G ,29,C ,1041,,,,,,,,,,,6/25/24 wilting 
G ,29,D ,219,,,,,,,,,,,
G ,30,C ,NA ,,,,,,,,,,,
G ,30,D ,NA ,,,,,,,,,,,
G ,31,C ,TM2_7_5 ,,,,,,,,,,,TM2 fruiting from 2023 
G ,31,D ,1174,,,,,,,,,,,7/2 wilting 
G ,32,C ,901,,,,,,,,,,,
G ,32,D ,WL2_7_6 ,F ,0.15,1,3,1.5,1,,,8/27/24,NA ,10/4 plant dead fruits failed 7/16 flowers small/ crispy 
G ,33,C ,1090,,,,,,,,,,,
G ,33,D ,277,,,,,,,,,,,
G ,34,C ,238,V ,1.93,0,,NA ,1,6.4,2.7,10/23/24,,h=5.4 
G ,34,D ,196,,,,,,,,,,,
G ,35,C ,1394,V ,1.35,0,0,NA ,1,4,1.6,10/23/24,,h= 3.4 
G ,35,D ,300,,,,,,,,,,,
G ,36,C ,1240,V ,0.97,0,0,NA ,1,2.5,1.1,10/23/24,,h= 3.3 
G ,36,D ,733,V ,1.2,0,0,NA ,1,3.7,2.4,10/23/24,,h= 6.0 
G ,37,C ,1122,,,,,,,,,,,
G ,37,D ,261,V ,1.06,0,0,NA ,1,4,3.3,10/23/24,,h= 4.5 
G ,38,C ,123,,,,,,,,,,,
G ,38,D ,1447,V ,1.06,0,0,NA ,1,4.1,3.6,10/23/24,,h=6.2 
G ,39,C ,433,,,,,,,,,,,7/2 wilting 
G ,39,D ,389,,,,,,,,,,,
G ,40,C ,BH _2_13 ,P ,1.96,0,6,5.9,1,8.6,6.5,8/13/24,8/27/24,8/20 tape 
G ,40,D ,541,,,,,,,,,,,
G ,41,C ,938,,,,,,,,,,,6/25/24 wilting 
G ,41,D ,1197,,,,,,,,,,,6/25/24 wilting 7/2 wilting 
G ,42,C ,SC_2_27 ,,,,,,,,,,,6/18 Short Stem 
G ,42,D ,NA ,,,,,,,,,,,
G ,43,C ,514,,,,,,,,,,,6/25/24 no leaves 
G ,43,D ,19,,,,,,,,,,,
G ,44,C ,buffer ,,,,,,,,,,,
G ,44,D ,339,,,,,,,,,,,
G ,45,C ,buffer ,,,,,,,,,,,
G ,45,D ,buffer ,,,,,,,,,,,
H ,1,A ,buffer ,,,,,,,,,,,
H ,1,B ,buffer ,,,,,,,,,,,
H ,2,A ,buffer ,,,,,,,,,,,
H ,2,B ,buffer ,,,,,,,,,,,
H ,3,A ,buffer ,,,,,,,,,,,
H ,3,B ,buffer ,,,,,,,,,,,
H ,4,A ,1500,,,,,,,,,,,6/18/24 wilting 
H ,4,B ,16,,,,,,,,,,,6/18/24 wilting 
H ,5,A ,SC_4_1 ,,,,,,,,,,,
H ,5,B ,28,,,,,,,,,,,
H ,6,A ,497,,,,,,,,,,,Broken stem at planting 
H ,6,B ,SC_2_26 ,,,,,,,,,,,
H ,7,A ,723,,,,,,,,,,,
H ,8,A ,155,,,,,,,,,,,
H ,8,B ,362,,,,,,,,,,,
H ,9,B ,NA ,,,,,,,,,,,
H ,10,B ,523,,,,,,,,,,,
H ,11,B ,IH_2_1 ,X ,2.36,0,0,NA ,1,13.1,1.1,10/23/24,,height: 14.4 
H ,12,B ,SC_2_1 ,,,,,,,,,,,6/18/24 Missing 
H ,13,A ,TM2_2_6 ,,,,,,,,,,,
H ,13,B ,166,,,,,,,,,,,
H ,15,B ,1263,,,,,,,,,,,
H ,17,A ,557,,,,,,,,,,,6/18 Wilting 
H ,17,B ,327,,,,,,,,,,,
H ,18,A ,1132,,,,,,,,,,,
H ,18,B ,406,,,,,,,,,,,
H ,19,A ,1149,,,,,,,,,,,
H ,19,B ,1317,,,,,,,,,,,
H ,20,A ,501,,,,,,,,,,,
H ,20,B ,342,,,,,,,,,,,
H ,21,A ,343,,,,,,,,,,,
H ,21,B ,TM2_1_12 ,,,,,,,,,,,TM2 fruiting from 2023 
H ,22,A ,536,,,,,,,,,,,
H ,22,B ,234,,,,,,,,,,,
H ,23,A ,360,,,,,,,,,,,
H ,23,B ,734,V ,2.61,0,0,NA ,1,4.8,4.1,10/23/24,,height: 8.7 
H ,24,A ,1076,,,,,,,,,,,
H ,24,B ,24,,,,,,,,,,,
H ,25,A ,1323,,,,,,,,,,,
H ,25,B ,SC_4_14 ,,,,,,,,,,,
H ,26,A ,1020,,,,,,,,,,,
H ,26,B ,278,,,,,,,,,,,
H ,27,A ,TM2_6_10 ,,,,,,,,,,,TM2 fruiting from 2023 
H ,27,B ,966,,,,,,,,,,,
H ,28,A ,935,,,,,,,,,,,
H ,28,B ,477,,,,,,,,,,,6/18 Broken Stem 
H ,29,A ,506,,,,,,,,,,,
H ,29,B ,NA ,,,,,,,,,,,
H ,30,A ,NA ,,,,,,,,,,,
H ,30,B ,587,,,,,,,,,,,
H ,31,A ,YO7_4_11 ,P ,1.87,1,7,4.3,1,9,8.5,8/20/24,10/9/24 10/2/24 8/6/24 8/13/24 ,7/16 small crispy flowers shotage 8/6 Dihiscing still has flowers/collected 2 fruit that dehisced/2 fruit on plant that fully dehisced and were not harvested/when plant is censused add the fully dehisced fruit to total count 8/13 3 fruit harvested for a total of 5 harvested 8/20 tape/ 4 small fruit 10/2- harversted 3 small fruit (8 total) 2 small fruit remaining 10/9- harvested 2 small fruit (10 total) 1 small green fruit remaining 10/23- remaining fruit failed
H ,31,B ,1151,,,,,,,,,,,
H ,32,A ,70,,,,,,,,,,,
H ,32,B ,493,,,,,,,,,,,
H ,33,A ,buffer ,,,,,,,,,,,
H ,33,B ,buffer ,,,,,,,,,,,
H ,34,A ,WL2_2_7 ,,,,,,,,,,,mistakenly coded as NA before 7/23 
H ,34,B ,buffer ,,,,,,,,,,,
H ,1,C ,buffer ,,,,,,,,,,,
H ,1,D ,buffer ,,,,,,,,,,,
H ,2,C ,buffer ,,,,,,,,,,,
H ,2,D ,buffer ,,,,,,,,,,,
H ,3,C ,YO7_7_15 ,P ,1.71,1,12,4.1,1,16.2,12.6,7/23/24,8/13/24,7/16 small crispy flowers 8/13 dehiscing/8 fruit harvested 4 fruit still maturing on plant 8/26 updated total fruit count to 12 based on notes 
H ,3,D ,buffer ,,,,,,,,,,,
H ,4,D ,1303,,,,,,,,,,,
H ,5,D ,749,,,,,,,,,,,
H ,6,C ,177,,,,,,,,,,,
H ,6,D ,1340,,,,,,,,,,,
H ,7,D ,1040,,,,,,,,,,,
H ,8,C ,NA ,,,,,,,,,,,
H ,8,D ,NA ,,,,,,,,,,,
H ,9,C ,NA ,,,,,,,,,,,
H ,9,D ,197,,,,,,,,,,,
H ,10,C ,1225,,,,,,,,,,,
H ,10,D ,766,,,,,,,,,,,Dead at planting 
H ,11,C ,IH_4_1 ,,,,,,,,,,,
H ,12,C ,YO7_4_1 ,P ,0.69,0,12,2.5,5,9.5,4.5,8/20/24,8/27/24,8/20 tape 
H ,13,C ,96,,,,,,,,,,,
H ,14,D ,463,,,,,,,,,,,
H ,15,C ,1246,,,,,,,,,,,
H ,15,D ,716,,,,,,,,,,,
H ,16,D ,1278,,,,,,,,,,,Wilting 
H ,17,D ,750,,,,,,,,,,,
H ,18,C ,69,,,,,,,,,,,
H ,18,D ,1099,,,,,,,,,,,
H ,19,C ,85,,,,,,,,,,,
H ,19,D ,611,,,,,,,,,,,7/9/24 wilted 
H ,20,C ,903,,,,,,,,,,,
H ,20,D ,1128,,,,,,,,,,,
H ,21,C ,567,,,,,,,,,,,
H ,21,D ,838,,,,,,,,,,,
H ,22,C ,893,,,,,,,,,,,
H ,22,D ,112,,,,,,,,,,,
H ,23,C ,320,,,,,,,,,,,
H ,23,D ,137,,,,,,,,,,,6/18/24 Wilting 
H ,24,C ,159,,,,,,,,,,,
H ,24,D ,SC 6 13 ,P ,2.15,0,3,3.2,1,8.4,2.2,8/27/24,10/2/24,
H ,25,C ,192,,,,,,,,,,,
H ,25,D ,292,,,,,,,,,,,
H ,26,C ,211,,,,,,,,,,,
H ,26,D ,1183,,,,,,,,,,,6/18/24 Wilting 
H ,27,C ,390,,,,,,,,,,,
H ,27,D ,1395,,,,,,,,,,,
H ,28,C ,262,,,,,,,,,,,
H ,28,D ,1337,,,,,,,,,,,Dead at planting 
H ,29,C ,NA ,,,,,,,,,,,
H ,29,D ,NA ,,,,,,,,,,,
H ,30,C ,478,,,,,,,,,,,
H ,30,D ,263,X ,1.58,0,0,NA ,1,NA ,NA ,10/23/24,,10/16 buried under dirt height: 0.5 
H ,31,C ,IH_5_13 ,,,,,,,,,,,
H ,31,D ,156,,,,,,,,,,,6/18/24 Wilting 
H ,32,C ,773,,,,,,,,,,,
H ,32,D ,1168,,,,,,,,,,,
H ,33,C ,buffer ,,,,,,,,,,,
H ,33,D ,buffer ,,,,,,,,,,,
H ,34,C ,buffer ,,,,,,,,,,,
H ,34,D ,buffer ,,,,,,,,,,,
I ,1,A ,buffer ,,,,,,,,,,,
I ,1,B ,buffer ,,,,,,,,,,,
I ,2,A ,buffer ,,,,,,,,,,,
I ,2,B ,buffer ,,,,,,,,,,,
I ,3,B ,1000,,,,,,,,,,,
I ,4,A ,1226,,,,,,,,,,,
I ,4,B ,898,,,,,,,,,,,
I ,5,A ,1341,,,,,,,,,,,
I ,5,B ,797,,,,,,,,,,,
I ,6,A ,751,,,,,,,,,,,
I ,6,B ,86,,,,,,,,,,,
I ,7,A ,544,,,,,,,,,,,
I ,7,B ,1125,,,,,,,,,,,6/18/24 wilting 
I ,8,A ,191,,,,,,,,,,,
I ,8,B ,508,,,,,,,,,,,
I ,9,A ,1454,,,,,,,,,,,
I ,9,B ,391,V ,1.91,0,0,NA ,1,4.4,1.4,10/23/24,,height: 6.5 
I ,10,A ,1272,V ,1.53,0,0,NA ,1,1.5,1.3,10/23/24,,height: 3.0 
I ,10,B ,124,,,,,,,,,,,
I ,11,A ,1250,V ,1.8,0,0,NA ,1,2.5,1.5,10/23/24,,height: 6.4
I ,11,B ,1184,,,,,,,,,,,
I ,12,A ,IH_1_1 ,,,,,,,,,,,
I ,12,B ,307,,,,,,,,,,,
I ,13,A ,524,,,,,,,,,,,
I ,13,B ,863,,,,,,,,,,,
I ,14,A ,954,,,,,,,,,,,
I ,14,B ,686,,,,,,,,,,,7/9 wilted 
I ,15,A ,NA ,,,,,,,,,,,
I ,15,B ,NA ,,,,,,,,,,,
I ,16,A ,NA ,,,,,,,,,,,
I ,16,B ,BH_2_1 ,,,,,,,,,,,
I ,17,A ,NA ,,,,,,,,,,,
I ,17,B ,NA ,,,,,,,,,,,
I ,18,A ,BH_1_1 ,V ,2.15,0,0,NA ,1,2.6,2.1,10/23/24,,height: 10.8 
I ,18,B ,NA ,,,,,,,,,,,
I ,19,A ,NA ,,,,,,,,,,,
I ,19,B ,NA ,,,,,,,,,,,
I ,20,A ,NA ,,,,,,,,,,,
I ,20,B ,NA ,,,,,,,,,,,
I ,21,A ,NA ,,,,,,,,,,,
I ,21,B ,NA ,,,,,,,,,,,
I ,22,A ,NA ,,,,,,,,,,,
I ,22,B ,NA ,,,,,,,,,,,
I ,23,A ,buffer ,,,,,,,,,,,
I ,23,B ,buffer ,,,,,,,,,,,
I ,24,A ,buffer ,,,,,,,,,,,
I ,24,B ,buffer ,,,,,,,,,,,
I ,1,C ,buffer ,,,,,,,,,,,
I ,1,D ,buffer ,,,,,,,,,,,
I ,2,C ,buffer ,,,,,,,,,,,
I ,2,D ,buffer ,,,,,,,,,,,
I ,3,C ,279,,,,,,,,,,,7/9 wilted 
I ,3,D ,BH_4_1 ,,,,,,,,,,,
I ,4,D ,164,,,,,,,,,,,
I ,5,C ,370,,,,,,,,,,,
I ,6,C ,97,,,,,,,,,,,
I ,6,D ,335,,,,,,,,,,,6/18/24 wilting 
I ,7,C ,735,,,,,,,,,,,
I ,7,D ,198,,,,,,,,,,,
I ,8,C ,405,,,,,,,,,,,
I ,8,D ,139,,,,,,,,,,,
I ,9,C ,551,,,,,,,,,,,
I ,9,D ,1396,,,,,,,,,,,7/16 wilting 
I ,10,C ,1210,,,,,,,,,,,
I ,10,D ,443,V ,1.99,0,0,NA ,1,2,1.1,10/23/24,,height: 8.5 
I ,11,C ,1318,,,,,,,,,,,
I ,11,D ,294,,,,,,,,,,,
I ,12,C ,459,,,,,,,,,,,
I ,12,D ,708,,,,,,,,,,,
I ,13,C ,1288,,,,,,,,,,,
I ,13,D ,1035,,,,,,,,,,,6/25/24 no leaves 
I ,14,C ,NA ,,,,,,,,,,,
I ,14,D ,NA ,,,,,,,,,,,
I ,15,C ,NA ,,,,,,,,,,,
I ,15,D ,NA ,,,,,,,,,,,
I ,16,C ,NA ,,,,,,,,,,,
I ,16,D ,NA ,,,,,,,,,,,
I ,17,C ,NA ,,,,,,,,,,,
I ,17,D ,NA ,,,,,,,,,,,
I ,18,C ,NA ,,,,,,,,,,,
I ,18,D ,NA ,,,,,,,,,,,
I ,19,C ,NA ,,,,,,,,,,,
I ,19,D ,NA ,,,,,,,,,,,
I ,20,C ,NA ,,,,,,,,,,,
I ,20,D ,NA ,,,,,,,,,,,
I ,21,C ,NA ,,,,,,,,,,,
I ,21,D ,NA ,,,,,,,,,,,
I ,22,C ,NA ,,,,,,,,,,,
I ,22,D ,NA ,,,,,,,,,,,
I ,23,C ,buffer ,,,,,,,,,,,
I ,23,D ,buffer ,,,,,,,,,,,
I ,24,C ,buffer ,,,,,,,,,,,
I ,24,D ,buffer ,,,,,,,,,,,
J ,4,A ,YO7_3_8 ,P ,1.06,0,6,1.6,2,,,7/30/24,8/6/24,missed the flowering and last FI dates 8/6 dehiscing 
J ,5,A ,TM2_2_11 ,,,,,,,,,,,TM2 fruiting from 2023 
J ,8,A ,BH_5_2 ,,,,,,,,,,,
J ,10,A ,BH_4_2 ,V ,1.85,0,0,NA ,1,2,1.4,10/23/24,,h= 5.8
J ,15,A ,YO7_7_11 ,V ,0.89,0,0,NA ,1,0.9,0.7,10/23/24,,h= 2.6 
J ,17,B ,TM2_5_12 ,,,,,,,,,,,TM2 fruiting from 2023 
J ,18,B ,SC_8_2 ,,,,,,,,,,,
J ,4,D ,TM2_7_7 ,,,,,,,,,,,TM2 fruiting from 2023 
J ,11,D ,IH_5_2 ,P ,1.79,0,3,5.4,1,,,9/3/24,9/3/24,
J ,13,C ,BH_6_2 ,V ,1.57,0,0,NA ,1,2.1,1.8,10/23/24,,h= 6.5 
J ,17,D ,LV1_8_1 ,,,,,,,,,,,6/18/24 turgid stem/no leaves 
K ,2,B ,IH_4_14 ,,,,,,,,,,,
K ,4,B ,IH_6_2 ,,,,,,,,,,,
K ,10,A ,YO7_1_2 ,P ,1.84,0,15,4.4,1,,,7/30/24,8/13/24,7/16 remaining flowers dry 
K ,13,A ,CC_1_2 ,P ,3.09,0,9,4.8,1,,,9/3/24,10/9/24 9/17/24 ,"how many fruit previously harvested? 10/9- still had yellow flag so harvested 2 fruits, 1 green fruit remaining "
K ,2,C ,YO7_5_13 ,P ,1.22,0,6,4.5,1,,,7/30/24,8/13/24,
K ,7,C ,SC_6_2 ,,,,,,,,,,,
K ,8,C ,IH_1_2 ,,,,,,,,,,,6/18/24 no tag 
K ,12,D ,TM2_6_12 ,,,,,,,,,,,TM2 fruiting from 2023 